0,0,4b7tVKDK9WanXjyybE13P0eBpFA=,uDU0673ZrRWcadgW7GAUUfg0auA=
0,1,4b7tVKDK9WanXjyybE13P0eBpFA=,4/y5vvBePeM97vDBQm0GbEyLgWo=
0,2,4b7tVKDK9WanXjyybE13P0eBpFA=,BOxh8nYfVOCTvBGAmiPiFEGxizc=
0,3,4b7tVKDK9WanXjyybE13P0eBpFA=,m+By9fjg0AUZG+qUUzr5elms/qM=
0,4,4b7tVKDK9WanXjyybE13P0eBpFA=,lz1Gq1lVP4QwkMejB9V/6GyBST0=
0,5,4b7tVKDK9WanXjyybE13P0eBpFA=,jw+4QoFT4K8T4QuvyyA2wiVqGPo=
0,6,4b7tVKDK9WanXjyybE13P0eBpFA=,jIuHiEMQjmxiNpHFQPndJz/nQnE=
0,7,4b7tVKDK9WanXjyybE13P0eBpFA=,b9C7JOJP7qDh42VNt3wg6Ngl+xc=
0,8,4b7tVKDK9WanXjyybE13P0eBpFA=,UX3NrY5aLClCF7ju/de5CYHQcn8=
0,9,4b7tVKDK9WanXjyybE13P0eBpFA=,cz705s8o+n+mqpwKLR+ZSohRf2o=
0,10,4b7tVKDK9WanXjyybE13P0eBpFA=,NqNMLGyQIOf1ktNbCDeKAq72LYA=
0,11,4b7tVKDK9WanXjyybE13P0eBpFA=,7p0cK9dU79O2ZSBaI+rjBmzBB1A=
0,12,4b7tVKDK9WanXjyybE13P0eBpFA=,OGLfIek/EmRrXQC29aJgioSbxHY=
0,13,4b7tVKDK9WanXjyybE13P0eBpFA=,jMDiLDnDKMkV2cPza54m/pSk3pc=
0,14,4b7tVKDK9WanXjyybE13P0eBpFA=,cQ5mi60Wo/kbD48gSplTCaTmJvI=
0,15,4b7tVKDK9WanXjyybE13P0eBpFA=,bxrTtk6MnAtcSeAbCogcwkI6dKE=
0,16,4b7tVKDK9WanXjyybE13P0eBpFA=,RHfFBbm7dANKstJBKhjHKA0+djs=
0,17,4b7tVKDK9WanXjyybE13P0eBpFA=,RHfFBbm7dANKstJBKhjHKA0+djs=
1,1,4b7tVKDK9WanXjyybE13P0eBpFA=,iR9XAxeEDyCt4cVZUZrRwzq1pV0=
1,0,4b7tVKDK9WanXjyybE13P0eBpFA=,74qPMfYwjj/qLovgGt4lvID6MYs=
1,3,4b7tVKDK9WanXjyybE13P0eBpFA=,L6GmIkAUO83nJ9xWUdT5pyvEuGc=
1,2,4b7tVKDK9WanXjyybE13P0eBpFA=,m65e4BUrf1iQggrlr1oTYy6neSU=
1,5,4b7tVKDK9WanXjyybE13P0eBpFA=,Uumt4zdCqVxfy5cHtLx1NOMu2DA=
1,4,4b7tVKDK9WanXjyybE13P0eBpFA=,lr5vNzqCyMmu9ruEr4ypNRfftW0=
1,7,4b7tVKDK9WanXjyybE13P0eBpFA=,jKBqfp1QUEfWYgc1AuIpzDBy54A=
1,6,4b7tVKDK9WanXjyybE13P0eBpFA=,cpA5TAIHZijPMDUi0y97kN+KUQw=
1,9,4b7tVKDK9WanXjyybE13P0eBpFA=,rLJ2Z999jyxYPJ2O1HjHSVaCbrg=
1,8,1CgotbXr+7qh05djNgtpOf7baHM=,EHzFPJvb+8T7NXmnTpegD6ylxVM=
1,11,1CgotbXr+7qh05djNgtpOf7baHM=,UItrVMIjGt6IWZBuq4mxsewsuyg=
1,10,1CgotbXr+7qh05djNgtpOf7baHM=,+vLNr208jKTh65PmiH0vTwRkvFo=
1,13,1CgotbXr+7qh05djNgtpOf7baHM=,8tAHopZzX2/UURgf2xW/ty1liNQ=
1,12,1CgotbXr+7qh05djNgtpOf7baHM=,oO0rUnIWtnza3FzDbRYSX5xp6lY=
1,15,1CgotbXr+7qh05djNgtpOf7baHM=,ZS9F4ymY5oEwcp8zaAr9q2KwzkU=
1,14,1CgotbXr+7qh05djNgtpOf7baHM=,88a91rJ1bPzLFhsWrXw/m5YBWPI=
1,17,1CgotbXr+7qh05djNgtpOf7baHM=,jgBPO/Xoo0ydv8wEGu5ygud3kLo=
1,16,1CgotbXr+7qh05djNgtpOf7baHM=,2LdcW9WQE2c0sI0Pi/zGmoCNw70=
2,2,1CgotbXr+7qh05djNgtpOf7baHM=,Sfr3abElQ1Fbq86Qh1tKPhk3AjM=
2,3,1CgotbXr+7qh05djNgtpOf7baHM=,JwT6YmMIBJWzyvAD29WK9b3q8X8=
2,0,1CgotbXr+7qh05djNgtpOf7baHM=,pLYhlfNC/QBDtxn9FHtXZkHfNM0=
2,1,1CgotbXr+7qh05djNgtpOf7baHM=,YdndnJC8ywCG0LAxpbxlEdBqriY=
2,6,1CgotbXr+7qh05djNgtpOf7baHM=,X1o5f1OEkETYv0ESp6vz/Y5uJUM=
2,7,1CgotbXr+7qh05djNgtpOf7baHM=,TfWkPN/vKg8flJpushEcD7v8mlo=
2,4,1CgotbXr+7qh05djNgtpOf7baHM=,0/zIU8ZUunQa7tdEwvRcRPTS4Sw=
2,5,1CgotbXr+7qh05djNgtpOf7baHM=,fBo0LIDOWnhxdtXyb8bFWEMyWP4=
2,10,1CgotbXr+7qh05djNgtpOf7baHM=,vmEPppbEDjgeIq+Fnh/L4Wi3j1Q=
2,11,JtFp5o4rIdLuAN5S3VRO33QGvFU=,99xa22SSEwPq/lBFzAQ6OJtIcv0=
2,8,JtFp5o4rIdLuAN5S3VRO33QGvFU=,NJ6f/k6HlZshnWaungGURMjy6qY=
2,9,JtFp5o4rIdLuAN5S3VRO33QGvFU=,G+0RoIzo4v9Z0ndusM998G/xKsg=
2,14,JtFp5o4rIdLuAN5S3VRO33QGvFU=,MJQIgd4anAvXEygxjujxQ3n4szU=
2,15,JtFp5o4rIdLuAN5S3VRO33QGvFU=,bfXKjRJE1VrMkl9FF659ATgLYxI=
2,12,JtFp5o4rIdLuAN5S3VRO33QGvFU=,JJ9N1ZCLi29mi1M/NIVN8otKbEY=
2,13,JtFp5o4rIdLuAN5S3VRO33QGvFU=,yLVxq6LSEZ15vpTff82Nwj7aY2Q=
2,16,JtFp5o4rIdLuAN5S3VRO33QGvFU=,T0bjVGMElgpl3XUGVCDcljLi3dg=
2,17,JtFp5o4rIdLuAN5S3VRO33QGvFU=,Y2sevrjSdZFOJgjTYotF4H82mC4=
3,3,JtFp5o4rIdLuAN5S3VRO33QGvFU=,F9tNZZ/tagMtNrWYDUeZVtgPdTk=
3,2,JtFp5o4rIdLuAN5S3VRO33QGvFU=,WLgrgcy4P4c8ZcrqtuNL+djQd6Y=
3,1,JtFp5o4rIdLuAN5S3VRO33QGvFU=,kqxpDKuMsV/YoavExlAiOFSERMk=
3,0,JtFp5o4rIdLuAN5S3VRO33QGvFU=,ne47m4sEdzhfCG5+Qe9FyvXUBsw=
3,7,JtFp5o4rIdLuAN5S3VRO33QGvFU=,mx542/bilgcSg9iLoRW3wNrArVg=
3,6,JtFp5o4rIdLuAN5S3VRO33QGvFU=,AUxpLAbxo2GVXGD9Ffc0SavvITc=
3,5,JtFp5o4rIdLuAN5S3VRO33QGvFU=,GGbbyUN0TRkV1Jvz+7phBm8ESSA=
3,4,7xD5igb9WkvnflAM4GRgzSDQCyo=,17mxrHSEaAzvxX5SJTDnVPob53w=
3,11,7xD5igb9WkvnflAM4GRgzSDQCyo=,jDzNXkbOoqhy87cJQ1Rt+5t89K4=
3,10,7xD5igb9WkvnflAM4GRgzSDQCyo=,eyg7mXbWK/+brRyW1p20HDIbEbc=
3,9,7xD5igb9WkvnflAM4GRgzSDQCyo=,QAlzpzKrRJLn4B/PnhoP03z489s=
3,8,7xD5igb9WkvnflAM4GRgzSDQCyo=,y8J8F/5iAl6DZmJM2grWOb6GbKM=
3,15,7xD5igb9WkvnflAM4GRgzSDQCyo=,zqn8B3CpUx51g4wWpuSwoPlQIog=
3,14,7xD5igb9WkvnflAM4GRgzSDQCyo=,WFKTSoRzU7uL0FU2X+Q8zL86Q4Y=
3,13,7xD5igb9WkvnflAM4GRgzSDQCyo=,XBgbHznKV8pSPxmd/+V3tlTpD4o=
3,12,7xD5igb9WkvnflAM4GRgzSDQCyo=,wkAy47iX9i/F3futsmw35BMCdSM=
3,17,7xD5igb9WkvnflAM4GRgzSDQCyo=,QqgPvxqwUvefqxrAE7MRYjPtiRM=
3,16,7xD5igb9WkvnflAM4GRgzSDQCyo=,9BaZAV4n2t8YM6xNCJ9H3GO8HRc=
4,4,7xD5igb9WkvnflAM4GRgzSDQCyo=,FyDcYIB4l7KIDQw0L9pIBlui+x0=
4,5,7xD5igb9WkvnflAM4GRgzSDQCyo=,rFUZnB/pS9oG+6dCnPNLSyiBqkw=
4,6,7xD5igb9WkvnflAM4GRgzSDQCyo=,zGxp3aWqGYEeLIWNAVfflcqHc40=
4,7,7xD5igb9WkvnflAM4GRgzSDQCyo=,JIVCijKRSYXVuGZX/Uu7yFyKZfk=
4,0,7xD5igb9WkvnflAM4GRgzSDQCyo=,5wINIXXGj2tBbQriLospyrHCyPQ=
4,1,7xD5igb9WkvnflAM4GRgzSDQCyo=,FFOM/XE4kmBjwdmNXEn0CoV+sWg=
4,2,7xD5igb9WkvnflAM4GRgzSDQCyo=,jV7pUmwIwCaiPo3n00angVKWLd8=
4,3,KoruJ1AUOqIze8ZsAkNeXwYaerA=,/gT4edeUp0Fk3j47j9dDVxgJC7o=
4,12,KoruJ1AUOqIze8ZsAkNeXwYaerA=,6echD+5FYwEa9Eo3X+dr+amoNnw=
4,13,KoruJ1AUOqIze8ZsAkNeXwYaerA=,Xw92EC3ISyhhi+DBq6JrJ26QEK4=
4,14,KoruJ1AUOqIze8ZsAkNeXwYaerA=,onbUTjb5TsqWBKH4OgO719m6rWg=
4,15,KoruJ1AUOqIze8ZsAkNeXwYaerA=,zqn8B3CpUx51g4wWpuSwoPlQIog=
4,8,KoruJ1AUOqIze8ZsAkNeXwYaerA=,BgQoOdvWdRB1aMeHCN8xpAl1/28=
4,9,KoruJ1AUOqIze8ZsAkNeXwYaerA=,zKgoJo9zZLRKLq7TrDsWGy852ms=
4,10,KoruJ1AUOqIze8ZsAkNeXwYaerA=,y8J8F/5iAl6DZmJM2grWOb6GbKM=
4,11,KoruJ1AUOqIze8ZsAkNeXwYaerA=,y8J8F/5iAl6DZmJM2grWOb6GbKM=
4,16,KoruJ1AUOqIze8ZsAkNeXwYaerA=,HuRWsupsd4nE+9ZeFX0rQonLj0A=
4,17,KoruJ1AUOqIze8ZsAkNeXwYaerA=,F2fpqbSutti9+nxS02OsW2xGk+8=
5,5,KoruJ1AUOqIze8ZsAkNeXwYaerA=,EEz/JiOSBorwojK1wblhUGelfKU=
5,4,KoruJ1AUOqIze8ZsAkNeXwYaerA=,dZIa2G7Z62WkiD9LZodN14WktC0=
5,7,KoruJ1AUOqIze8ZsAkNeXwYaerA=,kqnhBDcEP8SssxLJidmvq70/KEY=
5,6,KoruJ1AUOqIze8ZsAkNeXwYaerA=,vmZxsf89x9W/WYMMUndpMcB5xmM=
5,1,KoruJ1AUOqIze8ZsAkNeXwYaerA=,NgJy0m/ilytt/hY1ua9du4YJXcI=
5,0,KoruJ1AUOqIze8ZsAkNeXwYaerA=,Sj4wiqrJWo9tZGGr8X/zGEsVkQI=
5,3,KoruJ1AUOqIze8ZsAkNeXwYaerA=,lON35YEicW4xexFvnXoEWoHWdhc=
5,2,oaRjuVt/R2Y4srKauoH3kTyeU9w=,uV2crav2BEZOh8Th2x2cDOiZueA=
5,13,oaRjuVt/R2Y4srKauoH3kTyeU9w=,PQHNvrt6lSqgyMFsZzJR4F5ka6A=
5,12,oaRjuVt/R2Y4srKauoH3kTyeU9w=,KU6rXkRT1KDfmz2XsSMmtTfN+dA=
5,15,oaRjuVt/R2Y4srKauoH3kTyeU9w=,M47irSxvaQVUw283CeTXBhgVZPY=
5,14,oaRjuVt/R2Y4srKauoH3kTyeU9w=,sE+0rMM6bEHJjviJZLfBZu1ne3Y=
5,9,oaRjuVt/R2Y4srKauoH3kTyeU9w=,CBhHYsqi0OjPnfAZFHruku4WYec=
5,8,oaRjuVt/R2Y4srKauoH3kTyeU9w=,Ja7NwhUjG0Q54T63s0waW91+kvg=
5,11,oaRjuVt/R2Y4srKauoH3kTyeU9w=,lxW84sGsajF39/mduFr/Kr138Yc=
5,10,oaRjuVt/R2Y4srKauoH3kTyeU9w=,9e0tw+dXXzuqnsMZc8v9sutUT+o=
5,17,oaRjuVt/R2Y4srKauoH3kTyeU9w=,OXJJJVGd7mh7x/t9owGVsCh/di8=
5,16,oaRjuVt/R2Y4srKauoH3kTyeU9w=,wDyzFY9CJ/oCv9X9HWTHxSUQl28=
6,6,oaRjuVt/R2Y4srKauoH3kTyeU9w=,d+XpRE1eUoEcVuJZuVn01Oo7mnk=
6,7,oaRjuVt/R2Y4srKauoH3kTyeU9w=,yUcjD+7aGQExmLI16IGEt1LaWm4=
6,4,oaRjuVt/R2Y4srKauoH3kTyeU9w=,UmUadC6usBg0KQz9DysFGatoXpQ=
6,5,oaRjuVt/R2Y4srKauoH3kTyeU9w=,SLMuPcbUIueZaNbVwSQ780ZnN3I=
6,2,oaRjuVt/R2Y4srKauoH3kTyeU9w=,6dXjF2bcwmLqOIeAXlnDqYGpuA8=
6,3,oaRjuVt/R2Y4srKauoH3kTyeU9w=,FknqCwDsMEVUewYP8rAx28s6HSw=
6,0,mDqFw8ARr9mxwm6w1jN034O4ZHc=,b1SrHBCdNapSE45yKImZzdUtPXk=
6,1,mDqFw8ARr9mxwm6w1jN034O4ZHc=,ZJVbARacWNsgjZvVBVPKXojw0bI=
6,14,mDqFw8ARr9mxwm6w1jN034O4ZHc=,JCHEalHGyljqqGOiYs5GzxNsiiY=
6,15,mDqFw8ARr9mxwm6w1jN034O4ZHc=,JvFLEhr0zvtb4HOhiTWpc0zDpVA=
6,12,mDqFw8ARr9mxwm6w1jN034O4ZHc=,PO/ih1Qk9UlpGhNAaYiaahUjVb0=
6,13,mDqFw8ARr9mxwm6w1jN034O4ZHc=,3o57z2gJbGpQLnw9XqyB5cqMYH0=
6,10,mDqFw8ARr9mxwm6w1jN034O4ZHc=,1f6B3Bxk++Lk02vgurWVvSbXzuI=
6,11,mDqFw8ARr9mxwm6w1jN034O4ZHc=,6+2TiUBLTXVkl/7yq+i5caeAbgQ=
6,8,mDqFw8ARr9mxwm6w1jN034O4ZHc=,Ja7NwhUjG0Q54T63s0waW91+kvg=
6,9,mDqFw8ARr9mxwm6w1jN034O4ZHc=,K2+O/+NrYiQra4Gz7b94uqW+ZIc=
6,16,mDqFw8ARr9mxwm6w1jN034O4ZHc=,eovAVE4HVotKDAknidZnK8M5tDM=
6,17,mDqFw8ARr9mxwm6w1jN034O4ZHc=,hu05TpXj0NjLLoeuFHMt9+dO5jQ=
7,7,mDqFw8ARr9mxwm6w1jN034O4ZHc=,TK62VrgnV5bnQSWWIagFCTPsBC8=
7,6,mDqFw8ARr9mxwm6w1jN034O4ZHc=,eVtQnHCjPI8/UaRbt+Y8Fzmx6WY=
7,5,mDqFw8ARr9mxwm6w1jN034O4ZHc=,ESZQbnv0erpEvmYu/tzJfQIABQg=
7,4,mDqFw8ARr9mxwm6w1jN034O4ZHc=,JhkgNw7t2e9AxIbiDzA985Frs0M=
7,3,XSxkO4MYtvsPWPRpNrvjec51mt0=,cLHQknfJkGo4IatBIEuKYwojP74=
7,2,XSxkO4MYtvsPWPRpNrvjec51mt0=,eTOpOFZDGdyGctdkqiGbFuBToJA=
7,1,XSxkO4MYtvsPWPRpNrvjec51mt0=,QtgsLksAnm2Kesgf2bWtZ0JdJ10=
7,0,XSxkO4MYtvsPWPRpNrvjec51mt0=,bY0SIRYZisCNj1LYEDUrQDg6nqw=
7,15,XSxkO4MYtvsPWPRpNrvjec51mt0=,dATG7kEzqJ0tX3NbNXZgzRbdeU0=
7,14,XSxkO4MYtvsPWPRpNrvjec51mt0=,2xWt2z++WDNjifd1i8gz1U8YKSw=
7,13,XSxkO4MYtvsPWPRpNrvjec51mt0=,wOp7DcdjWaFQIlIZOroa14uL8Qc=
7,12,XSxkO4MYtvsPWPRpNrvjec51mt0=,U7+V2DUZ+utOGIZnMxjkVolDFdY=
7,11,XSxkO4MYtvsPWPRpNrvjec51mt0=,PHYTzUV2rdxkUNVTVvZvdrdADos=
7,10,XSxkO4MYtvsPWPRpNrvjec51mt0=,hTwurplQdlNn26FFPACokJi0ozM=
7,9,XSxkO4MYtvsPWPRpNrvjec51mt0=,fQEfSPTluENxmDyfDVjTXjcrUrE=
7,8,XSxkO4MYtvsPWPRpNrvjec51mt0=,KmUoVNUwV5uVBBjk92aoNTKrSbc=
7,17,XSxkO4MYtvsPWPRpNrvjec51mt0=,Qy0tvVWhHNXC15i3aPiIErtb3sw=
7,16,XSxkO4MYtvsPWPRpNrvjec51mt0=,Qy0tvVWhHNXC15i3aPiIErtb3sw=
8,8,XSxkO4MYtvsPWPRpNrvjec51mt0=,L4TBQCaDWyIC1Gc1jSPhBSMEnJ0=
8,9,XSxkO4MYtvsPWPRpNrvjec51mt0=,2+zbBK1FgOoDbCCraaCRAv9nqrE=
8,10,kH0/Gso95jXDB1LwioXsY9fiO/8=,2+zbBK1FgOoDbCCraaCRAv9nqrE=
8,11,kH0/Gso95jXDB1LwioXsY9fiO/8=,XGbvZzHHZI9pIC7uvmw5ea2Kkak=
8,12,kH0/Gso95jXDB1LwioXsY9fiO/8=,XGbvZzHHZI9pIC7uvmw5ea2Kkak=
8,13,kH0/Gso95jXDB1LwioXsY9fiO/8=,4CpfB9eZYa6SOoJ0BPA6xp8UTqs=
8,14,kH0/Gso95jXDB1LwioXsY9fiO/8=,ovq/GMj35UecbkyzSJQuTBwKaEw=
8,15,kH0/Gso95jXDB1LwioXsY9fiO/8=,FyNJb6n+MgtUho356N+VljkbA0M=
8,0,kH0/Gso95jXDB1LwioXsY9fiO/8=,PHgThaezWqlaBgmdcabwObRdZMo=
8,1,kH0/Gso95jXDB1LwioXsY9fiO/8=,r+nChcIvaD/P3lDq5exDxLJSH4c=
8,2,kH0/Gso95jXDB1LwioXsY9fiO/8=,6Bpwx/POvYUUDxUAKgxuhA33XjY=
8,3,kH0/Gso95jXDB1LwioXsY9fiO/8=,KlEBAbF+xoQ8qgBz25uj7c6krpE=
8,4,kH0/Gso95jXDB1LwioXsY9fiO/8=,xFKhVZgzWvr9LORN/rcQLHdhYvY=
8,5,kH0/Gso95jXDB1LwioXsY9fiO/8=,DsLZ9pJ2BPSH0i2pXAmNbfx0lh4=
8,6,3zrcBDUnVxV6KXg4T8FLAj7Ziu4=,tYV/CzzcHXC1DdrQQ1Xx11gpjA0=
8,7,3zrcBDUnVxV6KXg4T8FLAj7Ziu4=,cv2H/HZa1wlBangha7RruTCCbtw=
8,16,3zrcBDUnVxV6KXg4T8FLAj7Ziu4=,cEhKVJ3HUntTkv6K4NNPSvQt8rg=
8,17,3zrcBDUnVxV6KXg4T8FLAj7Ziu4=,cEhKVJ3HUntTkv6K4NNPSvQt8rg=
9,9,3zrcBDUnVxV6KXg4T8FLAj7Ziu4=,Zs+meY+sP+4iXGfWjclFx3DOJeg=
9,8,3zrcBDUnVxV6KXg4T8FLAj7Ziu4=,sxfe2R+TTUHZNChZ0vPR3Z1LNKM=
9,11,3zrcBDUnVxV6KXg4T8FLAj7Ziu4=,+4gwkbSiAx0dLRKPn+OGOv6cpu4=
9,10,3zrcBDUnVxV6KXg4T8FLAj7Ziu4=,uXxDkWUYqbJZ4SWQnyvh7lUjjnw=
9,13,3zrcBDUnVxV6KXg4T8FLAj7Ziu4=,39TXBwgEEl+QulPPwH9RQr2DvTQ=
9,12,3zrcBDUnVxV6KXg4T8FLAj7Ziu4=,TjrsyPv1uDTLUT4NjwEISPCuv8g=
9,15,3zrcBDUnVxV6KXg4T8FLAj7Ziu4=,g7YUCA4RYVwEoh9mczaUnjGcAtQ=
9,14,3zrcBDUnVxV6KXg4T8FLAj7Ziu4=,Qeoghw7MXnWILv/D2vuO9/r5mrU=
9,1,3zrcBDUnVxV6KXg4T8FLAj7Ziu4=,lxyVG1lF72zSQjFUCPB1X1PpanA=
9,0,3zrcBDUnVxV6KXg4T8FLAj7Ziu4=,xMSeHVNsRG6fSkp1U/nTcSVxCPg=
9,3,3zrcBDUnVxV6KXg4T8FLAj7Ziu4=,U0kA4p9cI1d51pZuBWsDR2KvgU4=
9,2,e4PRosGu5tOF2BMHFeMVGseSaFc=,+NJSpr/xCXNZ5fcacafoD8V1N7g=
9,5,e4PRosGu5tOF2BMHFeMVGseSaFc=,6TGWSYjIkWfhGd0NZd9ql74U5y8=
9,4,e4PRosGu5tOF2BMHFeMVGseSaFc=,6TGWSYjIkWfhGd0NZd9ql74U5y8=
9,7,e4PRosGu5tOF2BMHFeMVGseSaFc=,rE+UUnME2ECJJ/8n0x018Xmck6A=
9,6,e4PRosGu5tOF2BMHFeMVGseSaFc=,ABl1BhvItHq/ZGcW50GP0RDlOIQ=
9,17,e4PRosGu5tOF2BMHFeMVGseSaFc=,cDtMAyYtc6FLLdosCxEF2hEazpc=
9,16,e4PRosGu5tOF2BMHFeMVGseSaFc=,yC0MwZIY20i1wKczjoApooRcwU8=
10,10,e4PRosGu5tOF2BMHFeMVGseSaFc=,yAr5JuYR9PiHqVe7VAob/ibq5y0=
10,11,e4PRosGu5tOF2BMHFeMVGseSaFc=,hCA+TOEJ6hPg7byWhW6o5RkVESY=
10,8,e4PRosGu5tOF2BMHFeMVGseSaFc=,1CskKvPeYUmC79DTI8kQ4SCK4/o=
10,9,e4PRosGu5tOF2BMHFeMVGseSaFc=,lhQtmXDbU0ulcuTUMMih3/zj0m0=
10,14,e4PRosGu5tOF2BMHFeMVGseSaFc=,TfMc1xx+C1S2XC1wAtdnRMLm/5s=
10,15,e4PRosGu5tOF2BMHFeMVGseSaFc=,NH0KmPnA0HGpy9jnhn1Cl3D3610=
10,12,e4PRosGu5tOF2BMHFeMVGseSaFc=,+5XD9qhd5Mgucxp/AzoA6Lz4apc=
10,13,e4PRosGu5tOF2BMHFeMVGseSaFc=,s1UCOJo0DbZyNMwyICENIbubCH4=
10,2,e4PRosGu5tOF2BMHFeMVGseSaFc=,/vePbF7o52dOwQgTx3AnMbUaY64=
10,3,6WjQjkCDi0V55mAaJCVq8bv7+Sk=,SvcW5Z9C+AEcVYkyySrtpJ8Bt0k=
10,0,6WjQjkCDi0V55mAaJCVq8bv7+Sk=,XknOPHHkkHJbdx/HVWmDK0Ab/zo=
10,1,6WjQjkCDi0V55mAaJCVq8bv7+Sk=,DbeCyJFft720sEVtM5Km5fFnl4c=
10,6,6WjQjkCDi0V55mAaJCVq8bv7+Sk=,fZveJnyHNemcePS/zndJJKyWVxg=
10,7,6WjQjkCDi0V55mAaJCVq8bv7+Sk=,s2M8MpZLS7mTyjS+e6b/TTlZ+C4=
10,4,6WjQjkCDi0V55mAaJCVq8bv7+Sk=,jAz7u4ROaQMhfSAXEAU3/x7MYFA=
10,5,6WjQjkCDi0V55mAaJCVq8bv7+Sk=,RUuJD4LugYxoMjus9ZBpVeoARMs=
10,16,6WjQjkCDi0V55mAaJCVq8bv7+Sk=,H9e8dAVR0y9z4F+qH0t+adxJkqk=
10,17,6WjQjkCDi0V55mAaJCVq8bv7+Sk=,K8bw3iN5EOCFy3FnusZ2zkqj0EM=
11,11,6WjQjkCDi0V55mAaJCVq8bv7+Sk=,5vwZ9BZWDe/eZ9VBs8cgEcDCEwQ=
11,10,6WjQjkCDi0V55mAaJCVq8bv7+Sk=,yAr5JuYR9PiHqVe7VAob/ibq5y0=
11,9,6WjQjkCDi0V55mAaJCVq8bv7+Sk=,RG00ZKa4XN140foopi5jrjjfJU8=
11,8,6WjQjkCDi0V55mAaJCVq8bv7+Sk=,AuUGZF0w8UTtcFTe4eXlKGl6R8Y=
11,15,aZcK+i9EQR+IwPjMJnBN1FPphpM=,NQzB9++0EhjRlNz4EXMEwc7bnk0=
11,14,aZcK+i9EQR+IwPjMJnBN1FPphpM=,+znRaRawYbFpEn7GEes6kK0JD4Q=
11,13,aZcK+i9EQR+IwPjMJnBN1FPphpM=,s1UCOJo0DbZyNMwyICENIbubCH4=
11,12,aZcK+i9EQR+IwPjMJnBN1FPphpM=,FWPG0Kz4KN/H5HQBNqYUZ7dCsT4=
11,3,aZcK+i9EQR+IwPjMJnBN1FPphpM=,eORIG16mtSuuHwxrcTAMc67SSRc=
11,2,aZcK+i9EQR+IwPjMJnBN1FPphpM=,Gzjq3dcanEYWiYPqz8qXdIkWS1M=
11,1,aZcK+i9EQR+IwPjMJnBN1FPphpM=,+Es+TFwHobOUNpxEyJTe9GL2Ajc=
11,0,aZcK+i9EQR+IwPjMJnBN1FPphpM=,B3L5BRzQza5siwnYoa4tDZvmhu8=
11,7,aZcK+i9EQR+IwPjMJnBN1FPphpM=,lFt1XA24iIBQ1FymMLAAbCzKkTs=
11,6,aZcK+i9EQR+IwPjMJnBN1FPphpM=,PCYHTTVascViBfB9tAjGDE6OnqQ=
11,5,aZcK+i9EQR+IwPjMJnBN1FPphpM=,OH4Kw4il1AVOPQDfLjnfy708C9Y=
11,4,EuhoYn3E0ZL8ySwzxqo1JeIkMpo=,Dt4eV9xd4rQ+wSbqqKkwODhXZ7E=
11,17,EuhoYn3E0ZL8ySwzxqo1JeIkMpo=,+n1JONTRNFlvZkkIkQ5XQ92wH3o=
11,16,EuhoYn3E0ZL8ySwzxqo1JeIkMpo=,C0d0bGoaSPqROGxD5lpaeSVNxb8=
12,12,EuhoYn3E0ZL8ySwzxqo1JeIkMpo=,ZjzEcLaZf/bpclGMLyDarxBl01I=
12,13,EuhoYn3E0ZL8ySwzxqo1JeIkMpo=,/cGkLd8/a04lC0uMCigXCOJuMLg=
12,14,EuhoYn3E0ZL8ySwzxqo1JeIkMpo=,Zed8HvYKwQAtf4MncQ2OQYSRwl4=
12,15,EuhoYn3E0ZL8ySwzxqo1JeIkMpo=,o1g4UFIxE26CrvY9R+GS1y4+2Dw=
12,8,EuhoYn3E0ZL8ySwzxqo1JeIkMpo=,4ZljVTP8B3cqBbPidXRK+MLjjAI=
12,9,EuhoYn3E0ZL8ySwzxqo1JeIkMpo=,GFJVfbAGxGDzEHEVHWv0E+oVL6Y=
12,10,JWr1AmqynH31ixnJ6447Qs07IqI=,DEsAl/ezaZFXO8p92fb+Hy+2y4E=
12,11,JWr1AmqynH31ixnJ6447Qs07IqI=,1GAsouaPdQKprr/uEIGaNJXHJcc=
12,4,JWr1AmqynH31ixnJ6447Qs07IqI=,fS9FtgLXae/ohjO3T1PobsfYw4A=
12,5,JWr1AmqynH31ixnJ6447Qs07IqI=,bvybhxZMFx6Doci0LswEpB6zUA0=
12,6,JWr1AmqynH31ixnJ6447Qs07IqI=,nnGuPxupK7IbohkBOURUjrI5gw0=
12,7,JWr1AmqynH31ixnJ6447Qs07IqI=,YgDdvmXJEWkzMFI0N1f/lVgXBVw=
12,0,JWr1AmqynH31ixnJ6447Qs07IqI=,0YH+KTcvDBGJ6oCmaun4H47qC3Q=
12,1,JWr1AmqynH31ixnJ6447Qs07IqI=,Qwz7dlGEQEPBoq4TAuUFYby4lpY=
12,2,JWr1AmqynH31ixnJ6447Qs07IqI=,/ZeeU2kW1KDLSGSUiYa75oHpQB8=
12,3,JWr1AmqynH31ixnJ6447Qs07IqI=,G/LLjd04FkocKVjXk76+qgnLsxs=
12,16,JWr1AmqynH31ixnJ6447Qs07IqI=,FgiuIywuOl6O5nbbcZaoOeoAOIQ=
12,17,JWr1AmqynH31ixnJ6447Qs07IqI=,Ax+4X6aRPoPQp5anjsWYckcJ3Po=
13,13,JWr1AmqynH31ixnJ6447Qs07IqI=,r9SCfvE1tEEeF2eeyaf40GvQrSU=
13,12,JWr1AmqynH31ixnJ6447Qs07IqI=,SAk4b8UWTBCIjPK6gxTl1fVHifc=
13,15,JWr1AmqynH31ixnJ6447Qs07IqI=,IPxqVg1owmsz1s65ojDuFDyZm3w=
13,14,JWr1AmqynH31ixnJ6447Qs07IqI=,frD7GYMd1DZCX1wr9ZeHQg8ghDc=
13,9,Bf8RdG2bPJH3yV8Ft62WOwIijC0=,a0ZLgiBmDgfbaMca4FjGvHbvGUY=
13,8,Bf8RdG2bPJH3yV8Ft62WOwIijC0=,ygbmnZ7UhYtbpTxh3TJNTVQ8Ocw=
13,11,Bf8RdG2bPJH3yV8Ft62WOwIijC0=,cJoYS0h2QC0H6IthQDWVkiGT5gM=
13,10,Bf8RdG2bPJH3yV8Ft62WOwIijC0=,tCxD4ZCuKuEBnH3JKk/6ACGWvk0=
13,5,Bf8RdG2bPJH3yV8Ft62WOwIijC0=,jKXO6pTG1jqiENbUtgcsOLj3HsU=
13,4,Bf8RdG2bPJH3yV8Ft62WOwIijC0=,43zjRYm0jhVl3qpdc6YXYbwurrw=
13,7,Bf8RdG2bPJH3yV8Ft62WOwIijC0=,taTaZJEO7TukwdQwxijZfx7OyAI=
13,6,Bf8RdG2bPJH3yV8Ft62WOwIijC0=,rVHvv/jVJUqK5BNejc/xcJDIHrY=
13,1,Bf8RdG2bPJH3yV8Ft62WOwIijC0=,1eI9iBNdf2KjzOYuLTQ0ExiKucw=
13,0,Bf8RdG2bPJH3yV8Ft62WOwIijC0=,hf01TT4Ztin56gWlpOjQAvMOH6w=
13,3,Bf8RdG2bPJH3yV8Ft62WOwIijC0=,UCqw9NDpbK9fZU3VKA3u5Fm/BmM=
13,2,Bf8RdG2bPJH3yV8Ft62WOwIijC0=,g/CazYDH6PUkZlERZlK6N0HIe1s=
13,17,Bf8RdG2bPJH3yV8Ft62WOwIijC0=,ez4SK/gf5zcVy4Ha2CF1CV9vSA0=
13,16,Bf8RdG2bPJH3yV8Ft62WOwIijC0=,ysvt8r+c9IuUxvPU7cQh337W3h8=
14,14,bNYLCWtxD8baNJBHT06S2JYQAbg=,7LzrwXX/B8YyvW0QUFd3yxIA0us=
14,15,bNYLCWtxD8baNJBHT06S2JYQAbg=,m9mWyAf0XAfXiKGmRONmRSBqbtY=
14,12,bNYLCWtxD8baNJBHT06S2JYQAbg=,MD31E+z6XASkZYHEzqFy5xstb4s=
14,13,bNYLCWtxD8baNJBHT06S2JYQAbg=,f/ZTCd1G5xFXIgODCTOKxdvrolQ=
14,10,bNYLCWtxD8baNJBHT06S2JYQAbg=,T125dMxY/r1Jd1jCyc+82Qrsk3Y=
14,11,bNYLCWtxD8baNJBHT06S2JYQAbg=,kkQZEo26avQgxWOk3OfQ3Rm/zMA=
14,8,bNYLCWtxD8baNJBHT06S2JYQAbg=,GsjVjs1nK4+vhgdWkCPkC5P9UWU=
14,9,bNYLCWtxD8baNJBHT06S2JYQAbg=,H3vURJhE37VRMUXPe9uMEPLv1Ko=
14,6,bNYLCWtxD8baNJBHT06S2JYQAbg=,bfZK3KxSKI+d/AmSI5b6XyEtNZI=
14,7,bNYLCWtxD8baNJBHT06S2JYQAbg=,jRS/P1ZA8s4cn/wz9jF3ByLEVRw=
14,4,bNYLCWtxD8baNJBHT06S2JYQAbg=,mnqr4paXwo2BEl7ZTj6ZYIfjz8c=
14,5,bNYLCWtxD8baNJBHT06S2JYQAbg=,B6TfHbc8vCsYfVQ8/iapZp+LqmE=
14,2,bNYLCWtxD8baNJBHT06S2JYQAbg=,g/CazYDH6PUkZlERZlK6N0HIe1s=
14,3,bNYLCWtxD8baNJBHT06S2JYQAbg=,n8sd3n05IyWZjwiwGpf54Dmdows=
14,0,bNYLCWtxD8baNJBHT06S2JYQAbg=,9OWrsKs9f0oHGzil+USyCJ9qzLg=
14,1,97r+IrnJwNXuhaDFb6uJfvy5zAA=,0hjACtYdtAvAwa2LD0WVsNsW/Yo=
14,16,97r+IrnJwNXuhaDFb6uJfvy5zAA=,lzM7z7rEjZE43KllMVqHhy7FU4A=
14,17,97r+IrnJwNXuhaDFb6uJfvy5zAA=,RsztCLB6CDbnwEMXT8hhsvOm32s=
15,15,97r+IrnJwNXuhaDFb6uJfvy5zAA=,rQkUBgmmHbRPAR2JxaiR6/jiuTY=
15,14,97r+IrnJwNXuhaDFb6uJfvy5zAA=,y4oK2ktrQQ39rD3tGR8WjZUunlk=
15,13,97r+IrnJwNXuhaDFb6uJfvy5zAA=,Bf1pjOThXVCHjStAd9TIcQF04VQ=
15,12,97r+IrnJwNXuhaDFb6uJfvy5zAA=,ChvNSJR+NcCmbigWz580cSuJF+0=
15,11,97r+IrnJwNXuhaDFb6uJfvy5zAA=,S4tkEjbGGo6Nonb/HZDFHnCCS8o=
15,10,97r+IrnJwNXuhaDFb6uJfvy5zAA=,T125dMxY/r1Jd1jCyc+82Qrsk3Y=
15,9,97r+IrnJwNXuhaDFb6uJfvy5zAA=,8aMAeOKpKQhzkQxCGMD7rHp+o5o=
15,8,97r+IrnJwNXuhaDFb6uJfvy5zAA=,BcOf9WDzvLh0FmLrIz2G4OfyVG4=
15,7,97r+IrnJwNXuhaDFb6uJfvy5zAA=,OUm35x+nD+Xbm5PHR+HkVbHUtVo=
15,6,97r+IrnJwNXuhaDFb6uJfvy5zAA=,SDrWMezsiCwHn0aYG94GF1ilrbk=
15,5,97r+IrnJwNXuhaDFb6uJfvy5zAA=,MnHNB2uHd1NAruP5YRZl/h3OZHA=
15,4,RwvRFCOMVuvbKxOjiDJjQeSQjTM=,Mnfz3ZZrSgYjUNciaJedM3Idusg=
15,3,RwvRFCOMVuvbKxOjiDJjQeSQjTM=,dGUiXAG0TTwEYgICEv8no5+hE9o=
15,2,RwvRFCOMVuvbKxOjiDJjQeSQjTM=,IDYCeQhmfbzNurBFp3fQXyzFk88=
15,1,RwvRFCOMVuvbKxOjiDJjQeSQjTM=,ITq+rLXMnJ85nefQWXVpWNoJzRQ=
15,0,RwvRFCOMVuvbKxOjiDJjQeSQjTM=,YAnxB1fAOTb9j0/a2K70GJj21pA=
15,17,RwvRFCOMVuvbKxOjiDJjQeSQjTM=,Z9MVYo2yc1JvuYGCG2gHhzYt76Q=
15,16,RwvRFCOMVuvbKxOjiDJjQeSQjTM=,jAZTswGuaS0URPuqC8INrkKHnCc=
16,16,RwvRFCOMVuvbKxOjiDJjQeSQjTM=,0oz34ZCe1tkKYOfvW3Kqf4rH40s=
16,17,RwvRFCOMVuvbKxOjiDJjQeSQjTM=,i9ADZcuJXrd36B8n5IeMa+Nleds=
16,0,RwvRFCOMVuvbKxOjiDJjQeSQjTM=,gB+EEqx81DwB2WNvwZJRjKBrtW4=
16,1,T924ifZWvHkzIjG/MgoLPgUpS+M=,1MAEDq9Dfg3KH9PipJG3LUPj66I=
16,2,T924ifZWvHkzIjG/MgoLPgUpS+M=,TJBO8Tq66ZIBDNE7R4nEejbUOP0=
16,3,T924ifZWvHkzIjG/MgoLPgUpS+M=,FaOnWrVise/u7DrHytbhKUwoTNk=
16,4,T924ifZWvHkzIjG/MgoLPgUpS+M=,Zml0226W+MRCSS6bfp1CxUoKLaE=
16,5,T924ifZWvHkzIjG/MgoLPgUpS+M=,hrrX1ChYYM5Zqh2Ouoao/bd+mL4=
16,6,T924ifZWvHkzIjG/MgoLPgUpS+M=,hrrX1ChYYM5Zqh2Ouoao/bd+mL4=
16,7,T924ifZWvHkzIjG/MgoLPgUpS+M=,s/mXRj0jKc/vD/9l/TF+J8hbXXY=
16,8,T924ifZWvHkzIjG/MgoLPgUpS+M=,12dAReIeb26NjCS0l+kpCk8E1QE=
16,9,T924ifZWvHkzIjG/MgoLPgUpS+M=,+V8wBxo6MXJWWhEtjbg8xIgik6w=
16,10,T924ifZWvHkzIjG/MgoLPgUpS+M=,UL6qWBqczlLKMKvrsTdAPrakjPU=
16,11,T924ifZWvHkzIjG/MgoLPgUpS+M=,jYsWXIfm4P/vL1ZAXCEJ6YTNU1Y=
16,12,T924ifZWvHkzIjG/MgoLPgUpS+M=,LIUbHjjF1QeBzaq2785xrDdOywU=
16,13,T924ifZWvHkzIjG/MgoLPgUpS+M=,WFPtpsxFUjoy9DnlyVXlg8oJFuI=
16,14,T924ifZWvHkzIjG/MgoLPgUpS+M=,Z8cTxCYu6oyIyazoKkd3uYd9K2c=
16,15,T924ifZWvHkzIjG/MgoLPgUpS+M=,lXOBjTbGRee+YBxeYK44zJuJWzQ=
17,17,T924ifZWvHkzIjG/MgoLPgUpS+M=,f0azTG4DUqWHRqSGWwDATL7QJVk=
17,16,T924ifZWvHkzIjG/MgoLPgUpS+M=,8IMfJ/BVZZEOYmCqGCc9BuHxiFo=
17,1,T924ifZWvHkzIjG/MgoLPgUpS+M=,9/f/9LdBYaj907KtYag0sCK2s74=
17,0,T924ifZWvHkzIjG/MgoLPgUpS+M=,6vY/niHkOSkJ2KytByY2DNSoPTA=
17,3,T924ifZWvHkzIjG/MgoLPgUpS+M=,r+wO0Kj6yA++YO/9RvrVbZLB538=
17,2,T924ifZWvHkzIjG/MgoLPgUpS+M=,S8OeHLKZbZdevkMbuAyCuU7LhrY=
17,5,T924ifZWvHkzIjG/MgoLPgUpS+M=,G/6eHnP6VRZ70grzyJ/8j1W18Pc=
17,4,HzV9xj+0Gj8FG+GtMep2ZqQgWWo=,rIc3w0jEuFDc1aS4rcEEASSACPM=
17,7,HzV9xj+0Gj8FG+GtMep2ZqQgWWo=,vyAXZPo0DPLB3upgFQOinikg83Q=
17,6,HzV9xj+0Gj8FG+GtMep2ZqQgWWo=,G/6eHnP6VRZ70grzyJ/8j1W18Pc=
17,9,HzV9xj+0Gj8FG+GtMep2ZqQgWWo=,DJTv1eyEXQffHBelr1VE5IxHj5A=
17,8,HzV9xj+0Gj8FG+GtMep2ZqQgWWo=,O2WhdCKaWPpYG+ZEOXGG1DC4xfY=
17,11,HzV9xj+0Gj8FG+GtMep2ZqQgWWo=,543U12sy5L5qyDgRlQBC+kCRpBg=
17,10,HzV9xj+0Gj8FG+GtMep2ZqQgWWo=,MM4jiEn/jYam5k6eNV2EsqQ0Sxw=
17,13,HzV9xj+0Gj8FG+GtMep2ZqQgWWo=,mhMAjx0s30kN4tC0TnXKcpFPUh4=
17,12,HzV9xj+0Gj8FG+GtMep2ZqQgWWo=,ScSclYSisxF61/27M3NMJ4pn3SI=
17,15,HzV9xj+0Gj8FG+GtMep2ZqQgWWo=,NvVkAEuoI4i70+j06UFXOlRuLws=
17,14,HzV9xj+0Gj8FG+GtMep2ZqQgWWo=,4I/B3HiowL8Rx5RVH9VsGg7/4qE=
18,16,HzV9xj+0Gj8FG+GtMep2ZqQgWWo=,eQ28QAxSgWyJcA5YgCSoLD74OLQ=
18,17,HzV9xj+0Gj8FG+GtMep2ZqQgWWo=,HU4U1HUfKOVkef1GWzdT8Rgalbo=
18,2,HzV9xj+0Gj8FG+GtMep2ZqQgWWo=,wrWAuSHCvDjpbxvW410pyXgSBuw=
18,3,HzV9xj+0Gj8FG+GtMep2ZqQgWWo=,IPCUA4aQsaI/7yG0dc90PV7KqoM=
18,0,HzV9xj+0Gj8FG+GtMep2ZqQgWWo=,6vY/niHkOSkJ2KytByY2DNSoPTA=
18,1,HzV9xj+0Gj8FG+GtMep2ZqQgWWo=,XjQoYC5Ii3IwY/639qMVAdmLVDo=
18,6,rP0fF+EVZ3CMjYdHDv3jzhZ/pYU=,w41icKvUdkiNCsUa2hF03wCiYEA=
18,7,rP0fF+EVZ3CMjYdHDv3jzhZ/pYU=,3so4AFFPfhW06pBvGnTGrh3TI4g=
18,4,rP0fF+EVZ3CMjYdHDv3jzhZ/pYU=,OkZbU700+LbMX5+is24ygutR+04=
18,5,rP0fF+EVZ3CMjYdHDv3jzhZ/pYU=,+XvnPUSyVlKAozsCxwRB+jWmNiE=
18,10,rP0fF+EVZ3CMjYdHDv3jzhZ/pYU=,BAQs+zBNH9ZnXkQ5dEsGDMorpc0=
18,11,rP0fF+EVZ3CMjYdHDv3jzhZ/pYU=,ho+RH0Myp79GpvHAWA1TM41JB/0=
18,8,rP0fF+EVZ3CMjYdHDv3jzhZ/pYU=,Y0RsnrDCJuLKkQoXq/hYm16SEeM=
18,9,rP0fF+EVZ3CMjYdHDv3jzhZ/pYU=,46AcFEDSt9jI+PBDA7JfvyLIZvE=
18,14,rP0fF+EVZ3CMjYdHDv3jzhZ/pYU=,j1dflmIaKizWhkUC+oh70FRBbAc=
18,15,rP0fF+EVZ3CMjYdHDv3jzhZ/pYU=,867uUkj/eoL1gbkXsZItRbz/jdQ=
18,12,rP0fF+EVZ3CMjYdHDv3jzhZ/pYU=,TfNVRfbgHOwqlv1E1tf/uJSKhfo=
18,13,rP0fF+EVZ3CMjYdHDv3jzhZ/pYU=,DiWpRTCUkUXTbxoCqKQSQ2b74tQ=
19,17,rP0fF+EVZ3CMjYdHDv3jzhZ/pYU=,c7qTksfmtjAvvUquu3qcV6z2KEk=
19,16,rP0fF+EVZ3CMjYdHDv3jzhZ/pYU=,SHmPi4PKy3R0c23vgit51SSSncE=
19,3,rP0fF+EVZ3CMjYdHDv3jzhZ/pYU=,C685PMn/N2cFj3YO2GpXFCIqqp0=
19,2,rP0fF+EVZ3CMjYdHDv3jzhZ/pYU=,hOSwSUOAF52bKK6+N1PWSksnd4o=
19,1,rP0fF+EVZ3CMjYdHDv3jzhZ/pYU=,pbcdb23llyWEHnQ6UgRJZf6T0B0=
19,0,rP0fF+EVZ3CMjYdHDv3jzhZ/pYU=,yx+RQAjPFFrV7skPMkwJuAG8QOg=
19,7,1MiYNeLRXNsGQsg4pW/3gv70c3o=,j4vbBDYn4Ca7AWS4kn/f9ItUKLE=
19,6,1MiYNeLRXNsGQsg4pW/3gv70c3o=,ZMW0xsx5s8DtoSHNr07vmfZl+n4=
19,5,1MiYNeLRXNsGQsg4pW/3gv70c3o=,q9flFFYRVNGJStTqaTh3JXkxuC8=
19,4,1MiYNeLRXNsGQsg4pW/3gv70c3o=,0fVy/Xak6jg5h22doUviQkLJpHA=
19,11,1MiYNeLRXNsGQsg4pW/3gv70c3o=,/ux8mlBdMH0UGeoLHrdpBRFMmok=
19,10,1MiYNeLRXNsGQsg4pW/3gv70c3o=,xSnsUGUuTVC0WgMtkG2a6QZRUXU=
19,9,1MiYNeLRXNsGQsg4pW/3gv70c3o=,yx3Lt4gFOwtv91CtqtGY6ygtV2o=
19,8,1MiYNeLRXNsGQsg4pW/3gv70c3o=,gYbF7ewaHamp5xI5h2MMT7C3bss=
19,15,1MiYNeLRXNsGQsg4pW/3gv70c3o=,1iE2qlNPj9MJr9gy7dnSBxUdLnw=
19,14,1MiYNeLRXNsGQsg4pW/3gv70c3o=,K+0nVmn+KfHkRD/0IH2FeBFEbK8=
19,13,1MiYNeLRXNsGQsg4pW/3gv70c3o=,+Jj/uulF08cNf/8op9dqL4KmqgA=
19,12,1MiYNeLRXNsGQsg4pW/3gv70c3o=,Y4E5OdQzlYCuBG8+Oh+iOa/N1+Q=
20,16,1MiYNeLRXNsGQsg4pW/3gv70c3o=,Fx6NhQb/dJfCLpONmzxvZQh/3QE=
20,17,1MiYNeLRXNsGQsg4pW/3gv70c3o=,i36zRf9CW9i70jhGCkop7PmD6rc=
20,4,1MiYNeLRXNsGQsg4pW/3gv70c3o=,BOgvzPvcvCHE/lBvvSfHs3xY8/A=
20,5,1MiYNeLRXNsGQsg4pW/3gv70c3o=,BOgvzPvcvCHE/lBvvSfHs3xY8/A=
20,6,1MiYNeLRXNsGQsg4pW/3gv70c3o=,tAvxG5cEEfp+FYyKaEExEceo2yw=
20,7,WkWorEQz2a2wkHqu9r04KLCLDHY=,xdam5+5lstK/PFW8PZF+24JMGZk=
20,0,WkWorEQz2a2wkHqu9r04KLCLDHY=,rNAdk0A7b8N24KenSRCiRknWDlM=
20,1,WkWorEQz2a2wkHqu9r04KLCLDHY=,g1P+S8PZJdhvzBUSASrZjTusnDk=
20,2,WkWorEQz2a2wkHqu9r04KLCLDHY=,iiqQ62YvorRZUxHZCNH7WleKSsQ=
20,3,WkWorEQz2a2wkHqu9r04KLCLDHY=,BOgvzPvcvCHE/lBvvSfHs3xY8/A=
20,12,WkWorEQz2a2wkHqu9r04KLCLDHY=,TANhGuRucURI31zzjgjcI6NDit4=
20,13,WkWorEQz2a2wkHqu9r04KLCLDHY=,wr3C3o3n1iIhxC/dRoTr4U6+wxY=
20,14,WkWorEQz2a2wkHqu9r04KLCLDHY=,Rxsdky0AEyjLBMyM2UpMnrNa3G4=
20,15,WkWorEQz2a2wkHqu9r04KLCLDHY=,w0Ovm8I1ucyGg//HOkCg6LPl5MU=
20,8,WkWorEQz2a2wkHqu9r04KLCLDHY=,//dq2v6EpnvDgoCOc6oL2rpFF1k=
20,9,WkWorEQz2a2wkHqu9r04KLCLDHY=,z2xxVCJiZ2zypi3jruHjUnbn2CA=
20,10,WkWorEQz2a2wkHqu9r04KLCLDHY=,z2xxVCJiZ2zypi3jruHjUnbn2CA=
20,11,WkWorEQz2a2wkHqu9r04KLCLDHY=,mcxr0BfADnKnN5WvkOiRfaWeERI=
21,17,WkWorEQz2a2wkHqu9r04KLCLDHY=,H7FBBmo40drKCLzuDPSc57Ip/cQ=
21,16,WkWorEQz2a2wkHqu9r04KLCLDHY=,Dng+fBen/WcpasjMPFDUPKO+mJU=
21,5,WkWorEQz2a2wkHqu9r04KLCLDHY=,z/MbSt8NXFN1w6CNQuP7CtXTjfc=
21,4,WkWorEQz2a2wkHqu9r04KLCLDHY=,3HdQ1f7bsPc+mfOhyhRd9cMv8a8=
21,7,WkWorEQz2a2wkHqu9r04KLCLDHY=,Ah5AjGidYWA4xitKGCPyreL/+L4=
21,6,mEoSkrIIhZO7JPg+ciAtc0S2FUk=,v+Drx7FtZzCnP7yYNH6XCwEYsfM=
21,1,mEoSkrIIhZO7JPg+ciAtc0S2FUk=,JfXCxZ3ZnzOOdRBGMlTYvOQtDk8=
21,0,mEoSkrIIhZO7JPg+ciAtc0S2FUk=,rNAdk0A7b8N24KenSRCiRknWDlM=
21,3,mEoSkrIIhZO7JPg+ciAtc0S2FUk=,5OhP7SybVS+0JOo5lr7oE2TmbJk=
21,2,mEoSkrIIhZO7JPg+ciAtc0S2FUk=,JqKpwiQ7gq47g3VzfhbfIR/FMO0=
21,13,mEoSkrIIhZO7JPg+ciAtc0S2FUk=,pzyZtLgfYJHk6J0Wb1jV+DDxgqU=
21,12,mEoSkrIIhZO7JPg+ciAtc0S2FUk=,Uw8fUPRMu49bp81+9BC2Ks1zb30=
21,15,mEoSkrIIhZO7JPg+ciAtc0S2FUk=,FgxJANAX+gO+YFaScRPrCDuBsyc=
21,14,mEoSkrIIhZO7JPg+ciAtc0S2FUk=,kY3LOAa1KFb5jt7YszlkzAmXLP8=
21,9,mEoSkrIIhZO7JPg+ciAtc0S2FUk=,2zIeViWskTbpT/MkWVaxIJjXYZk=
21,8,mEoSkrIIhZO7JPg+ciAtc0S2FUk=,2zIeViWskTbpT/MkWVaxIJjXYZk=
21,11,mEoSkrIIhZO7JPg+ciAtc0S2FUk=,yaa/N93Ny2AF5vQDF48VnbePd1A=
21,10,mEoSkrIIhZO7JPg+ciAtc0S2FUk=,2zIeViWskTbpT/MkWVaxIJjXYZk=
22,16,mEoSkrIIhZO7JPg+ciAtc0S2FUk=,wGbGBqhpQzQgONbCgRVDH9/6R6Y=
22,17,mEoSkrIIhZO7JPg+ciAtc0S2FUk=,fRbVNBLXj4OpLoLSIMK/I5bhmAs=
22,6,mEoSkrIIhZO7JPg+ciAtc0S2FUk=,DIpNF6xmF7FjkyDYebb4H56Mfrc=
22,7,mEoSkrIIhZO7JPg+ciAtc0S2FUk=,Zi8TS+M0TG5CvDXnLpxmW79ie/4=
22,4,mEoSkrIIhZO7JPg+ciAtc0S2FUk=,dRtjw+yfz/qL+h37QYRQZVAMovk=
22,5,1ykUfmghhvGPbTReL/HMXrtM7dg=,eQxh0kDNq4h4jXHQZE1XK62p1is=
22,2,1ykUfmghhvGPbTReL/HMXrtM7dg=,DwrnTTPF47wMiJ8ThKbuas8NHJU=
22,3,1ykUfmghhvGPbTReL/HMXrtM7dg=,5yPJGUavpjQ2MJYl0djvBfxNlh8=
22,0,1ykUfmghhvGPbTReL/HMXrtM7dg=,HM5dxVRbdC82JrXryyFPCk2YE5o=
22,1,1ykUfmghhvGPbTReL/HMXrtM7dg=,HeftNtIbTk1cJ2e2hpcBJhlpgdk=
22,14,1ykUfmghhvGPbTReL/HMXrtM7dg=,pwDikuaPpIPTgTwlvye9RKjE/yc=
22,15,1ykUfmghhvGPbTReL/HMXrtM7dg=,wa5tZJkKlYHzQqKRlZBhwa0FVnQ=
22,12,1ykUfmghhvGPbTReL/HMXrtM7dg=,nLcGrr4lSPYgcv0gku2iVc9F/kg=
22,13,1ykUfmghhvGPbTReL/HMXrtM7dg=,TrS4LD4AbSbjZ12ErSAhP3KIBqc=
22,10,1ykUfmghhvGPbTReL/HMXrtM7dg=,NT0HfLb2MhI6DOz+pj6JZIuanoY=
22,11,1ykUfmghhvGPbTReL/HMXrtM7dg=,yKYc4i1jWtx38D39Rlnzr52uuCs=
22,8,1ykUfmghhvGPbTReL/HMXrtM7dg=,B8cIkjVFu37Ps4EH/27XpBuX58s=
22,9,1ykUfmghhvGPbTReL/HMXrtM7dg=,W/DNisUyxF8hYiuOa42XK4S7m/o=
23,17,1ykUfmghhvGPbTReL/HMXrtM7dg=,XoqUa1kTPmihtZyHTmqg6SxGEBc=
23,16,1ykUfmghhvGPbTReL/HMXrtM7dg=,RVWGhWwBiGf5lROk2fh+rdZXcWI=
23,7,1ykUfmghhvGPbTReL/HMXrtM7dg=,4UqQkGnF83cKjGrLQ01rirOYWUQ=
23,6,1ykUfmghhvGPbTReL/HMXrtM7dg=,XM9wH1zlA2VeBYrE79lAE+fESpo=
23,5,L7Jb+O9xj0FsRpiHfUf3/U/MRaQ=,DTQoIYfMebrqqGe089Yx/zHFoEI=
23,4,L7Jb+O9xj0FsRpiHfUf3/U/MRaQ=,J1t0XDhir3UtOjjF9/c7EmYErb4=
23,3,L7Jb+O9xj0FsRpiHfUf3/U/MRaQ=,J5IN27tm2Ca+jjuAjieyQf1cHy4=
23,2,L7Jb+O9xj0FsRpiHfUf3/U/MRaQ=,5dm5YHcq3r8LQ0dRK7UrmgbOZOI=
23,1,L7Jb+O9xj0FsRpiHfUf3/U/MRaQ=,kVSa+V2UhI+kqa1w9RSYBfkUZoc=
23,0,L7Jb+O9xj0FsRpiHfUf3/U/MRaQ=,WiQgUus/ZtnQ0MO4nhKLg3EAq0s=
23,15,L7Jb+O9xj0FsRpiHfUf3/U/MRaQ=,rs3Y+kGh9VmpsG/tEChg12Eleak=
23,14,L7Jb+O9xj0FsRpiHfUf3/U/MRaQ=,WQ2KQTn4V1CmbW4C9YTUVsxkb08=
23,13,L7Jb+O9xj0FsRpiHfUf3/U/MRaQ=,mmVAyRLkmJgVar2N6Lz3o2R1rWY=
23,12,L7Jb+O9xj0FsRpiHfUf3/U/MRaQ=,yQLWSI+EJZ/gU0O09K7yuuPe/yc=
23,11,L7Jb+O9xj0FsRpiHfUf3/U/MRaQ=,Ggksytu2xJ4dfTkflMOVX1Nsu+4=
23,10,L7Jb+O9xj0FsRpiHfUf3/U/MRaQ=,KKTr74jlqhvd6str7l9SuAS8qkw=
23,9,L7Jb+O9xj0FsRpiHfUf3/U/MRaQ=,NGUONoUGN8P8gtC+PsP1X/mXvXE=
23,8,L7Jb+O9xj0FsRpiHfUf3/U/MRaQ=,od3zUYTlGY0EjXTq5Aocwy0pVpc=
24,16,L7Jb+O9xj0FsRpiHfUf3/U/MRaQ=,04SRKipqNvIxNqm4Ica2OBioDLI=
24,17,L7Jb+O9xj0FsRpiHfUf3/U/MRaQ=,EKylSLyqJemKYFU5qoaUuUodg/A=
24,8,L7Jb+O9xj0FsRpiHfUf3/U/MRaQ=,m7loQmzZFxRPxvleCQdPs8LocCA=
24,9,L7Jb+O9xj0FsRpiHfUf3/U/MRaQ=,3ljev5mvwQaybM4iTVe5kXeo+Ok=
24,10,trefVyTBN332wbTaKhZAj3SQJRg=,lvE75XG3nHUHRBBWxp6+FeV7sj8=
24,11,trefVyTBN332wbTaKhZAj3SQJRg=,BvMSAPpUyUMZUYvIMdpsBhSHkzY=
24,12,trefVyTBN332wbTaKhZAj3SQJRg=,PZZ/xZzKXv8a/01mwSYFJ+I6MzQ=
24,13,trefVyTBN332wbTaKhZAj3SQJRg=,DL/g0371Ogk2L89UiqNHHZB3xqg=
24,14,trefVyTBN332wbTaKhZAj3SQJRg=,cBQbhgQSACw8uiCMGxCvEPbR87A=
24,15,trefVyTBN332wbTaKhZAj3SQJRg=,HePssTQss5/UW/EiHDwSBqPeUBw=
24,0,trefVyTBN332wbTaKhZAj3SQJRg=,rVKfyNkzJV+iYTNroG1EfzpTQgw=
24,1,trefVyTBN332wbTaKhZAj3SQJRg=,PvPSH4wrDP8iM8lmpz0W717pt8U=
24,2,trefVyTBN332wbTaKhZAj3SQJRg=,xqyyq0EO1+uQVXeuwCiiMbHJkmM=
24,3,trefVyTBN332wbTaKhZAj3SQJRg=,5QbdF+NnVoxcA6taqry6Sq4qwG4=
24,4,trefVyTBN332wbTaKhZAj3SQJRg=,yAenAisP1D16IJZuKbOuDW/nlhM=
24,5,trefVyTBN332wbTaKhZAj3SQJRg=,niHXPL7hTsbM2eleoHpjuAc7n0U=
24,6,trefVyTBN332wbTaKhZAj3SQJRg=,c2oZNTA11vQxrzBc1/eduuJDmQw=
24,7,trefVyTBN332wbTaKhZAj3SQJRg=,S47chnirflxCQgQ1pPysTw3afx0=
25,17,trefVyTBN332wbTaKhZAj3SQJRg=,4ebXiXzBx/hGDdVZdZurxDmAYzs=
25,16,trefVyTBN332wbTaKhZAj3SQJRg=,+oxTnLpMYUNVhvwxfT8scDrFNiI=
25,9,trefVyTBN332wbTaKhZAj3SQJRg=,yDK/0+hN0UAI0mkswpE2T+QFcMQ=
25,8,trefVyTBN332wbTaKhZAj3SQJRg=,bfM9TGvz5XS5LBFEHOQuw72zvV8=
25,11,trefVyTBN332wbTaKhZAj3SQJRg=,WQgkegIVuJ1fII+w6eUF9Wzbotg=
25,10,5gpIJEo8WO2Tvn0XICUeJqpTH2U=,41+6/fM4VkE1nYNY1i3xzFq0IZQ=
25,13,5gpIJEo8WO2Tvn0XICUeJqpTH2U=,mm0LPJfs50OUMbnxSpqbfSGsCrQ=
25,12,5gpIJEo8WO2Tvn0XICUeJqpTH2U=,n823uq3zy1Ip/3xq/bxwpgrWTO4=
25,15,5gpIJEo8WO2Tvn0XICUeJqpTH2U=,GzyX2iMTZ8kbLWoG0RnYZb92ChE=
25,14,5gpIJEo8WO2Tvn0XICUeJqpTH2U=,BQCPBt6NVQXR6PTzatT4sevSy94=
25,1,5gpIJEo8WO2Tvn0XICUeJqpTH2U=,iMV3wvZtE4N7tn47Y7zLTiKkefA=
25,0,5gpIJEo8WO2Tvn0XICUeJqpTH2U=,MTvWVcxB1Wt0b/y3k7cQr/cZsXk=
25,3,5gpIJEo8WO2Tvn0XICUeJqpTH2U=,kOr5507YTlowzSCcjNCWTXg0g/g=
25,2,5gpIJEo8WO2Tvn0XICUeJqpTH2U=,yKnvR17aemRR5GT9DfJvo2qpVjI=
25,5,5gpIJEo8WO2Tvn0XICUeJqpTH2U=,uBx96qQibkS5TbErAhCYHO5vKfY=
25,4,5gpIJEo8WO2Tvn0XICUeJqpTH2U=,0/gm/zaA4QNlfNdRtOAegAhIWLk=
25,7,5gpIJEo8WO2Tvn0XICUeJqpTH2U=,P54kOllNgeBLYB/sKKTNGhqSRNI=
25,6,5gpIJEo8WO2Tvn0XICUeJqpTH2U=,BbAi1Ne7Niv4uoV53n2/pITij1A=
26,16,5gpIJEo8WO2Tvn0XICUeJqpTH2U=,EQCaVtwrMb6oi+zvNZqZemIYmFM=
26,17,5gpIJEo8WO2Tvn0XICUeJqpTH2U=,mkSfLaM/tD98g0hPYvRcc5LQBAY=
26,10,5gpIJEo8WO2Tvn0XICUeJqpTH2U=,rR6hfIOrury9JAkZX3jH2b6TCxo=
26,11,5gpIJEo8WO2Tvn0XICUeJqpTH2U=,swFfvFYCJO7R12KBInXwg7ps82Q=
26,8,5gpIJEo8WO2Tvn0XICUeJqpTH2U=,crMRZFoQ7ROrUehT2svtRsfcw9c=
26,9,/7g99UkrX+oNoslVDXIWmkfG3I8=,QsV0Qoosa27XEMT7wN1ixcqgaOg=
26,14,/7g99UkrX+oNoslVDXIWmkfG3I8=,xfk/dnSDU5fSfwRhxOaMn70dxAs=
26,15,/7g99UkrX+oNoslVDXIWmkfG3I8=,w0Zx9IJQM1EBpN7VZSjrt0w6Q6g=
26,12,/7g99UkrX+oNoslVDXIWmkfG3I8=,ERZfsGNp90D/SKCfnJxLRQPhp/M=
26,13,/7g99UkrX+oNoslVDXIWmkfG3I8=,8av3DAIZW7MiDx/6m3Cy9kDBSOg=
26,2,/7g99UkrX+oNoslVDXIWmkfG3I8=,/1U9uNLc9rl84BVUtnWufCPw2yM=
26,3,/7g99UkrX+oNoslVDXIWmkfG3I8=,ydfoqF6KpPtnJuphLMgf98aZy9I=
26,0,/7g99UkrX+oNoslVDXIWmkfG3I8=,qnL2ZmWxjCHjSFrDtplfoqCFV+s=
26,1,/7g99UkrX+oNoslVDXIWmkfG3I8=,JFDITM4k3n/Ai0ZX/no4H+JadM4=
26,6,/7g99UkrX+oNoslVDXIWmkfG3I8=,er5pLMgOkgJKbq2pUD2eQDK66bc=
26,7,/7g99UkrX+oNoslVDXIWmkfG3I8=,4EzBYuDSX7BqA2XIylAgV6r0k1Y=
26,4,/7g99UkrX+oNoslVDXIWmkfG3I8=,sE6rcTTfvXyW7dyUyUkuHCgw7i0=
26,5,/7g99UkrX+oNoslVDXIWmkfG3I8=,I1ferToM3nLmNElEDmUehp+QP+A=
27,17,/7g99UkrX+oNoslVDXIWmkfG3I8=,hssyiq/P+QBNsJl85Cpp6iiYt7U=
27,16,/7g99UkrX+oNoslVDXIWmkfG3I8=,rCfxcJObBz+MxTmfPeF9241q49M=
27,11,/7g99UkrX+oNoslVDXIWmkfG3I8=,8rglUUQ+7G8skVhtZ17uq0KwwEA=
27,10,/7g99UkrX+oNoslVDXIWmkfG3I8=,1ceO1/515gIa491Ao3cSuz8FapY=
27,9,/7g99UkrX+oNoslVDXIWmkfG3I8=,7vJeiO6JfIsw/O4Fa7kvO7SgBpU=
27,8,CS4Ny4dD3KODiyvYmixZw9XE8XY=,ZhqdUMeiIqU+5u92mij+vMv5Bjw=
27,15,CS4Ny4dD3KODiyvYmixZw9XE8XY=,B4qO+WIB5H1qYkoPqKAdUDWgFPg=
27,14,CS4Ny4dD3KODiyvYmixZw9XE8XY=,5X1Ds5SaTAagtNPo5KPTBOv7E2E=
27,13,CS4Ny4dD3KODiyvYmixZw9XE8XY=,39vAzf8Jmogh+oez2z53sxu/JAM=
27,12,CS4Ny4dD3KODiyvYmixZw9XE8XY=,kOn9gQ0M/+/f3jQLMASyLDzoNvo=
27,3,CS4Ny4dD3KODiyvYmixZw9XE8XY=,uY+KJg2dhBF/2+dVv2xl4kBH/pY=
27,2,CS4Ny4dD3KODiyvYmixZw9XE8XY=,uY+KJg2dhBF/2+dVv2xl4kBH/pY=
27,1,CS4Ny4dD3KODiyvYmixZw9XE8XY=,Ab/AJ1ZRmAVLjMWzMWkm44fgrEs=
27,0,CS4Ny4dD3KODiyvYmixZw9XE8XY=,Ig+ZtZe96UuKjbVT4hQ+KhLTrCA=
27,7,CS4Ny4dD3KODiyvYmixZw9XE8XY=,4EzBYuDSX7BqA2XIylAgV6r0k1Y=
27,6,CS4Ny4dD3KODiyvYmixZw9XE8XY=,VxyjdRplUIY1E259FHrui/DoSEM=
27,5,CS4Ny4dD3KODiyvYmixZw9XE8XY=,FrcbNJGJz8Wl508/KrUkzBntI2E=
27,4,CS4Ny4dD3KODiyvYmixZw9XE8XY=,iNqBTxw72Nf2gHggQ6qHSH8KHFI=
28,16,CS4Ny4dD3KODiyvYmixZw9XE8XY=,6JaavZuvIgG7ZH0Ut70mpwawJbg=
28,17,CS4Ny4dD3KODiyvYmixZw9XE8XY=,Q1MdfqS9HfeS/oyr3gRdwI4ipS0=
28,12,CS4Ny4dD3KODiyvYmixZw9XE8XY=,cCtg9qMMKPIqWAcd6OQ9wUE/duM=
28,13,CS4Ny4dD3KODiyvYmixZw9XE8XY=,Na3Dt4iw7Xlx+YxZdCHJqmkWiO0=
28,14,7JdFR+aQE/iG/V0NDubDnz6DACY=,Tcm1pHOAt8CUVkLINt9Tqm1HdbU=
28,15,7JdFR+aQE/iG/V0NDubDnz6DACY=,LAglJuCnhfep/F0rt4O2k0sStzo=
28,8,7JdFR+aQE/iG/V0NDubDnz6DACY=,8wthu3I4il/uVhC/oc4Cdmy5Yqo=
28,9,7JdFR+aQE/iG/V0NDubDnz6DACY=,1ceO1/515gIa491Ao3cSuz8FapY=
28,10,7JdFR+aQE/iG/V0NDubDnz6DACY=,1ceO1/515gIa491Ao3cSuz8FapY=
28,11,7JdFR+aQE/iG/V0NDubDnz6DACY=,ePyORQi7ejFSYA/2Bu5NFND/InU=
28,4,7JdFR+aQE/iG/V0NDubDnz6DACY=,EI7492qX+jShbfG0szepnT6DyUU=
28,5,7JdFR+aQE/iG/V0NDubDnz6DACY=,vBGu75fA8usuQn+lg2PPFRhUdtU=
28,6,7JdFR+aQE/iG/V0NDubDnz6DACY=,p2pvgTgUtlzn0sB/S0FLQj9f7d8=
28,7,7JdFR+aQE/iG/V0NDubDnz6DACY=,6Nkq7RQ+/esWMIYCOEWp+SrfI90=
28,0,7JdFR+aQE/iG/V0NDubDnz6DACY=,K2ATEn0kRjH4rJkJLAaECaRi/s8=
28,1,7JdFR+aQE/iG/V0NDubDnz6DACY=,pNX3uPRuH8zuZNF/WKzui2I9RDk=
28,2,7JdFR+aQE/iG/V0NDubDnz6DACY=,sDsJtrD7SDGlSrNgxGxQjmtc1z8=
28,3,7JdFR+aQE/iG/V0NDubDnz6DACY=,Qpna/f8PBxTwBdx3N2wTL06yKKM=
29,17,7JdFR+aQE/iG/V0NDubDnz6DACY=,UNrmkMeL0VshYXb2z7pGmRQKEII=
29,16,7JdFR+aQE/iG/V0NDubDnz6DACY=,bUP4P409qc+jjNu0x5iysLFLSX0=
29,13,7JdFR+aQE/iG/V0NDubDnz6DACY=,SyPlOULu5EIz9xT65HvkeNQSDzs=
29,12,7JdFR+aQE/iG/V0NDubDnz6DACY=,AqiP4YFebtA3ykADhyF7DTZfzbo=
29,15,bKDWdNpzXChjbAkmgb8asTc1Gtk=,N0kh6ksN7RD1KGdqb73qDobJJDI=
29,14,bKDWdNpzXChjbAkmgb8asTc1Gtk=,ZVaYh/ZdKaHf5+w62/AqjmestX4=
29,9,bKDWdNpzXChjbAkmgb8asTc1Gtk=,XuAdGg63wo6cikiLKHrxXuoYZXA=
29,8,bKDWdNpzXChjbAkmgb8asTc1Gtk=,phAiMKW05TVbsmRQO6rkx+U8ey4=
29,11,bKDWdNpzXChjbAkmgb8asTc1Gtk=,scRL7/YvhEt2R6JDGU/gUDZtdF4=
29,10,bKDWdNpzXChjbAkmgb8asTc1Gtk=,6heLEqDaHuKMeyQquAHpRfWnrok=
29,5,bKDWdNpzXChjbAkmgb8asTc1Gtk=,Ifz4FbVRdufvwNTL4YyQBsqYaI4=
29,4,bKDWdNpzXChjbAkmgb8asTc1Gtk=,98PJe2LcPq3itPkTd0ae50o7alM=
29,7,bKDWdNpzXChjbAkmgb8asTc1Gtk=,s4fyvlHo44XDmVEdceOdJvGcmp4=
29,6,bKDWdNpzXChjbAkmgb8asTc1Gtk=,yM3OuQVbmZkCX1od0W2UALhdxK0=
29,1,bKDWdNpzXChjbAkmgb8asTc1Gtk=,5Wndj4YIcEdxjOZRKEBKPRsKIFs=
29,0,bKDWdNpzXChjbAkmgb8asTc1Gtk=,HbHZpZjkaL08SbRZmBzlRORF4eI=
29,3,bKDWdNpzXChjbAkmgb8asTc1Gtk=,Jz+gcivKhImbiwpi9TLkGWDizYA=
29,2,bKDWdNpzXChjbAkmgb8asTc1Gtk=,hUNLH2orb+G8bXpLHdyTKlzjaFI=
30,16,bKDWdNpzXChjbAkmgb8asTc1Gtk=,n78l9+VtAfMD4Aj5KMyQuXDbAHg=
30,17,bKDWdNpzXChjbAkmgb8asTc1Gtk=,oG1V95TPEfBsnMcRLA3FHfmAKS0=
30,14,bKDWdNpzXChjbAkmgb8asTc1Gtk=,hYJ8ZcjSqeL3u+7iI1kjf4fJYXU=
30,15,bKDWdNpzXChjbAkmgb8asTc1Gtk=,lW9f07RflcFenRpEG6DW7MPwuiA=
30,12,P2dC3fTSlM3qQwgz4yTN3xNYRDk=,Y0EsfYwS7eDEpdgzJ59xpJWuuIs=
30,13,P2dC3fTSlM3qQwgz4yTN3xNYRDk=,/4XmJFW/mKqYyeN39RC0oMaxbuU=
30,10,P2dC3fTSlM3qQwgz4yTN3xNYRDk=,A8DmeEkPFgw4GZoJPjhyqGU4Kgw=
30,11,P2dC3fTSlM3qQwgz4yTN3xNYRDk=,VpuPZFZWExbg9fEZVFAeaNBQnwI=
30,8,P2dC3fTSlM3qQwgz4yTN3xNYRDk=,Hof5rRQEp/IXQ9rrLgQvfTcsJ6c=
30,9,P2dC3fTSlM3qQwgz4yTN3xNYRDk=,H1JEKDp90CiQg/FkUmH38S8AAxA=
30,6,P2dC3fTSlM3qQwgz4yTN3xNYRDk=,bEBej84tm59iRSfRt0/E3eV6VH8=
30,7,P2dC3fTSlM3qQwgz4yTN3xNYRDk=,nGLuMsOlMeYV4jt2veHUrtPRD/w=
30,4,P2dC3fTSlM3qQwgz4yTN3xNYRDk=,k67SAg5EBxD/Pe+gk8jw7oKPP5U=
30,5,P2dC3fTSlM3qQwgz4yTN3xNYRDk=,xQI1Li6+mvVzKRpmpmg2YXGHGfY=
30,2,P2dC3fTSlM3qQwgz4yTN3xNYRDk=,YY8SoJ89N0kPFYAHHrfE5NPGjWk=
30,3,P2dC3fTSlM3qQwgz4yTN3xNYRDk=,pF622q4rmekDvgEwGZXr3RocDnU=
30,0,P2dC3fTSlM3qQwgz4yTN3xNYRDk=,SsXiDujEwsVGJfJOHidj6faG2+0=
30,1,P2dC3fTSlM3qQwgz4yTN3xNYRDk=,uY8IhMYwEvP4vKayEyGYXWNHvtU=
31,17,P2dC3fTSlM3qQwgz4yTN3xNYRDk=,4uHNML8mjVw7sz6EpO8p/ERyXR0=
31,16,P2dC3fTSlM3qQwgz4yTN3xNYRDk=,+n6gHGpyqI2SkJcu6DGcNMTAq4s=
31,15,P2dC3fTSlM3qQwgz4yTN3xNYRDk=,SfLoqffKr/K6Sz9r2QmjlyXe29A=
31,14,P2dC3fTSlM3qQwgz4yTN3xNYRDk=,JXshz+VuiLVnQkaf88WLCZ0n4FA=
31,13,4OVc90qyBj/IJLQSVOxq51GrGEQ=,PYgzu5Ko4cdQopnWQ3ZxQeTPKIU=
31,12,4OVc90qyBj/IJLQSVOxq51GrGEQ=,wquNKjKnldc2JfRmKz3XORku0N0=
31,11,4OVc90qyBj/IJLQSVOxq51GrGEQ=,//v/8ElF1uAACNnAii+862TzsvU=
31,10,4OVc90qyBj/IJLQSVOxq51GrGEQ=,tEk0IBhYUl+ADesgQF0TTWotKWU=
31,9,4OVc90qyBj/IJLQSVOxq51GrGEQ=,K8H1uUMo3IgjEOR6wS8rUGXQKzU=
31,8,4OVc90qyBj/IJLQSVOxq51GrGEQ=,NxCFJuJdE4Fg834afelbsxfemRE=
31,7,4OVc90qyBj/IJLQSVOxq51GrGEQ=,KkyRBYOObZnGzOU60jr2y0OL9gs=
31,6,4OVc90qyBj/IJLQSVOxq51GrGEQ=,jum5gyjIUlFYBCroh4rT6q2D0lI=
31,5,4OVc90qyBj/IJLQSVOxq51GrGEQ=,1BUsX3FoZSM+zEAc2UOgiGyE6CM=
31,4,4OVc90qyBj/IJLQSVOxq51GrGEQ=,/aDdUYtaa1ENHcBXxV1mcwsI8ZQ=
31,3,4OVc90qyBj/IJLQSVOxq51GrGEQ=,UThksGfHmrL6VX5LaZlTPDNKgkc=
31,2,4OVc90qyBj/IJLQSVOxq51GrGEQ=,YY8SoJ89N0kPFYAHHrfE5NPGjWk=
31,1,4OVc90qyBj/IJLQSVOxq51GrGEQ=,54eh0dOGKcVUPc2AIBk9mfp1Wlo=
31,0,4OVc90qyBj/IJLQSVOxq51GrGEQ=,vnTRJ3S18G1vZ+f9VpVbohbH2xw=
