31,-1,osltgpZr0+lXmja5eoWY1VjPCIo=,2CZR5aiwftj6vK5OfRPl4J2Gfms=
31,-2,osltgpZr0+lXmja5eoWY1VjPCIo=,KMNGYFhfq5763Eap/E/w5Vjuw3Y=
31,-3,osltgpZr0+lXmja5eoWY1VjPCIo=,h9Ze/i7YJeR8Bcdz5actZpJ+fYY=
31,-4,IqBwdS6odFxWBEN7hN77HQhHNYY=,NM9+F+oSLxBLISsEf7lq0VjxtiI=
31,-5,IqBwdS6odFxWBEN7hN77HQhHNYY=,4oQyPeQKQ+sIfL5oyQxq6FSBjp0=
31,-6,IqBwdS6odFxWBEN7hN77HQhHNYY=,lx60aHSAMrSWybOBCF54/+RUWyw=
31,-7,IqBwdS6odFxWBEN7hN77HQhHNYY=,jipKeo6uhjg0Sb7H7UpnG2N2CNc=
31,-8,IqBwdS6odFxWBEN7hN77HQhHNYY=,6RmXYAoQsBTwXXlUqztbegNrPVc=
31,-9,IqBwdS6odFxWBEN7hN77HQhHNYY=,1txQ6h+8uSx13QBmO184ye8dmo0=
31,-10,IqBwdS6odFxWBEN7hN77HQhHNYY=,0Xq6NEEXE+/mak+fESa6kzkIAEs=
31,-11,IqBwdS6odFxWBEN7hN77HQhHNYY=,26y96kvy2lB3BrrDxLmRFOd4H4g=
31,-12,IqBwdS6odFxWBEN7hN77HQhHNYY=,n3CryUS9ku+jL8lZVrJEcVDFXS4=
31,-13,IqBwdS6odFxWBEN7hN77HQhHNYY=,JfH0zaZNkQ2ppdqUHG+2WBsbNzo=
31,-14,IqBwdS6odFxWBEN7hN77HQhHNYY=,Hy4koXSJff2VWc2hswWm0X+SAwc=
31,-15,IqBwdS6odFxWBEN7hN77HQhHNYY=,MWUdBE7K4iUecmxZcpopYF/I9vc=
31,-16,IqBwdS6odFxWBEN7hN77HQhHNYY=,re3aHyCkQR5ZWp+RMQvOuTij3co=
31,-17,IqBwdS6odFxWBEN7hN77HQhHNYY=,8LmTfO5RVAJk+jWQ7rhO/q+B/cs=
31,-18,IqBwdS6odFxWBEN7hN77HQhHNYY=,8LmTfO5RVAJk+jWQ7rhO/q+B/cs=
30,-2,IqBwdS6odFxWBEN7hN77HQhHNYY=,JML4Z8jHt+jr/yHLP6AjD62E6C4=
30,-1,IqBwdS6odFxWBEN7hN77HQhHNYY=,+KLnp9AEyXbnBi0OLpNpD2OdFsA=
30,-4,IqBwdS6odFxWBEN7hN77HQhHNYY=,AcfNf/+SB92wC2U3hDdr0MCYMag=
30,-3,ofqIZ+EmduOrvcb/HpjUYZP76Vs=,GgIYffT2iCuVevxWauKZX6C92Mw=
30,-6,ofqIZ+EmduOrvcb/HpjUYZP76Vs=,p5tUZpypNo3CXHgYjyp5c9o6BY8=
30,-5,ofqIZ+EmduOrvcb/HpjUYZP76Vs=,Asz1dVTVo/McYY4n9jsgbtCXagA=
30,-8,ofqIZ+EmduOrvcb/HpjUYZP76Vs=,hl6kYFpgR2un0eXNt9Tim9mKlSM=
30,-7,ofqIZ+EmduOrvcb/HpjUYZP76Vs=,KRzVwYa0n1q8THiqg3Ci/FiwmJE=
30,-10,ofqIZ+EmduOrvcb/HpjUYZP76Vs=,D8Il2K+OGvDO3Jfk5mrW2usg7iA=
30,-9,ofqIZ+EmduOrvcb/HpjUYZP76Vs=,udCKpHIQHr0nqr95eedq8qCD58E=
30,-12,ofqIZ+EmduOrvcb/HpjUYZP76Vs=,GaajiCnujEYKSx3+RAIbzgZ/CCg=
30,-11,ofqIZ+EmduOrvcb/HpjUYZP76Vs=,XQBcny3VodZf+RleAu52BamzllU=
30,-14,ofqIZ+EmduOrvcb/HpjUYZP76Vs=,dmsCnAhSOTNyU7huoFryyjx2A0E=
30,-13,ofqIZ+EmduOrvcb/HpjUYZP76Vs=,SyjDCRDFJrRRS1rTEQN0898fFN4=
30,-16,ofqIZ+EmduOrvcb/HpjUYZP76Vs=,nUkrTlc6GT2qDrQ6ZwUs48LwfS0=
30,-15,ofqIZ+EmduOrvcb/HpjUYZP76Vs=,fhAGxLADlnvSBLKj282zsUyynAg=
30,-18,ofqIZ+EmduOrvcb/HpjUYZP76Vs=,WZ1ymrgH8AK71Gt5HzdDo8kQlVM=
30,-17,ofqIZ+EmduOrvcb/HpjUYZP76Vs=,uJD04HSJr7Pu8/s1TcdBYh7Ipmk=
29,-3,ofqIZ+EmduOrvcb/HpjUYZP76Vs=,+OkrT2VWyuzBVXJJkgWK9e4J3pw=
29,-4,ofqIZ+EmduOrvcb/HpjUYZP76Vs=,KYz3Oc9GgNF7YECFWPkC4vfLEKE=
29,-1,ofqIZ+EmduOrvcb/HpjUYZP76Vs=,As8/w06q3bf1xGeBZvc5r1W5Sfc=
29,-2,8Oyf49+XoHQBDCEbo4lJM2upiJk=,Vtr6IVjQz027m8QocQNHY9bmG4A=
29,-7,8Oyf49+XoHQBDCEbo4lJM2upiJk=,f2baXW1r6knapSkN8x8t9Jw58Gs=
29,-8,8Oyf49+XoHQBDCEbo4lJM2upiJk=,7vfc84hBHTO47G53sHCD+MpG2Ek=
29,-5,8Oyf49+XoHQBDCEbo4lJM2upiJk=,59LC/PzTe2s/0LrQaQn8YwtOaIg=
29,-6,8Oyf49+XoHQBDCEbo4lJM2upiJk=,ThNmljmnhnq1tPq+7MZ8kS6FSdg=
29,-11,8Oyf49+XoHQBDCEbo4lJM2upiJk=,hjjtLQhwbXPM0mDWpJeDQGe+S/w=
29,-12,8Oyf49+XoHQBDCEbo4lJM2upiJk=,6q4Ct4JqT/fTBQJ8EpbXCxeCX0g=
29,-9,8Oyf49+XoHQBDCEbo4lJM2upiJk=,XWE1+RyDShT826Uj9hood6vD5l0=
29,-10,8Oyf49+XoHQBDCEbo4lJM2upiJk=,kfftvMuAMR1Cwk5AZ7ohVMTlwBc=
29,-15,8Oyf49+XoHQBDCEbo4lJM2upiJk=,Bv3aQLjODVsehOom8erT+rBKuGE=
29,-16,8Oyf49+XoHQBDCEbo4lJM2upiJk=,5wxMcYKV9mkAQB853O06f/+OwXY=
29,-13,8Oyf49+XoHQBDCEbo4lJM2upiJk=,QurdocEdTJgBpFvnv4uXYgf9wd0=
29,-14,8Oyf49+XoHQBDCEbo4lJM2upiJk=,aCsunz5VH3vVpbbLe/wqHOdeAqI=
29,-17,8Oyf49+XoHQBDCEbo4lJM2upiJk=,vwJEZppowebVCxAdH8hHvvfG1Rs=
29,-18,8Oyf49+XoHQBDCEbo4lJM2upiJk=,DiMoY4Rf9Zg0JiPZ+WiHVNX83hw=
28,-4,8Oyf49+XoHQBDCEbo4lJM2upiJk=,IzUTZRtkyQ/yNW0vnEta7Giu5w8=
28,-3,8Oyf49+XoHQBDCEbo4lJM2upiJk=,jIm5D9Xdy4CRueH0t33m1zAs2kQ=
28,-2,8Oyf49+XoHQBDCEbo4lJM2upiJk=,WvcpeBmzLdo/FZxH2/U3DRTMLrU=
28,-1,G+8cjBb8mgJU1hUNZjbAxNNfc0E=,u+agGpcA1WCfig4pasXGlHZ7Nhs=
28,-8,G+8cjBb8mgJU1hUNZjbAxNNfc0E=,lr3DGlHQZMjTeQdn5K/KIMFfZLg=
28,-7,G+8cjBb8mgJU1hUNZjbAxNNfc0E=,Ui47wpuYSl2Z2YyqxSvKEZafsjs=
28,-6,G+8cjBb8mgJU1hUNZjbAxNNfc0E=,+WpAxKACmf4L1Xp353CHDuP4FiU=
28,-5,G+8cjBb8mgJU1hUNZjbAxNNfc0E=,TVV9W+IxjN/QhG8DIZYYSLsZ9pE=
28,-12,G+8cjBb8mgJU1hUNZjbAxNNfc0E=,H8zwtr35EpkFIdvgj6fPeyl4K0I=
28,-11,G+8cjBb8mgJU1hUNZjbAxNNfc0E=,tvROkMe1cfNUtUFNQS5DBFVzsGc=
28,-10,G+8cjBb8mgJU1hUNZjbAxNNfc0E=,onR9zBIVC8azIMKDSlqUkO/y78Y=
28,-9,G+8cjBb8mgJU1hUNZjbAxNNfc0E=,unj7QR9zsxYoIfdE/q9+UvFIVpY=
28,-16,G+8cjBb8mgJU1hUNZjbAxNNfc0E=,8jeRq1iWhyEYD0+Qr6OlnuRgoP4=
28,-15,G+8cjBb8mgJU1hUNZjbAxNNfc0E=,x+Hfm6Zgr/3Lhcv77rHiQguFQ94=
28,-14,G+8cjBb8mgJU1hUNZjbAxNNfc0E=,aCsunz5VH3vVpbbLe/wqHOdeAqI=
28,-13,G+8cjBb8mgJU1hUNZjbAxNNfc0E=,g//x3R3VRvVtFD48hHB2GVED/bo=
28,-18,G+8cjBb8mgJU1hUNZjbAxNNfc0E=,OdWr1v2l7jEqcGXMFjimrpMkmJI=
28,-17,G+8cjBb8mgJU1hUNZjbAxNNfc0E=,FhzWdQMsC+oHNA8ClOzhcNvPtD8=
27,-5,G+8cjBb8mgJU1hUNZjbAxNNfc0E=,imtw5yAVb1TtGD+CHySdiQuFShw=
27,-6,G+8cjBb8mgJU1hUNZjbAxNNfc0E=,UwMkd+ktEkTwrgNVWev7Lekl2Yk=
27,-7,G+8cjBb8mgJU1hUNZjbAxNNfc0E=,kQlDWGshbnR8pCQ/AJ4m7msxcl8=
27,-8,gkVglxpTqTjHxo1lRmJD6VNkI/k=,clBfW2amZijpDT1JDMuHEGWFY/s=
27,-1,gkVglxpTqTjHxo1lRmJD6VNkI/k=,k1h6JeicAT1AQLq2dp94/8swnss=
27,-2,gkVglxpTqTjHxo1lRmJD6VNkI/k=,1TSDMhWyalsLsWjenS/N/X7e+Ac=
27,-3,gkVglxpTqTjHxo1lRmJD6VNkI/k=,hO1RDurWLOOlbPWSQqiKe2nBjGY=
27,-4,gkVglxpTqTjHxo1lRmJD6VNkI/k=,imtw5yAVb1TtGD+CHySdiQuFShw=
27,-13,gkVglxpTqTjHxo1lRmJD6VNkI/k=,ltErikZUiHQGJlcCWovGpqEsprY=
27,-14,gkVglxpTqTjHxo1lRmJD6VNkI/k=,3jlo6FfupQH/6lb/cSeE/yZrkJY=
27,-15,gkVglxpTqTjHxo1lRmJD6VNkI/k=,ggpVzm/SgW+QYZG6MUOzGItU+7U=
27,-16,gkVglxpTqTjHxo1lRmJD6VNkI/k=,nYyjCb5VWgcM4iUkpH7YvJguYwg=
27,-9,gkVglxpTqTjHxo1lRmJD6VNkI/k=,W28hdXvzdA7c2dvD8FU3SfhFNsA=
27,-10,gkVglxpTqTjHxo1lRmJD6VNkI/k=,W28hdXvzdA7c2dvD8FU3SfhFNsA=
27,-11,gkVglxpTqTjHxo1lRmJD6VNkI/k=,bO2nMN0C5RDz2sHQEVAd1PsllBk=
27,-12,gkVglxpTqTjHxo1lRmJD6VNkI/k=,8EJXp0tHW1I21DWM9PLN910uTPk=
27,-17,gkVglxpTqTjHxo1lRmJD6VNkI/k=,YpO4h5Ek/Cft+ZQmS4V79RDH7BM=
27,-18,gkVglxpTqTjHxo1lRmJD6VNkI/k=,SUyH/LL6wBoTIZZ8COhOkchlJTA=
26,-6,gkVglxpTqTjHxo1lRmJD6VNkI/k=,8DMn+Z9orJNdKo+S2VgfrvYgK6Q=
26,-5,gkVglxpTqTjHxo1lRmJD6VNkI/k=,C1uOjShvIOnDBkR5doV5GELVNY8=
26,-8,gkVglxpTqTjHxo1lRmJD6VNkI/k=,LgllkZ1fYkBQKUyRCc3uOawBVu4=
26,-7,gkVglxpTqTjHxo1lRmJD6VNkI/k=,tHh9HDD1YQt3ZQ1sxb7dn44bvcs=
26,-2,W1f98yef4tby40xdodOGsZREhuU=,j0wg2jdE3nG/DS4TBPK3fsP4Zfo=
26,-1,W1f98yef4tby40xdodOGsZREhuU=,OJfcHlisAF7bQflebhR1phHZ/hg=
26,-4,W1f98yef4tby40xdodOGsZREhuU=,C1uOjShvIOnDBkR5doV5GELVNY8=
26,-3,W1f98yef4tby40xdodOGsZREhuU=,48R5YJ4bxJGEU0hh+J1dedxajVQ=
26,-14,W1f98yef4tby40xdodOGsZREhuU=,7Zmh8NVSiB0oVCXyI/lreFJP/u8=
26,-13,W1f98yef4tby40xdodOGsZREhuU=,qwWV0plRp9essXajuUxK2hAZLUo=
26,-16,W1f98yef4tby40xdodOGsZREhuU=,WnLdGezB0cCvYDrJplekrtzwAZA=
26,-15,W1f98yef4tby40xdodOGsZREhuU=,F+dgzbXagqByJ+J6pP4JlEztC6A=
26,-10,W1f98yef4tby40xdodOGsZREhuU=,W28hdXvzdA7c2dvD8FU3SfhFNsA=
26,-9,W1f98yef4tby40xdodOGsZREhuU=,W28hdXvzdA7c2dvD8FU3SfhFNsA=
26,-12,W1f98yef4tby40xdodOGsZREhuU=,TVaVZZWBz0VgQgYpf7yrCt3YU14=
26,-11,W1f98yef4tby40xdodOGsZREhuU=,/ecaoXHq/3WKqoTtdouHq66x+Bc=
26,-18,W1f98yef4tby40xdodOGsZREhuU=,L21UYsSWbYrDctqPciNPCmMZSkY=
26,-17,W1f98yef4tby40xdodOGsZREhuU=,3acBO6QGkVntkJsUd4GSzzz7yLs=
25,-7,W1f98yef4tby40xdodOGsZREhuU=,0Jad0t5dV8jEfopjjyP7CWc0I/Q=
25,-8,W1f98yef4tby40xdodOGsZREhuU=,5vdA+zofgy59FswuQOJCiXQlx+c=
25,-5,W1f98yef4tby40xdodOGsZREhuU=,YTj+UQu6T0X4JbLSI9fLg/oRxBc=
25,-6,W1f98yef4tby40xdodOGsZREhuU=,PulFd3pbZdwD8FRfmV1s1j7Hhyc=
25,-3,6FhadQZodP/Fbv7JFegd/s2j+Y0=,JwBb2bfr9Ab4VdgN5g+Qla8azFo=
25,-4,6FhadQZodP/Fbv7JFegd/s2j+Y0=,zpgCRAJDBx1z35UBVSSIe9U4tVQ=
25,-1,6FhadQZodP/Fbv7JFegd/s2j+Y0=,X/efs0cpmoPKFhRYYK67gL31+VM=
25,-2,6FhadQZodP/Fbv7JFegd/s2j+Y0=,vmVkqHqp8erNO8+geB+hShMCy8c=
25,-15,6FhadQZodP/Fbv7JFegd/s2j+Y0=,veQN0x8kiK3+BKXTmh5NoXGQ8LY=
25,-16,6FhadQZodP/Fbv7JFegd/s2j+Y0=,cIf7mCu4ZeFT1oRmn12oC0O3USg=
25,-13,6FhadQZodP/Fbv7JFegd/s2j+Y0=,N85SsM2+K/RHBTBjJWaCw1jc7Yw=
25,-14,6FhadQZodP/Fbv7JFegd/s2j+Y0=,eqgmxgz545avOZcMiFwfcDOMZ/A=
25,-11,6FhadQZodP/Fbv7JFegd/s2j+Y0=,+eJUVoyZM7b1q26cKAu4g1mLC0Y=
25,-12,6FhadQZodP/Fbv7JFegd/s2j+Y0=,B7uOSC1dZss6IZL0K+EJiSEAlAs=
25,-9,6FhadQZodP/Fbv7JFegd/s2j+Y0=,huFIt0WRrc0Acpq7+3a+StMHq50=
25,-10,6FhadQZodP/Fbv7JFegd/s2j+Y0=,RzO/62SpiEnZhSP1djubw8CNUMI=
25,-17,6FhadQZodP/Fbv7JFegd/s2j+Y0=,I1vTqc7Ks2UB8kWTZ3Y+9al/2mE=
25,-18,6FhadQZodP/Fbv7JFegd/s2j+Y0=,1KfKOFP81RdzstbHeS37maWIiHM=
24,-8,6FhadQZodP/Fbv7JFegd/s2j+Y0=,CeMM433NL5pIL4tCsTNSLSZbJ3U=
24,-7,6FhadQZodP/Fbv7JFegd/s2j+Y0=,ONAfED6mFNvkIL+ubSIovu5Q3hg=
24,-6,6FhadQZodP/Fbv7JFegd/s2j+Y0=,AibtJwgh45YV1ENcTbDFB5EBKOI=
24,-5,jaTi2PHSm77ofYoDsiB5mIibVWY=,r7+W85XrwWbkK+SbXiQye5A+roo=
24,-4,jaTi2PHSm77ofYoDsiB5mIibVWY=,hjXlmcHxOdqENX7B+j/jNSYRvuQ=
24,-3,jaTi2PHSm77ofYoDsiB5mIibVWY=,+dD1LrAv5/vbYBhTySkqpxPvV5w=
24,-2,jaTi2PHSm77ofYoDsiB5mIibVWY=,EBvGFLQVZGnRN6q2OTfUWaQer7o=
24,-1,jaTi2PHSm77ofYoDsiB5mIibVWY=,3MARVpw8It2PQIx3yQd2he6LjZ4=
24,-16,jaTi2PHSm77ofYoDsiB5mIibVWY=,gUSMGGUX3MjXLD/P1pNtXqyXjUA=
24,-15,jaTi2PHSm77ofYoDsiB5mIibVWY=,IPrFAsTpBEbBt+asVnET6ybm/EM=
24,-14,jaTi2PHSm77ofYoDsiB5mIibVWY=,C4DurNvNkveaCD2TXST02Uvd6lE=
24,-13,jaTi2PHSm77ofYoDsiB5mIibVWY=,JDWJwZmxvpXuQyS9PUTC15eJvxc=
24,-12,jaTi2PHSm77ofYoDsiB5mIibVWY=,JDWJwZmxvpXuQyS9PUTC15eJvxc=
24,-11,jaTi2PHSm77ofYoDsiB5mIibVWY=,i567Ba8MTwldmTQuomNiBFiRyJU=
24,-10,jaTi2PHSm77ofYoDsiB5mIibVWY=,vjxpLKsvOZjLplqZzoVd60eUqU4=
24,-9,jaTi2PHSm77ofYoDsiB5mIibVWY=,HabbI4wKY4sIoceOcrlN26T5bKQ=
24,-18,jaTi2PHSm77ofYoDsiB5mIibVWY=,nInuGY3/v7P0K8s48pleIGFT+YE=
24,-17,jaTi2PHSm77ofYoDsiB5mIibVWY=,nInuGY3/v7P0K8s48pleIGFT+YE=
23,-9,jaTi2PHSm77ofYoDsiB5mIibVWY=,ABEHRkPqpx5f2YXYl4qQJvvrALE=
23,-10,jaTi2PHSm77ofYoDsiB5mIibVWY=,b2R9nVvqEQwfLj+OMCFIermrjWg=
23,-11,jaTi2PHSm77ofYoDsiB5mIibVWY=,+6KZhK15GtEIxDlKExUkdBXwa6k=
23,-12,/hqrBM8ammUAGqxQnHfWsJNa3F8=,HeqO9umbH3derP6lglXJg/0zmbc=
23,-13,/hqrBM8ammUAGqxQnHfWsJNa3F8=,HeqO9umbH3derP6lglXJg/0zmbc=
23,-14,/hqrBM8ammUAGqxQnHfWsJNa3F8=,7BPUUyN4ymAqETq/Yr3yhjKSrMA=
23,-15,/hqrBM8ammUAGqxQnHfWsJNa3F8=,8SE+5WVl/AGFgZNu2cSZXhfBVWg=
23,-16,/hqrBM8ammUAGqxQnHfWsJNa3F8=,1lhyALzX5atxB422+kcB2yoOf9M=
23,-1,/hqrBM8ammUAGqxQnHfWsJNa3F8=,MxRQ3Sj0YknmlXQRC78+jTI8f1g=
23,-2,/hqrBM8ammUAGqxQnHfWsJNa3F8=,YZnK/70ItUarDWi+8RlW+kjYWrI=
23,-3,/hqrBM8ammUAGqxQnHfWsJNa3F8=,urLMxKqPGaUzY0r9TkUHBaMV3NU=
23,-4,/hqrBM8ammUAGqxQnHfWsJNa3F8=,kKKJkpfK6yKgGwo17Y0Jr2blkzU=
23,-5,/hqrBM8ammUAGqxQnHfWsJNa3F8=,e4BYQjiIeiigBos+RWRwIovTLYQ=
23,-6,/hqrBM8ammUAGqxQnHfWsJNa3F8=,7t//xJziGkgGxIG4G6dA9oL2sM8=
23,-7,/hqrBM8ammUAGqxQnHfWsJNa3F8=,zEfBFCeeCG/M8m280Ak5VNoTx84=
23,-8,/hqrBM8ammUAGqxQnHfWsJNa3F8=,yDE6COLw1H4YLxPutv/Khrkg3Wc=
23,-17,/hqrBM8ammUAGqxQnHfWsJNa3F8=,BtaO68WIDNrDrv/sr2r3WgHFqRQ=
23,-18,/hqrBM8ammUAGqxQnHfWsJNa3F8=,FlLnX3Td6j79Wa395V7wp9aUGUE=
22,-10,/hqrBM8ammUAGqxQnHfWsJNa3F8=,PM0SLNZfCuhVVOR5MWo5sGcMV2Y=
22,-9,/hqrBM8ammUAGqxQnHfWsJNa3F8=,kxPkXItzRQDgkVHqPP5nmhGyF7w=
22,-12,/hqrBM8ammUAGqxQnHfWsJNa3F8=,OrUlv8X9OkGz+VwsH5PBQAifhNo=
22,-11,/hqrBM8ammUAGqxQnHfWsJNa3F8=,8gnfkO1nxgkwhQq0wR/xdo3D7uo=
22,-14,GlZJUgLUdeJF12BEMn14XWJRnoI=,I38A8pCaS+w2Ar2AuMEtCmlHy5U=
22,-13,GlZJUgLUdeJF12BEMn14XWJRnoI=,shW7xUVQoqgsw+r7P8L0GVBzv/k=
22,-16,GlZJUgLUdeJF12BEMn14XWJRnoI=,x/z7ZSd+Y6W5JNNmBymxFNwWZQ0=
22,-15,GlZJUgLUdeJF12BEMn14XWJRnoI=,MhOtSSgMWKsAvEe55sfkWoICaDA=
22,-2,GlZJUgLUdeJF12BEMn14XWJRnoI=,apIn4VgQoRQtcpU4WrQOLvR1Sf0=
22,-1,GlZJUgLUdeJF12BEMn14XWJRnoI=,XeKqWfzjgmYgrgoOvXm4fnA4iTo=
22,-4,GlZJUgLUdeJF12BEMn14XWJRnoI=,Uy83j+D0dK51oMFr/ofCXXSUmNo=
22,-3,GlZJUgLUdeJF12BEMn14XWJRnoI=,6W2jbFK1dbNgXShJClxyp+2wtho=
22,-6,GlZJUgLUdeJF12BEMn14XWJRnoI=,fcxLhBTo62OTHfH0Nf6Z9DR69lI=
22,-5,GlZJUgLUdeJF12BEMn14XWJRnoI=,jbHDUPAhNxx8PuMD/uc3fq6Bh+o=
22,-8,GlZJUgLUdeJF12BEMn14XWJRnoI=,6e6xCnKalKFm+xLXkWwNeTuIjro=
22,-7,GlZJUgLUdeJF12BEMn14XWJRnoI=,q0gnAkn2Kv9BytRrtn40ZwRrCmg=
22,-18,GlZJUgLUdeJF12BEMn14XWJRnoI=,eW8fZLTKCVdWeQrsuJY8HqYtTuw=
22,-17,GlZJUgLUdeJF12BEMn14XWJRnoI=,V9D6PZ2LzJUK2T1yCekZP0MCXoI=
21,-11,GlZJUgLUdeJF12BEMn14XWJRnoI=,oL5Q/AC9Chfh2sI2YZUv4ofm0dA=
21,-12,GlZJUgLUdeJF12BEMn14XWJRnoI=,yaeE++/ukoyHSqD8yCZ7puNeXy0=
21,-9,GlZJUgLUdeJF12BEMn14XWJRnoI=,Fri5X759fr7av02uNIIj8In2y/g=
21,-10,GlZJUgLUdeJF12BEMn14XWJRnoI=,iBjb+QBpJIeLOsRQPy+dK0fTBNo=
21,-15,lAL0F+ePe+vaNeJA6UeCgdVjxqo=,n+ufcu0qsM/k7OiqOZdyOW+HiqI=
21,-16,lAL0F+ePe+vaNeJA6UeCgdVjxqo=,Y5RtuXARmgczckTG9FtpOmNdzfc=
21,-13,lAL0F+ePe+vaNeJA6UeCgdVjxqo=,A09PaeQPeoMFidJeHKAl1PFKaXM=
21,-14,lAL0F+ePe+vaNeJA6UeCgdVjxqo=,15+MAX0/oI9kfREy5+OdIVVfJas=
21,-3,lAL0F+ePe+vaNeJA6UeCgdVjxqo=,YQwXL+0DUneND4J7FZZ4wAzJ/4U=
21,-4,lAL0F+ePe+vaNeJA6UeCgdVjxqo=,Uy83j+D0dK51oMFr/ofCXXSUmNo=
21,-1,lAL0F+ePe+vaNeJA6UeCgdVjxqo=,m7K/G3c9MusWAJVCV5a+BAcvNJo=
21,-2,lAL0F+ePe+vaNeJA6UeCgdVjxqo=,RTvMMApRaoZUdWQtM+uNVGQTeIc=
21,-7,lAL0F+ePe+vaNeJA6UeCgdVjxqo=,ZmScgkuXFG3TWRhG1kxYzeED6/8=
21,-8,lAL0F+ePe+vaNeJA6UeCgdVjxqo=,MfaLOs7C4D+xg8jjQEsK5VSaUcg=
21,-5,lAL0F+ePe+vaNeJA6UeCgdVjxqo=,r8wkGjJMOElUtiVxQjSCcJh+png=
21,-6,lAL0F+ePe+vaNeJA6UeCgdVjxqo=,tbS5AM7TzriOdtq+BYMPpORFSTY=
21,-17,lAL0F+ePe+vaNeJA6UeCgdVjxqo=,n1y6TU0mB00JNZyRn9V6neevfhQ=
21,-18,lAL0F+ePe+vaNeJA6UeCgdVjxqo=,rbthsf49rVcH9GU6+TXiTAZoyZI=
20,-12,lAL0F+ePe+vaNeJA6UeCgdVjxqo=,jfq+BM79eZceS6NgC2cE7b2crV8=
20,-11,lAL0F+ePe+vaNeJA6UeCgdVjxqo=,vFzT3/aXU6qSC+mIFxelEN3Z/FY=
20,-10,lAL0F+ePe+vaNeJA6UeCgdVjxqo=,3/CqRiwk3ACbQMykOOJ92xqnla0=
20,-9,lAL0F+ePe+vaNeJA6UeCgdVjxqo=,jjiXqFH4kJWvA2sWj7qU7E/+nQ4=
20,-16,bcvr0p26BqS2Rju4egyOoDfyH2U=,8MqkyXRMFN7s+lQtBCkbpELm9tk=
20,-15,bcvr0p26BqS2Rju4egyOoDfyH2U=,hh/IwdDjGIdVOFIGCnU+n6JlS2Y=
20,-14,bcvr0p26BqS2Rju4egyOoDfyH2U=,5gL+plrTfkAnfMJtUYX3rnjdDXs=
20,-13,bcvr0p26BqS2Rju4egyOoDfyH2U=,Y9slGCeJDtoO6ol+Lu+3DovgwJA=
20,-4,bcvr0p26BqS2Rju4egyOoDfyH2U=,dcJvOJfAELa2TE9MU5dueCNKgG8=
20,-3,bcvr0p26BqS2Rju4egyOoDfyH2U=,I/qNcG0J/C1k0RKpxUf3Uu6kg3I=
20,-2,bcvr0p26BqS2Rju4egyOoDfyH2U=,Texb12X/kbw5g0y43nA+b45GSRM=
20,-1,bcvr0p26BqS2Rju4egyOoDfyH2U=,D3XY528U+bUQSeCRgBvvCkcZsGI=
20,-8,bcvr0p26BqS2Rju4egyOoDfyH2U=,k7o57Nkqrv23K5rQSMnLqV8/BR0=
20,-7,bcvr0p26BqS2Rju4egyOoDfyH2U=,Nn5k8XJjMKAh84UhW68Kuux5MUk=
20,-6,bcvr0p26BqS2Rju4egyOoDfyH2U=,B2/IIzvFvFhK0wQf3ez9Tdt5WGw=
20,-5,bcvr0p26BqS2Rju4egyOoDfyH2U=,plIEf7uQgg/0z3ClLnge5KXV1Jo=
20,-18,bcvr0p26BqS2Rju4egyOoDfyH2U=,XLOg8IwUaKMl314peGdkAgwgRfw=
20,-17,bcvr0p26BqS2Rju4egyOoDfyH2U=,6BK1k9asvbS91jGQzK7b3u43dvM=
19,-13,bcvr0p26BqS2Rju4egyOoDfyH2U=,oX/9v26tHjpGhjfXMsuz5KDNj+g=
19,-14,bcvr0p26BqS2Rju4egyOoDfyH2U=,oX/9v26tHjpGhjfXMsuz5KDNj+g=
19,-15,bcvr0p26BqS2Rju4egyOoDfyH2U=,KZl8Be4HhBBphGRKvk6IlbHplUo=
19,-16,bcvr0p26BqS2Rju4egyOoDfyH2U=,ivsrBibeHgblLETE5+/7geM5dS8=
19,-9,Hgv8WGymNuPWIFma0sVasI77rTg=,+ocqOR5FkLiRA/cEC2S4hmt/GD8=
19,-10,Hgv8WGymNuPWIFma0sVasI77rTg=,CerUAvtwIHgPzrD7pHVwkgb1Ixk=
19,-11,Hgv8WGymNuPWIFma0sVasI77rTg=,oX/9v26tHjpGhjfXMsuz5KDNj+g=
19,-12,Hgv8WGymNuPWIFma0sVasI77rTg=,oX/9v26tHjpGhjfXMsuz5KDNj+g=
19,-5,Hgv8WGymNuPWIFma0sVasI77rTg=,rKvvXth8ZsXxA/NSuYSCjjyOPo0=
19,-6,Hgv8WGymNuPWIFma0sVasI77rTg=,I2BOpg0bcwjQR3YXvB0Gve9ZH08=
19,-7,Hgv8WGymNuPWIFma0sVasI77rTg=,0T9iU5lE14Bg5ry1kMZ2ehYr9uM=
19,-8,Hgv8WGymNuPWIFma0sVasI77rTg=,3+WV83an+wTg1IZVfiIx7odOSNI=
19,-1,Hgv8WGymNuPWIFma0sVasI77rTg=,F4p7YeKciPP0t573hRN6XMiEoO4=
19,-2,Hgv8WGymNuPWIFma0sVasI77rTg=,D3XY528U+bUQSeCRgBvvCkcZsGI=
19,-3,Hgv8WGymNuPWIFma0sVasI77rTg=,Z9eno+WK4C8Ecfnx7y7jJjODJqI=
19,-4,Hgv8WGymNuPWIFma0sVasI77rTg=,kXJY9sucnGG4NEqJHkvPPbnuCg4=
19,-17,Hgv8WGymNuPWIFma0sVasI77rTg=,nl8e0xXKtGmh5nPVmKjFKQe/3h0=
19,-18,Hgv8WGymNuPWIFma0sVasI77rTg=,eTvPYf7l57i4iW+nDLjONeHxi/U=
18,-14,Hgv8WGymNuPWIFma0sVasI77rTg=,gI+4FQCsuuYSfzyLx15bOgw+V7U=
18,-13,Hgv8WGymNuPWIFma0sVasI77rTg=,Fq7PFihuZGXRkL0pvSMAU56OcQU=
18,-16,Hgv8WGymNuPWIFma0sVasI77rTg=,A1Y521eQhZh2V+VEFSS7iaDzDf0=
18,-15,Hgv8WGymNuPWIFma0sVasI77rTg=,bHNPzII++GCYmaMENaZQK8LhLzs=
18,-10,uJll8cTrtqE56JNJDt8Pm5rVkms=,NLR9pLZQnvL2E/AfJkyUNXRbyGg=
18,-9,uJll8cTrtqE56JNJDt8Pm5rVkms=,2I61nQJYK0wTwoNFroKKempLgiI=
18,-12,uJll8cTrtqE56JNJDt8Pm5rVkms=,ea/Y+0sVMXQBe6kgg5iH3b0mFak=
18,-11,uJll8cTrtqE56JNJDt8Pm5rVkms=,N0niR8HEZTorAot3uOXYPY8LKVU=
18,-6,uJll8cTrtqE56JNJDt8Pm5rVkms=,DQwLfShwOdGEe99Q+AH6AF0SWzM=
18,-5,uJll8cTrtqE56JNJDt8Pm5rVkms=,hkMZCHFtWnzAdDNBeZM8DnMRyF0=
18,-8,uJll8cTrtqE56JNJDt8Pm5rVkms=,JhreMEN3rznxIlwyr1O5dyfhLPY=
18,-7,uJll8cTrtqE56JNJDt8Pm5rVkms=,oZbEb9YXdwA3B18ITUvYYZMbvss=
18,-2,uJll8cTrtqE56JNJDt8Pm5rVkms=,tCwWoXQdaYtoJo9jyf1+tUKlhho=
18,-1,uJll8cTrtqE56JNJDt8Pm5rVkms=,yPabDZjse7izVGmlRRUH9IiwwAk=
18,-4,uJll8cTrtqE56JNJDt8Pm5rVkms=,FHp0yHefVUxRg/gx0F7hHgK2Xj8=
18,-3,uJll8cTrtqE56JNJDt8Pm5rVkms=,3j8SKoQ6RA+cx1EVQSGPcqVMky8=
18,-18,uJll8cTrtqE56JNJDt8Pm5rVkms=,jStWig2op4DRYMwc+z17Og0tLcs=
18,-17,uJll8cTrtqE56JNJDt8Pm5rVkms=,9JF9e7VJ/u+xHoufmbJaSpQyuzw=
17,-15,uJll8cTrtqE56JNJDt8Pm5rVkms=,oZ2teJO1kiCnPGeHjqTZhh60i0c=
17,-16,uJll8cTrtqE56JNJDt8Pm5rVkms=,/VI54S7m1X5kvUG4rkfi5itDMYU=
17,-13,uJll8cTrtqE56JNJDt8Pm5rVkms=,1pcx+y9UcfAJCbayiyKfp59DBiw=
17,-14,uJll8cTrtqE56JNJDt8Pm5rVkms=,yUfDyaCoT1s7OZ5na7N/E9Td1kY=
17,-11,MmLn/l5gmYCFRe0uPd8i3ENTEY0=,lfXs0zTAXfgi7OpPQSJO/KYypsw=
17,-12,MmLn/l5gmYCFRe0uPd8i3ENTEY0=,uAbmNJw5UvrbAd2Ofrwlte61K8M=
17,-9,MmLn/l5gmYCFRe0uPd8i3ENTEY0=,yrdFxhrgpDpiJrpShICw+fri4hg=
17,-10,MmLn/l5gmYCFRe0uPd8i3ENTEY0=,rI9J+/PXaJUkZkPu8yN6BXC6zo8=
17,-7,MmLn/l5gmYCFRe0uPd8i3ENTEY0=,FVVpspNxku3FmA2rZ0nNaxLoVl0=
17,-8,MmLn/l5gmYCFRe0uPd8i3ENTEY0=,jcLDr6ahXjnFkqQFdC2jYJEqVyc=
17,-5,MmLn/l5gmYCFRe0uPd8i3ENTEY0=,gKAi8zgE24RkBkOkyox5qAKp7Uk=
17,-6,MmLn/l5gmYCFRe0uPd8i3ENTEY0=,mS8dklFR0jmQONVOa+uFHApViSU=
17,-3,MmLn/l5gmYCFRe0uPd8i3ENTEY0=,E0jtCaKcVS8RRlMvONrFkVp2x4k=
17,-4,MmLn/l5gmYCFRe0uPd8i3ENTEY0=,aONObgvc6ejnjrKESRRL0lkkTBQ=
17,-1,MmLn/l5gmYCFRe0uPd8i3ENTEY0=,Dd7s5jgEQEC/w1hfjbHCjGTK0Z4=
17,-2,MmLn/l5gmYCFRe0uPd8i3ENTEY0=,eU5ofCvIstOp0Njr1somBMETUy0=
17,-17,MmLn/l5gmYCFRe0uPd8i3ENTEY0=,CigN1UtpCMC+7CVZ4QhB8KxQH/8=
17,-18,MmLn/l5gmYCFRe0uPd8i3ENTEY0=,L01Hk2wooRVNxLjYRtLqVVwm12I=
16,-16,MmLn/l5gmYCFRe0uPd8i3ENTEY0=,Uw6bMNc4KLfAizsqTnrvwMoPVlE=
16,-15,MmLn/l5gmYCFRe0uPd8i3ENTEY0=,i42xEmLWRIVOBq/F0Q3L2GaapIs=
16,-14,MmLn/l5gmYCFRe0uPd8i3ENTEY0=,zOOAZenmG3KMnh7ziZvN90LBXPo=
16,-13,MmLn/l5gmYCFRe0uPd8i3ENTEY0=,6bU1y92sb08ULt7/Ymrd++jadh4=
16,-12,MmLn/l5gmYCFRe0uPd8i3ENTEY0=,Mu82eTrtpR2WkUqV57F+PL0qPeI=
16,-11,MmLn/l5gmYCFRe0uPd8i3ENTEY0=,+IsYArwKxWSz2ShDv/9IRnLaC0Q=
16,-10,k6j6Vl89v3m1uj7QLD4fkbKNK+A=,Iw7si6sXfLAf4KBbcYe0SHVX0hE=
16,-9,k6j6Vl89v3m1uj7QLD4fkbKNK+A=,zMyFw3LOizIb2SLXffQxHpkLoRY=
16,-8,k6j6Vl89v3m1uj7QLD4fkbKNK+A=,HhmJaBNHvFUtWEw033AUrLbKJY4=
16,-7,k6j6Vl89v3m1uj7QLD4fkbKNK+A=,Nx5hwqFI+fjtmVmukKEVYTynsvM=
16,-6,k6j6Vl89v3m1uj7QLD4fkbKNK+A=,xiHkXTYgGbZtboJLkc9Gd7P4avY=
16,-5,k6j6Vl89v3m1uj7QLD4fkbKNK+A=,qjkoKtqnjpKAlaQ8fHMiC9uT/LY=
16,-4,k6j6Vl89v3m1uj7QLD4fkbKNK+A=,E0jtCaKcVS8RRlMvONrFkVp2x4k=
16,-3,k6j6Vl89v3m1uj7QLD4fkbKNK+A=,oYl4AtAZ3yAhJ03K3+BUrtWVO7s=
16,-2,k6j6Vl89v3m1uj7QLD4fkbKNK+A=,3uCbG1K4gu36SfKztVvmmh6fQt8=
16,-1,k6j6Vl89v3m1uj7QLD4fkbKNK+A=,VhjK2+ouGMIKL1DnCbRXGhX0BMw=
16,-18,k6j6Vl89v3m1uj7QLD4fkbKNK+A=,9FPMUpTn5wd959Ci4ckyMoUoV7o=
16,-17,k6j6Vl89v3m1uj7QLD4fkbKNK+A=,47XnY49sUFmRoaiKwPSogeKJ2GM=
15,-17,k6j6Vl89v3m1uj7QLD4fkbKNK+A=,90E2yZE7h2SvBcGQL9jx1Frloew=
15,-18,k6j6Vl89v3m1uj7QLD4fkbKNK+A=,B5mljgki/aFS2ntuaLE9oW/agJY=
15,-1,k6j6Vl89v3m1uj7QLD4fkbKNK+A=,PpKzX9gaNlnBs+P/9OlgutgYTJc=
15,-2,k6j6Vl89v3m1uj7QLD4fkbKNK+A=,dR7Nu78g9XvaB4YZQ7S7RzgsF1Y=
15,-3,uVq68JuT7w7LNE0dLz1XIWA/aQE=,4Xwu3DkRX5APg9ko4s4FZYu2804=
15,-4,uVq68JuT7w7LNE0dLz1XIWA/aQE=,66g792PXJYl7Nou48r2a6yM7wEI=
15,-5,uVq68JuT7w7LNE0dLz1XIWA/aQE=,vNjfAukuo6r2ZZ2h2FUbVoUCbRI=
15,-6,uVq68JuT7w7LNE0dLz1XIWA/aQE=,n7jkUQO/QsveKu+BCMpJlWf6NTs=
15,-7,uVq68JuT7w7LNE0dLz1XIWA/aQE=,Q7Sliy1pzSwxUTuEwofHESsm2vE=
15,-8,uVq68JuT7w7LNE0dLz1XIWA/aQE=,yuU0cjcj032SXrEZyzJBNMncDOU=
15,-9,uVq68JuT7w7LNE0dLz1XIWA/aQE=,mObt4I7wsPR153ZOa/NhTX82a+g=
15,-10,uVq68JuT7w7LNE0dLz1XIWA/aQE=,vyKXehadAy3f5PPNnv2d4RmeL8o=
15,-11,uVq68JuT7w7LNE0dLz1XIWA/aQE=,d7+X1qqvFVO2TDjQmjNmfyOIMds=
15,-12,uVq68JuT7w7LNE0dLz1XIWA/aQE=,Py7ooljiyHtsovhvoGvqUd440Ng=
15,-13,uVq68JuT7w7LNE0dLz1XIWA/aQE=,DEGYppoFjysIjDdxgTXmuNJkCRc=
15,-14,uVq68JuT7w7LNE0dLz1XIWA/aQE=,N+W+PHU7gUTMiHjMIXMLES19amw=
15,-15,uVq68JuT7w7LNE0dLz1XIWA/aQE=,MnOZQXEUCz3anMkbQ4ZIBb+X6bc=
15,-16,uVq68JuT7w7LNE0dLz1XIWA/aQE=,bsU8dC/f2//T+TjNmxdY3rksQjU=
14,-18,uVq68JuT7w7LNE0dLz1XIWA/aQE=,soBqLnLpRN7rNyyWtVY4kK8680g=
14,-17,uVq68JuT7w7LNE0dLz1XIWA/aQE=,BwBS4nKufE7rQgi4W9zVVoQSzHE=
14,-2,uVq68JuT7w7LNE0dLz1XIWA/aQE=,jhPPcLAJ/GLhmXcbUsspU/Mdp84=
14,-1,uVq68JuT7w7LNE0dLz1XIWA/aQE=,0XEDyTxVUkB5rpCdy1LbWrpRXxU=
14,-4,ZaI+i2BWIJahWTS1Zh6jhWcW30o=,Wx8nQLuhJaYX+/l5AAbpeKZlYBg=
14,-3,ZaI+i2BWIJahWTS1Zh6jhWcW30o=,nJsRow0t9cl5efrzlH54p8/qyT8=
14,-6,ZaI+i2BWIJahWTS1Zh6jhWcW30o=,ObrDNqH4+/K01lucWqj+GTsgJFU=
14,-5,ZaI+i2BWIJahWTS1Zh6jhWcW30o=,lGjoTPSTRo60wnWOxIOgmXCSHEs=
14,-8,ZaI+i2BWIJahWTS1Zh6jhWcW30o=,mb03NJw1Q8NBM/dI1/p0w06K1ag=
14,-7,ZaI+i2BWIJahWTS1Zh6jhWcW30o=,t0nGRFnyanZ92/250TLT9EBxA/U=
14,-10,ZaI+i2BWIJahWTS1Zh6jhWcW30o=,yugTBb3VUAxYYwH8xpUhDvmDm/8=
14,-9,ZaI+i2BWIJahWTS1Zh6jhWcW30o=,ssGHaM1uIqMaUqVw4BWQiZncrHc=
14,-12,ZaI+i2BWIJahWTS1Zh6jhWcW30o=,Ibbpgc0VLpzE1lPM2GUuIeAlJJQ=
14,-11,ZaI+i2BWIJahWTS1Zh6jhWcW30o=,s1OxySU+eocDrWP6eYW+LOkRh10=
14,-14,ZaI+i2BWIJahWTS1Zh6jhWcW30o=,BVGzw3FdFQPQ2PSuixHJXKk87dk=
14,-13,ZaI+i2BWIJahWTS1Zh6jhWcW30o=,8H7v5W7gsbVlna50SGpPHsq3w00=
14,-16,ZaI+i2BWIJahWTS1Zh6jhWcW30o=,MZrgfIEK7hVHB4ZqBE57c08OJ4A=
14,-15,ZaI+i2BWIJahWTS1Zh6jhWcW30o=,DhOuBo5rq+JE6YZFhbf4snf88rM=
13,-17,ZaI+i2BWIJahWTS1Zh6jhWcW30o=,nbkVSDkiuo+PQDipHgm5P8tuSvg=
13,-18,ZaI+i2BWIJahWTS1Zh6jhWcW30o=,6ggn0GoC6nOvCbGnwlgPA8N6t5U=
13,-3,ZaI+i2BWIJahWTS1Zh6jhWcW30o=,yv5wisWkl3SJEhwu+oJHIFyHyxE=
13,-4,uEC8rZXyCEu8jmTSi6zD+jFiII4=,L35MZOAhAdk7P8Y+jS1rI5qPZlg=
13,-1,uEC8rZXyCEu8jmTSi6zD+jFiII4=,iB1qd7HBeMABYFw4Sqqh4CrSuAA=
13,-2,uEC8rZXyCEu8jmTSi6zD+jFiII4=,gohON8xi/emuK/uGedIWTcODDgA=
13,-7,uEC8rZXyCEu8jmTSi6zD+jFiII4=,VwXHTPFL3h8IF9L2bRwa5HrFQdQ=
13,-8,uEC8rZXyCEu8jmTSi6zD+jFiII4=,bMCvEAJJmYsLNHmcd0mjfuYQino=
13,-5,uEC8rZXyCEu8jmTSi6zD+jFiII4=,HY1HryKwGSnnYQ5mKfsy4IcIUTo=
13,-6,uEC8rZXyCEu8jmTSi6zD+jFiII4=,7sYkjH9QCC4EZBFEJvagOljTsfI=
13,-11,uEC8rZXyCEu8jmTSi6zD+jFiII4=,oiZq5r92+pUxKLFY239wmVnNNOg=
13,-12,uEC8rZXyCEu8jmTSi6zD+jFiII4=,NtfL+fb6nu0PR3cgV3QIVbgeGrs=
13,-9,uEC8rZXyCEu8jmTSi6zD+jFiII4=,ssGHaM1uIqMaUqVw4BWQiZncrHc=
13,-10,uEC8rZXyCEu8jmTSi6zD+jFiII4=,SCRy1hWGdKfB+K1UisaCtsqJ1l0=
13,-15,uEC8rZXyCEu8jmTSi6zD+jFiII4=,MlvR2oZ50iUI+3AzuY6O5+TPiJg=
13,-16,uEC8rZXyCEu8jmTSi6zD+jFiII4=,QgfHwBy8Vu5Ki3ol4yXH9csAYuI=
13,-13,uEC8rZXyCEu8jmTSi6zD+jFiII4=,G3011oFXP5mVtpvwc/UgXZSpNyY=
13,-14,uEC8rZXyCEu8jmTSi6zD+jFiII4=,j482nZHhm/0EdJPoWZ2D8mQvJlI=
12,-18,uEC8rZXyCEu8jmTSi6zD+jFiII4=,znDRB9hkZa5dyL+kPpj6vj869FI=
12,-17,uEC8rZXyCEu8jmTSi6zD+jFiII4=,Dm37Venht6z6kazB2Ait5JQ2b9k=
12,-4,uEC8rZXyCEu8jmTSi6zD+jFiII4=,xpoW7KF70H3lrbuFHuEeXe8R99Y=
12,-3,YHIgNAxHZK6p/MVMM0x2BVUL+vo=,16XzR8lAL+3338UuBJUQAee6KKs=
12,-2,YHIgNAxHZK6p/MVMM0x2BVUL+vo=,8dsQaR//+MOaMqoJmJZS0Rp1u4s=
12,-1,YHIgNAxHZK6p/MVMM0x2BVUL+vo=,ua5KBO6BLKIfKgm720hqBnLcB38=
12,-8,YHIgNAxHZK6p/MVMM0x2BVUL+vo=,qrLZk6tHwkkLJnqcZKMkfrod79o=
12,-7,YHIgNAxHZK6p/MVMM0x2BVUL+vo=,+vX+1wbx9hH+pw+uJ3y4TqRKre4=
12,-6,YHIgNAxHZK6p/MVMM0x2BVUL+vo=,K1NHvqEVLmPfggJagawQ2V/6QXU=
12,-5,YHIgNAxHZK6p/MVMM0x2BVUL+vo=,vruoCI3nWPY4Dj8eWrwiRhl9Juc=
12,-12,YHIgNAxHZK6p/MVMM0x2BVUL+vo=,A8ELGkQ9EY1G0UDFA4b7MdEhm9E=
12,-11,YHIgNAxHZK6p/MVMM0x2BVUL+vo=,cdiwiw225F4jZIDFqJwVuud9r94=
12,-10,YHIgNAxHZK6p/MVMM0x2BVUL+vo=,OJfqrlLb8rjTYdGBdjPdWlPpkwI=
12,-9,YHIgNAxHZK6p/MVMM0x2BVUL+vo=,E8XvlB857jyA4GxzsP6WWbxT+Sc=
12,-16,YHIgNAxHZK6p/MVMM0x2BVUL+vo=,03Rx5mV3OSEHmoKKdcxHJlFH5Ow=
12,-15,YHIgNAxHZK6p/MVMM0x2BVUL+vo=,SaZseTOQcb1vdYbHRLAkEntpCwQ=
12,-14,YHIgNAxHZK6p/MVMM0x2BVUL+vo=,uaIe8lEnarzI56NIno/LEF2VdOI=
12,-13,YHIgNAxHZK6p/MVMM0x2BVUL+vo=,Snj4cb+gb5MbIkm9R4xYzmSaUQg=
11,-17,YHIgNAxHZK6p/MVMM0x2BVUL+vo=,6SXYl8pUKr7uzrboIbDav4hcMGY=
11,-18,YHIgNAxHZK6p/MVMM0x2BVUL+vo=,p6KWvQjpyo+Woo9xwzK08bd8FBM=
11,-5,YHIgNAxHZK6p/MVMM0x2BVUL+vo=,XYWdP6QRBbse/RMy39vYm62n6GA=
11,-6,YHIgNAxHZK6p/MVMM0x2BVUL+vo=,BI/8Y9Wh/SRSeIxpVGhrkhN3i8Y=
11,-7,MR/Ub05wTxuazhRP4tsJ8FkLmv0=,y5NFU+5Y9o5J2db2mumQKkxPGV4=
11,-8,MR/Ub05wTxuazhRP4tsJ8FkLmv0=,1ZiEL1z4lHXwAJ1Zhjr6i/RfoVk=
11,-1,MR/Ub05wTxuazhRP4tsJ8FkLmv0=,MsIlL4FU8EviGTqWoNq5JiXvtYA=
11,-2,MR/Ub05wTxuazhRP4tsJ8FkLmv0=,76d6OEjY4XAf64OpGV/KKlajVpM=
11,-3,MR/Ub05wTxuazhRP4tsJ8FkLmv0=,16XzR8lAL+3338UuBJUQAee6KKs=
11,-4,MR/Ub05wTxuazhRP4tsJ8FkLmv0=,0XN1QloM5YLWebLSHl/RiXvvlI4=
11,-13,MR/Ub05wTxuazhRP4tsJ8FkLmv0=,Gxgqqdtns8xkE+UPoBXCMrLlcYo=
11,-14,MR/Ub05wTxuazhRP4tsJ8FkLmv0=,IWJDTYb9RBpTKJuFH+lExgEUOgo=
11,-15,MR/Ub05wTxuazhRP4tsJ8FkLmv0=,VxN0REjh+l7l4v42WZyibfQI+bs=
11,-16,MR/Ub05wTxuazhRP4tsJ8FkLmv0=,uuvkj0nLIghJcbMuiO2pK85iATw=
11,-9,MR/Ub05wTxuazhRP4tsJ8FkLmv0=,ujZ2C6xbBD8wySqRGCXDifwUhqA=
11,-10,MR/Ub05wTxuazhRP4tsJ8FkLmv0=,VbQje6UjXGbjt8+BDDuj7pAn4xA=
11,-11,MR/Ub05wTxuazhRP4tsJ8FkLmv0=,V0yhiSgoVrSP/wZUioky1qGJ1gA=
11,-12,MR/Ub05wTxuazhRP4tsJ8FkLmv0=,NbdA66Qp42THhHlIOb99U3W2MBc=
10,-18,MR/Ub05wTxuazhRP4tsJ8FkLmv0=,Fp0mtLBjJZ40+/A5y9w1biIMJ+E=
10,-17,MR/Ub05wTxuazhRP4tsJ8FkLmv0=,oPSiNlS3kDvhw9rL4DcE1Thzi+g=
10,-6,MR/Ub05wTxuazhRP4tsJ8FkLmv0=,6bJNRSX0eJm9aOGzxoyrc8MgIzo=
10,-5,MR/Ub05wTxuazhRP4tsJ8FkLmv0=,Q2AvehoIWa8qYZExhWa3AShqvvA=
10,-8,4iHS4oJOzvuji7kAsUUqNV6hvuA=,XCPZJ3UP0tvcs7xRvoZuY4NkFgc=
10,-7,4iHS4oJOzvuji7kAsUUqNV6hvuA=,1BM147zmuj6/rETlOVfrV9Y6hHs=
10,-2,4iHS4oJOzvuji7kAsUUqNV6hvuA=,6ErV4FtAtc3n6rnTwio+FovKDA0=
10,-1,4iHS4oJOzvuji7kAsUUqNV6hvuA=,MyvysKZgOQEg2LC3o6itYkM0/ms=
10,-4,4iHS4oJOzvuji7kAsUUqNV6hvuA=,KsHFLQL7yYLaBlvKwOu2wx/AW6Q=
10,-3,4iHS4oJOzvuji7kAsUUqNV6hvuA=,FB+pO1wVGX14vRsYaYLp4IasGm0=
10,-14,4iHS4oJOzvuji7kAsUUqNV6hvuA=,9xQK70VmskApLcR9qGf5zCZ+/98=
10,-13,4iHS4oJOzvuji7kAsUUqNV6hvuA=,FWW1O0xxauwMXOCWkztIDZ00w54=
10,-16,4iHS4oJOzvuji7kAsUUqNV6hvuA=,oUnlGHoZ5dHb1Jdml3iOdjV6RI4=
10,-15,4iHS4oJOzvuji7kAsUUqNV6hvuA=,cBY9EDIZCNNtNTUu5GqsoTv420M=
10,-10,4iHS4oJOzvuji7kAsUUqNV6hvuA=,PWD3LxADHS3+ypKfnPNyMckgagY=
10,-9,4iHS4oJOzvuji7kAsUUqNV6hvuA=,3jiBdiWYtfeeZ8atbG752AahvH4=
10,-12,4iHS4oJOzvuji7kAsUUqNV6hvuA=,+N8/YACVg651iH35nvugPesvWFk=
10,-11,4iHS4oJOzvuji7kAsUUqNV6hvuA=,qmeyyujSx2xTz7sskMhJt2JTtqM=
9,-17,4iHS4oJOzvuji7kAsUUqNV6hvuA=,mqXgGuZIdNU/M7r4nEDRecMOk7M=
9,-18,4iHS4oJOzvuji7kAsUUqNV6hvuA=,i69Lhjd5P6vUmqdL2VhZjc2rLzg=
9,-7,4iHS4oJOzvuji7kAsUUqNV6hvuA=,G1Fei01OnurEVQlhrufyrqHMizk=
9,-8,4iHS4oJOzvuji7kAsUUqNV6hvuA=,8Y6VZ0OkcUdxbgg8HIk02LtZob0=
9,-5,b656eASobZ5zoBC3hjg1jWXuIxQ=,1+L1IKCDSnPLXpxZWb1UuNYrVPM=
9,-6,b656eASobZ5zoBC3hjg1jWXuIxQ=,F2lr1SbgX7hpNWm8wnpCkzuN+Kw=
9,-3,b656eASobZ5zoBC3hjg1jWXuIxQ=,e9KiyVUVSNOW48cS6Iw3aHyVbG0=
9,-4,b656eASobZ5zoBC3hjg1jWXuIxQ=,GNcggCtZqCtBBnfQ8Cp0bLj/NLA=
9,-1,b656eASobZ5zoBC3hjg1jWXuIxQ=,AmpkejKW9HQaSQYV9jaVZz2eAKw=
9,-2,b656eASobZ5zoBC3hjg1jWXuIxQ=,SFaAckg57089jaSvCol5H1xp2/4=
9,-15,b656eASobZ5zoBC3hjg1jWXuIxQ=,hns7j1YnxNptWHVmvc4EagyW/X0=
9,-16,b656eASobZ5zoBC3hjg1jWXuIxQ=,5qc8Lk8BJFGA4YG1JLrGjfDTCJQ=
9,-13,b656eASobZ5zoBC3hjg1jWXuIxQ=,QAfY9t4NG/DK65wTMdR6MLdEUD0=
9,-14,b656eASobZ5zoBC3hjg1jWXuIxQ=,YclY3Hr1jW54bozgVPfktBgZX4s=
9,-11,b656eASobZ5zoBC3hjg1jWXuIxQ=,OFNvWa9mUmDmV6nP/lDcTZbdtW0=
9,-12,b656eASobZ5zoBC3hjg1jWXuIxQ=,OFNvWa9mUmDmV6nP/lDcTZbdtW0=
9,-9,b656eASobZ5zoBC3hjg1jWXuIxQ=,YBTDgOHmxIdTfkkBjotu71N3wFQ=
9,-10,b656eASobZ5zoBC3hjg1jWXuIxQ=,IIruba8a//KB8fS3SD+lWmHnXVo=
8,-18,b656eASobZ5zoBC3hjg1jWXuIxQ=,jXeGSa+srOJNb71zy//5191/GJo=
8,-17,b656eASobZ5zoBC3hjg1jWXuIxQ=,1Tw5OBpOM2bxq6PxO2zfUUd+bjU=
8,-8,b656eASobZ5zoBC3hjg1jWXuIxQ=,1+prug9cPI5J3er3JM2NYVBbaHg=
8,-7,eRQj2weCB6jYuK+AipuYMD8PWDA=,iTURYxkBjAp7ApJx7PNZH+9i0xo=
8,-6,eRQj2weCB6jYuK+AipuYMD8PWDA=,NVbdL119Q6RXiz9b0gKmocs2gn0=
8,-5,eRQj2weCB6jYuK+AipuYMD8PWDA=,r4hltIcqO+VJUtImoahoaeCJcm4=
8,-4,eRQj2weCB6jYuK+AipuYMD8PWDA=,r4hltIcqO+VJUtImoahoaeCJcm4=
8,-3,eRQj2weCB6jYuK+AipuYMD8PWDA=,r4hltIcqO+VJUtImoahoaeCJcm4=
8,-2,eRQj2weCB6jYuK+AipuYMD8PWDA=,FmzqSbWU2w7dO4PdGqXDso/q3kQ=
8,-1,eRQj2weCB6jYuK+AipuYMD8PWDA=,xkz18oFkqbx/GYPeP5hOkNDud6g=
8,-16,eRQj2weCB6jYuK+AipuYMD8PWDA=,00nvAw7j+/ItrCYcLn6kSPXZGXU=
8,-15,eRQj2weCB6jYuK+AipuYMD8PWDA=,XFWCy2L8uE7/uMuz+SByUu8lErg=
8,-14,eRQj2weCB6jYuK+AipuYMD8PWDA=,hf1WJ4nxozFdbSLWEdzSyMgUTOI=
8,-13,eRQj2weCB6jYuK+AipuYMD8PWDA=,1IXdMwJZ5yAMlrVE8mpNV0RlRac=
8,-12,eRQj2weCB6jYuK+AipuYMD8PWDA=,tTxon7RVsqruwsQfquedVV8eg58=
8,-11,eRQj2weCB6jYuK+AipuYMD8PWDA=,SiDKaJDnxe8Itdfp400CY5TlpQw=
8,-10,eRQj2weCB6jYuK+AipuYMD8PWDA=,LAAV03fzuMwAkdCcx6wrEOjTYM0=
8,-9,eRQj2weCB6jYuK+AipuYMD8PWDA=,U/QibkcVul0TcMevbsgqv+9GjQo=
7,-17,eRQj2weCB6jYuK+AipuYMD8PWDA=,/atfdfS4TXeiXFfG34poTu5Zfcg=
7,-18,eRQj2weCB6jYuK+AipuYMD8PWDA=,bEhah0mZEQcOWV0xVEeGErr+E/I=
7,-9,eRQj2weCB6jYuK+AipuYMD8PWDA=,cggB8TjlM3YmtbNFIDiKprcNOlw=
7,-10,eRQj2weCB6jYuK+AipuYMD8PWDA=,g4LGjQfKfTzNrru2lTAeFbaU2dE=
7,-11,DMSls+lyn9G5mwzz5bWtD3wkTVc=,sCsOEPGM9JfllpVHRxziWqHVVrM=
7,-12,DMSls+lyn9G5mwzz5bWtD3wkTVc=,282pe3KaijJR8MqlG/rOtYY8Jo4=
7,-13,DMSls+lyn9G5mwzz5bWtD3wkTVc=,38GgSjPsnaohavEdzvOE5ZwyX6o=
7,-14,DMSls+lyn9G5mwzz5bWtD3wkTVc=,0QrKv5fnuKZ4mi9OUjEvBvOeoxc=
7,-15,DMSls+lyn9G5mwzz5bWtD3wkTVc=,z7LELRREsFnsxqNAtu1/57On9W4=
7,-16,DMSls+lyn9G5mwzz5bWtD3wkTVc=,5tBtHCfYSorS0/AO4SJNGD7JFso=
7,-1,DMSls+lyn9G5mwzz5bWtD3wkTVc=,O5a4Zo+rnzaYLIQuS9/oa1hWq2U=
7,-2,DMSls+lyn9G5mwzz5bWtD3wkTVc=,fqGYhEjfk2iEIezljvZzg17yY18=
7,-3,DMSls+lyn9G5mwzz5bWtD3wkTVc=,jOH+RqbEiGoTz0YKCQbdohl69cI=
7,-4,DMSls+lyn9G5mwzz5bWtD3wkTVc=,MAB+6qB87AtOVyWn4MQxzfeKOcA=
7,-5,DMSls+lyn9G5mwzz5bWtD3wkTVc=,u+xZMtDcgYyKksGhYk4oCBB/RzA=
7,-6,DMSls+lyn9G5mwzz5bWtD3wkTVc=,y8+b41IK6IHKhslu5Tkd592eDZM=
7,-7,DMSls+lyn9G5mwzz5bWtD3wkTVc=,3KYmhtsreoS6T03428//tjXqyWg=
7,-8,DMSls+lyn9G5mwzz5bWtD3wkTVc=,4Wit8AcrQlJxmnTJtxwlxTgxHX8=
6,-18,DMSls+lyn9G5mwzz5bWtD3wkTVc=,MBBuWMpQevgCHHco7VWGkxAHZXk=
6,-17,DMSls+lyn9G5mwzz5bWtD3wkTVc=,HdIhN00apH+KHf7azrb4naz1Joo=
6,-10,DMSls+lyn9G5mwzz5bWtD3wkTVc=,M8As6t/LM3QhP/8aXaXyU3h7hxY=
6,-9,DMSls+lyn9G5mwzz5bWtD3wkTVc=,LTYJQnwfSDlm1F27HL0M/fxzqHY=
6,-12,NSOqelTusH/oTQK/lytrqRVIQiQ=,XjD0xJa6YLNhpbZCO1AEPQEPdzQ=
6,-11,NSOqelTusH/oTQK/lytrqRVIQiQ=,T50kTzpWZwyqLIZqGFyooHyQq+Y=
6,-14,NSOqelTusH/oTQK/lytrqRVIQiQ=,VlxkU0QQBOzzAYkC52/reMNdG6I=
6,-13,NSOqelTusH/oTQK/lytrqRVIQiQ=,ichrbe924mXqFKfXnvJuHZEflng=
6,-16,NSOqelTusH/oTQK/lytrqRVIQiQ=,SqN9rVz+Qx1mCz5eGfbkkuX2Rh4=
6,-15,NSOqelTusH/oTQK/lytrqRVIQiQ=,N5fjX3E2a+FJ0on98De130h0g2A=
6,-2,NSOqelTusH/oTQK/lytrqRVIQiQ=,hzH5aIXGp2G918DzDxQm0CuMA/Y=
6,-1,NSOqelTusH/oTQK/lytrqRVIQiQ=,w7hLck/5T865Ppw1cZAeQKyQG+Q=
6,-4,NSOqelTusH/oTQK/lytrqRVIQiQ=,BuomFylFZ52TM5uB3WxJbQAg+tI=
6,-3,NSOqelTusH/oTQK/lytrqRVIQiQ=,ADwri5bIXg1T9z0jEeBG4GJ8sHA=
6,-6,NSOqelTusH/oTQK/lytrqRVIQiQ=,WLxw6DdOnvMGJM1LKbm3x1FBtmM=
6,-5,NSOqelTusH/oTQK/lytrqRVIQiQ=,/LIoQXZ78UVmujED0y4Vqv2gxHw=
6,-8,NSOqelTusH/oTQK/lytrqRVIQiQ=,5IL9h9Gl7VskgZS4b6ZH+OQjamg=
6,-7,NSOqelTusH/oTQK/lytrqRVIQiQ=,dXHgDy//8taatadQTBFpt8Hcc0w=
5,-17,NSOqelTusH/oTQK/lytrqRVIQiQ=,HP4qks7uluBLGoWc/mLbmdY8mf8=
5,-18,NSOqelTusH/oTQK/lytrqRVIQiQ=,2JmHf8PvcLF8R7R5QiZeoqZDqM0=
5,-11,NSOqelTusH/oTQK/lytrqRVIQiQ=,Cw5KnYnxzFN1Q17pbXEZkrUOS6c=
5,-12,NSOqelTusH/oTQK/lytrqRVIQiQ=,tYcchkSFfSfTwjw8txjc2cAOCOc=
5,-9,5P5fXZevmixoim0o9Tv/w65ivrk=,Qe65ryoUMdN+0RktGy+HmIq2H4s=
5,-10,5P5fXZevmixoim0o9Tv/w65ivrk=,7u+Qmea1HBm1Ie05rOzFYs13nTY=
5,-15,5P5fXZevmixoim0o9Tv/w65ivrk=,R2U0rMIPEeaxhSBgtazroDYd6QI=
5,-16,5P5fXZevmixoim0o9Tv/w65ivrk=,XVj6h01gA0qk4hWE8tk35jRpA4k=
5,-13,5P5fXZevmixoim0o9Tv/w65ivrk=,h+IKMBHoqWG3y6PgTYopGP/ddEg=
5,-14,5P5fXZevmixoim0o9Tv/w65ivrk=,7WoA2NiYse3mSPbFH5vBYiBEoXc=
5,-3,5P5fXZevmixoim0o9Tv/w65ivrk=,KetHbViwXeJ5kLgPT1tSsOKYtKE=
5,-4,5P5fXZevmixoim0o9Tv/w65ivrk=,GSVLJckjAVKU2pV/Plr4uq5kAls=
5,-1,5P5fXZevmixoim0o9Tv/w65ivrk=,ZGDZp1PYukycTw2avPYINWCkJmg=
5,-2,5P5fXZevmixoim0o9Tv/w65ivrk=,KF2UbcLL+NAFyEOiTHzSpWXbFvg=
5,-7,5P5fXZevmixoim0o9Tv/w65ivrk=,YY7gmzNm6Ct+K5YO8Gs1xtl6J3c=
5,-8,5P5fXZevmixoim0o9Tv/w65ivrk=,DUYEjDBldn0WOGq6mQt0BPFBBIo=
5,-5,5P5fXZevmixoim0o9Tv/w65ivrk=,hYcqQgKnDYQHV820zvWv3WnneLs=
5,-6,5P5fXZevmixoim0o9Tv/w65ivrk=,eLAZ2DftBBoIacxdK3MFtoS+oig=
4,-18,5P5fXZevmixoim0o9Tv/w65ivrk=,SoAxSGB6B7WdFE1+fEvbABXu+xg=
4,-17,5P5fXZevmixoim0o9Tv/w65ivrk=,GE9UfFfhcBXykCjUwzg/2P9uaRA=
4,-12,5P5fXZevmixoim0o9Tv/w65ivrk=,Jqot3cEceqpV6TB+9ka4my1ndDI=
4,-11,5P5fXZevmixoim0o9Tv/w65ivrk=,i1+O/v89INMJ6Vz4xTijG2p9bxI=
4,-10,AG6Gh3J/lkeLJY/DOFdgwD9pemg=,FR9wpT7ANV7uEctPB1t9P0pmrOA=
4,-9,AG6Gh3J/lkeLJY/DOFdgwD9pemg=,PU1YPhwSHo66ZKdF8qbH49YTLtY=
4,-16,AG6Gh3J/lkeLJY/DOFdgwD9pemg=,0Co7VhEKZ4NNtLFfEuqZQ6mxa6U=
4,-15,AG6Gh3J/lkeLJY/DOFdgwD9pemg=,A8AEPrwxvK7RtEZv/YRnf2N/iZ4=
4,-14,AG6Gh3J/lkeLJY/DOFdgwD9pemg=,MysI9PV8OfK5xnYSYQx5k4jXt9Q=
4,-13,AG6Gh3J/lkeLJY/DOFdgwD9pemg=,GQOJKy5oWZ7dkJMO54QCsrqyCLY=
4,-4,AG6Gh3J/lkeLJY/DOFdgwD9pemg=,lswS5s2EeJ/hhDkWf9z6aoLIKdY=
4,-3,AG6Gh3J/lkeLJY/DOFdgwD9pemg=,MAoqdLmsQEUY7s6NJromrnPRVDw=
4,-2,AG6Gh3J/lkeLJY/DOFdgwD9pemg=,VJd8ZdzQMlwm8oKV8zrUB+fR07Y=
4,-1,AG6Gh3J/lkeLJY/DOFdgwD9pemg=,jq175WTbvYjhc+GGdJjs0Tevwc4=
4,-8,AG6Gh3J/lkeLJY/DOFdgwD9pemg=,vf3IntNyiu+bhvJ4jdWLnAvJo9s=
4,-7,AG6Gh3J/lkeLJY/DOFdgwD9pemg=,4uUG9FnrS8lhNuK7DTaI4ox1A30=
4,-6,AG6Gh3J/lkeLJY/DOFdgwD9pemg=,E8C6IAyl6h0grFsm4gVZEGkeYqY=
4,-5,AG6Gh3J/lkeLJY/DOFdgwD9pemg=,beauBpjISDl1UfrmkNbwXaplpec=
3,-17,AG6Gh3J/lkeLJY/DOFdgwD9pemg=,CjC6yugA/aIpvCxhQB6l7orrCk4=
3,-18,AG6Gh3J/lkeLJY/DOFdgwD9pemg=,12iZrv//pk10tEEdOv/h0Ym4MM0=
3,-13,AG6Gh3J/lkeLJY/DOFdgwD9pemg=,I5fMd9Q3su0YKOKIoUaH3ie5mK4=
3,-14,AG6Gh3J/lkeLJY/DOFdgwD9pemg=,QeGUJ3YIR41uqBU0qQWcf9K0SFQ=
3,-15,pDWsuc6/Mw83VgBkc83mz6d5qLs=,Z/FfXPY5NMcrF9j1COUzGAQ2b1c=
3,-16,pDWsuc6/Mw83VgBkc83mz6d5qLs=,YQI7t7L0VM3w/ZBG8lJOWRuUV7w=
3,-9,pDWsuc6/Mw83VgBkc83mz6d5qLs=,KcYiAqnBxzubZOr9yuADF1Cub1o=
3,-10,pDWsuc6/Mw83VgBkc83mz6d5qLs=,81J71/pL91GamTQfTf7rFhmuFlI=
3,-11,pDWsuc6/Mw83VgBkc83mz6d5qLs=,hchRtFzsM7zR5rwYJixhf+akz00=
3,-12,pDWsuc6/Mw83VgBkc83mz6d5qLs=,x/4b6dDwZAzldslbgQt2Vz3MFy4=
3,-5,pDWsuc6/Mw83VgBkc83mz6d5qLs=,t/cIlVl7ueep9UbfStZ6BcVWkk0=
3,-6,pDWsuc6/Mw83VgBkc83mz6d5qLs=,AMKNd9UUCbplpdZTWnyIh9WiOtI=
3,-7,pDWsuc6/Mw83VgBkc83mz6d5qLs=,k3aQN1WDa5AT7I2w6l5UMkeGcTA=
3,-8,pDWsuc6/Mw83VgBkc83mz6d5qLs=,QlffxJvlRrBTsKnuR0773L9Gl5c=
3,-1,pDWsuc6/Mw83VgBkc83mz6d5qLs=,AGg874HTqBSgmq8MkelnxpVf8oE=
3,-2,pDWsuc6/Mw83VgBkc83mz6d5qLs=,caN79TMJnJqe6ll1/6oI1tFcC7Q=
3,-3,pDWsuc6/Mw83VgBkc83mz6d5qLs=,MAoqdLmsQEUY7s6NJromrnPRVDw=
3,-4,pDWsuc6/Mw83VgBkc83mz6d5qLs=,K31qtw6m8GcYqAUVtcaHsxUEA60=
2,-18,pDWsuc6/Mw83VgBkc83mz6d5qLs=,6KOMkWTz8+bRX2LQ1G29srD/yzk=
2,-17,pDWsuc6/Mw83VgBkc83mz6d5qLs=,ICDpghlYQ4c27yJ1ICrprS+hgwQ=
2,-14,pDWsuc6/Mw83VgBkc83mz6d5qLs=,1NlOU+KCY17JfZbLcVKy1pg+a6Q=
2,-13,pDWsuc6/Mw83VgBkc83mz6d5qLs=,xih0jwy7RIroWZQoyBRHR3GKt8Y=
2,-16,mIlZ6LSqc2hFCiEIs7PMW1JEXUA=,vnh41mohZneqVTy081I+VPJDe/s=
2,-15,mIlZ6LSqc2hFCiEIs7PMW1JEXUA=,v6HpqnfUwfYfb72jA3Cqwe5KBcU=
2,-10,mIlZ6LSqc2hFCiEIs7PMW1JEXUA=,pbrhBhOCejAMqP8Wtt3uWSURlnI=
2,-9,mIlZ6LSqc2hFCiEIs7PMW1JEXUA=,9pxynfxB3rC4kc/5d8X8JaUDvBA=
2,-12,mIlZ6LSqc2hFCiEIs7PMW1JEXUA=,0o5uSMY1m9jfwcFxsmG4pP58WIo=
2,-11,mIlZ6LSqc2hFCiEIs7PMW1JEXUA=,ONFPYFXqxEgZktME/TE1Dfh/tNY=
2,-6,mIlZ6LSqc2hFCiEIs7PMW1JEXUA=,AMKNd9UUCbplpdZTWnyIh9WiOtI=
2,-5,mIlZ6LSqc2hFCiEIs7PMW1JEXUA=,JUJc0QIRyzEHJ8C2y1RZsUbHmRE=
2,-8,mIlZ6LSqc2hFCiEIs7PMW1JEXUA=,ePZfb8VxlH7VtHyS7N8bg+V8Gv4=
2,-7,mIlZ6LSqc2hFCiEIs7PMW1JEXUA=,U0UU7QGmMbZZF9NKbQt/q9uPDLI=
2,-2,mIlZ6LSqc2hFCiEIs7PMW1JEXUA=,yFLhB0Cq+lbUhVpO1nwQdTQ3sPE=
2,-1,mIlZ6LSqc2hFCiEIs7PMW1JEXUA=,0BFnYTZRFQAl/TyTN6ZRFaUZH/k=
2,-4,mIlZ6LSqc2hFCiEIs7PMW1JEXUA=,sRKQ95A9C5H01XkqCGqwRxgZgLw=
2,-3,mIlZ6LSqc2hFCiEIs7PMW1JEXUA=,MgO6dw5CHxKYE/lGSmt0yjxjPEw=
1,-17,mIlZ6LSqc2hFCiEIs7PMW1JEXUA=,gsCmVtmOdN5Ghc7vRqQJkgOXHSM=
1,-18,mIlZ6LSqc2hFCiEIs7PMW1JEXUA=,nf13uskORbu3FDmxOZ3qcNWmb+w=
1,-15,mIlZ6LSqc2hFCiEIs7PMW1JEXUA=,+bbcwASQL4Idlu+y6ybbdNCAuZQ=
1,-16,XtAxRRYeGBvtyUlRDfW5rqY+9Xo=,Q6hDVYPLMsNwFOeS3qnzUbCQxb0=
1,-13,XtAxRRYeGBvtyUlRDfW5rqY+9Xo=,9lA8yjlYZbEylnIQOhE5nkcSB4I=
1,-14,XtAxRRYeGBvtyUlRDfW5rqY+9Xo=,GAllAyLLST4elggnlgoW6LlIg5U=
1,-11,XtAxRRYeGBvtyUlRDfW5rqY+9Xo=,4C7IBG8SPnkd6tK6LjUHv7ZFKrM=
1,-12,XtAxRRYeGBvtyUlRDfW5rqY+9Xo=,mWpUj4iz5ScetLrLbYyMBA7DEEM=
1,-9,XtAxRRYeGBvtyUlRDfW5rqY+9Xo=,gvmhyk/Ux84bVciCmNTbwDX+qB0=
1,-10,XtAxRRYeGBvtyUlRDfW5rqY+9Xo=,8PjyxrrQOmiW/9BGtPTKuzma/aw=
1,-7,XtAxRRYeGBvtyUlRDfW5rqY+9Xo=,RgUSAK1p1aY8SlfuVIBpk22j648=
1,-8,XtAxRRYeGBvtyUlRDfW5rqY+9Xo=,0dWWjlWfmb2yaBonrt0352QEVNY=
1,-5,XtAxRRYeGBvtyUlRDfW5rqY+9Xo=,OiLiRt7TBw0sYbQqYaki4DuE9PI=
1,-6,XtAxRRYeGBvtyUlRDfW5rqY+9Xo=,fmqd8RKQNuMPE55w/bNZsZSs7ag=
1,-3,XtAxRRYeGBvtyUlRDfW5rqY+9Xo=,FX+h2xzdKwyhyA1+ZHoAQGKsT8I=
1,-4,XtAxRRYeGBvtyUlRDfW5rqY+9Xo=,/0aQSXq8SgjJYQZ8Z9vyhyoHOxU=
1,-1,XtAxRRYeGBvtyUlRDfW5rqY+9Xo=,NEFbTFrsMVuOzTUxvcNvqFGvy1U=
1,-2,XtAxRRYeGBvtyUlRDfW5rqY+9Xo=,LUmfRVeq6+WTDwh9bRgVhFaOjtY=
0,-18,XtAxRRYeGBvtyUlRDfW5rqY+9Xo=,V/ED790/BBM93q+qz0ED5Qcln/8=
0,-17,XtAxRRYeGBvtyUlRDfW5rqY+9Xo=,lJJS8tmRR9tzd4RkcAfZj2qYYWY=
0,-16,XtAxRRYeGBvtyUlRDfW5rqY+9Xo=,77XQnErtvSPVeqDyruxxXJtvr3Y=
0,-15,XtAxRRYeGBvtyUlRDfW5rqY+9Xo=,2KsIkQlz64rnar1A2gq/7IY7mq0=
0,-14,XtAxRRYeGBvtyUlRDfW5rqY+9Xo=,TUS8l7ZAPi2vO+whM95msM6B/Hc=
0,-13,XtAxRRYeGBvtyUlRDfW5rqY+9Xo=,DmyKGdFShNTwoTG4IHTnLq4BKN0=
0,-12,2ignSZm+xNjTIQyxr34agSKGwKs=,kbh/DkKsc8x11nBnie2YBSDTj3g=
0,-11,2ignSZm+xNjTIQyxr34agSKGwKs=,tqX4vynJJkQGpsveGPAzcQ4B60A=
0,-10,2ignSZm+xNjTIQyxr34agSKGwKs=,/cxck+L3WCOaNASyzSCkFa4tOi4=
0,-9,2ignSZm+xNjTIQyxr34agSKGwKs=,qYYy6gJcoEhr3CMhToNVLjEiJf4=
0,-8,2ignSZm+xNjTIQyxr34agSKGwKs=,qs3dfXukzIddv4ngw9uzvjnRmtw=
0,-7,2ignSZm+xNjTIQyxr34agSKGwKs=,DV4kbuArrgTISsAXB+dtkrJH4F4=
0,-6,2ignSZm+xNjTIQyxr34agSKGwKs=,ZvqNvqkl5i9GFHFzAhF2R7Blq8Y=
0,-5,2ignSZm+xNjTIQyxr34agSKGwKs=,riOKENobRdYUENLYqijAe41GSEY=
0,-4,2ignSZm+xNjTIQyxr34agSKGwKs=,LV1ekMuD7XSXZX0m7UvrW5jKsuY=
0,-3,2ignSZm+xNjTIQyxr34agSKGwKs=,p4Ojy0uch1bXgo/nuo1A7BbQy6g=
0,-2,2ignSZm+xNjTIQyxr34agSKGwKs=,WmO+krsE5KPsftPLX+Xao/mUM5U=
0,-1,2ignSZm+xNjTIQyxr34agSKGwKs=,BOCkSZnusc/FEEEtNrl/mGMsN/4=
