-268,-108,uri/edXkDaMy+Fl9RXtNCnO35hE=,rPeYDvXWZ1yMV/qgRqqM1icUVGM=
-272,-105,uri/edXkDaMy+Fl9RXtNCnO35hE=,rPeYDvXWZ1yMV/qgRqqM1icUVGM=
-266,-108,uri/edXkDaMy+Fl9RXtNCnO35hE=,rPeYDvXWZ1yMV/qgRqqM1icUVGM=
-268,-107,uri/edXkDaMy+Fl9RXtNCnO35hE=,rPeYDvXWZ1yMV/qgRqqM1icUVGM=
-267,-107,uri/edXkDaMy+Fl9RXtNCnO35hE=,rPeYDvXWZ1yMV/qgRqqM1icUVGM=
-265,-105,uri/edXkDaMy+Fl9RXtNCnO35hE=,rPeYDvXWZ1yMV/qgRqqM1icUVGM=
-267,-106,uri/edXkDaMy+Fl9RXtNCnO35hE=,rPeYDvXWZ1yMV/qgRqqM1icUVGM=
-265,-108,uri/edXkDaMy+Fl9RXtNCnO35hE=,rPeYDvXWZ1yMV/qgRqqM1icUVGM=
-268,-105,uri/edXkDaMy+Fl9RXtNCnO35hE=,rPeYDvXWZ1yMV/qgRqqM1icUVGM=
-267,-105,uri/edXkDaMy+Fl9RXtNCnO35hE=,rPeYDvXWZ1yMV/qgRqqM1icUVGM=
-266,-105,uri/edXkDaMy+Fl9RXtNCnO35hE=,rPeYDvXWZ1yMV/qgRqqM1icUVGM=
-271,-103,uri/edXkDaMy+Fl9RXtNCnO35hE=,Fn4bJfO4RXEy6/MgSIVJnTWMb0Y=
-265,-107,uri/edXkDaMy+Fl9RXtNCnO35hE=,rPeYDvXWZ1yMV/qgRqqM1icUVGM=
-270,-103,uri/edXkDaMy+Fl9RXtNCnO35hE=,Fn4bJfO4RXEy6/MgSIVJnTWMb0Y=
-267,-108,uri/edXkDaMy+Fl9RXtNCnO35hE=,rPeYDvXWZ1yMV/qgRqqM1icUVGM=
-265,-104,uri/edXkDaMy+Fl9RXtNCnO35hE=,Fn4bJfO4RXEy6/MgSIVJnTWMb0Y=
-269,-102,uri/edXkDaMy+Fl9RXtNCnO35hE=,Fn4bJfO4RXEy6/MgSIVJnTWMb0Y=
-271,-102,uri/edXkDaMy+Fl9RXtNCnO35hE=,Fn4bJfO4RXEy6/MgSIVJnTWMb0Y=
-266,-107,uri/edXkDaMy+Fl9RXtNCnO35hE=,rPeYDvXWZ1yMV/qgRqqM1icUVGM=
-268,-106,uri/edXkDaMy+Fl9RXtNCnO35hE=,rPeYDvXWZ1yMV/qgRqqM1icUVGM=
-270,-101,uri/edXkDaMy+Fl9RXtNCnO35hE=,Fn4bJfO4RXEy6/MgSIVJnTWMb0Y=
-271,-101,uri/edXkDaMy+Fl9RXtNCnO35hE=,Fn4bJfO4RXEy6/MgSIVJnTWMb0Y=
-271,-104,uri/edXkDaMy+Fl9RXtNCnO35hE=,Fn4bJfO4RXEy6/MgSIVJnTWMb0Y=
-270,-104,uri/edXkDaMy+Fl9RXtNCnO35hE=,Fn4bJfO4RXEy6/MgSIVJnTWMb0Y=
-271,-108,uri/edXkDaMy+Fl9RXtNCnO35hE=,rPeYDvXWZ1yMV/qgRqqM1icUVGM=
-269,-108,uri/edXkDaMy+Fl9RXtNCnO35hE=,rPeYDvXWZ1yMV/qgRqqM1icUVGM=
-270,-108,uri/edXkDaMy+Fl9RXtNCnO35hE=,rPeYDvXWZ1yMV/qgRqqM1icUVGM=
-266,-106,uri/edXkDaMy+Fl9RXtNCnO35hE=,rPeYDvXWZ1yMV/qgRqqM1icUVGM=
-271,-107,uri/edXkDaMy+Fl9RXtNCnO35hE=,rPeYDvXWZ1yMV/qgRqqM1icUVGM=
-272,-106,uri/edXkDaMy+Fl9RXtNCnO35hE=,rPeYDvXWZ1yMV/qgRqqM1icUVGM=
-270,-107,uri/edXkDaMy+Fl9RXtNCnO35hE=,rPeYDvXWZ1yMV/qgRqqM1icUVGM=
-269,-103,uri/edXkDaMy+Fl9RXtNCnO35hE=,Fn4bJfO4RXEy6/MgSIVJnTWMb0Y=
-269,-107,uri/edXkDaMy+Fl9RXtNCnO35hE=,rPeYDvXWZ1yMV/qgRqqM1icUVGM=
-270,-102,uri/edXkDaMy+Fl9RXtNCnO35hE=,Fn4bJfO4RXEy6/MgSIVJnTWMb0Y=
-272,-107,uri/edXkDaMy+Fl9RXtNCnO35hE=,rPeYDvXWZ1yMV/qgRqqM1icUVGM=
-271,-106,uri/edXkDaMy+Fl9RXtNCnO35hE=,rPeYDvXWZ1yMV/qgRqqM1icUVGM=
-270,-106,uri/edXkDaMy+Fl9RXtNCnO35hE=,rPeYDvXWZ1yMV/qgRqqM1icUVGM=
-271,-105,uri/edXkDaMy+Fl9RXtNCnO35hE=,rPeYDvXWZ1yMV/qgRqqM1icUVGM=
-269,-101,uri/edXkDaMy+Fl9RXtNCnO35hE=,Fn4bJfO4RXEy6/MgSIVJnTWMb0Y=
-269,-104,uri/edXkDaMy+Fl9RXtNCnO35hE=,Fn4bJfO4RXEy6/MgSIVJnTWMb0Y=
-269,-106,uri/edXkDaMy+Fl9RXtNCnO35hE=,rPeYDvXWZ1yMV/qgRqqM1icUVGM=
-272,-103,uri/edXkDaMy+Fl9RXtNCnO35hE=,Fn4bJfO4RXEy6/MgSIVJnTWMb0Y=
-266,-104,uri/edXkDaMy+Fl9RXtNCnO35hE=,Fn4bJfO4RXEy6/MgSIVJnTWMb0Y=
-264,-108,uri/edXkDaMy+Fl9RXtNCnO35hE=,YIfJF2UnguziOiKGAu766dqw8rI=
-263,-101,uri/edXkDaMy+Fl9RXtNCnO35hE=,snsUOoyk7okOh80WI7OcD7KMhJM=
-270,-105,uri/edXkDaMy+Fl9RXtNCnO35hE=,rPeYDvXWZ1yMV/qgRqqM1icUVGM=
-261,-102,uri/edXkDaMy+Fl9RXtNCnO35hE=,snsUOoyk7okOh80WI7OcD7KMhJM=
-265,-106,uri/edXkDaMy+Fl9RXtNCnO35hE=,rPeYDvXWZ1yMV/qgRqqM1icUVGM=
-267,-104,uri/edXkDaMy+Fl9RXtNCnO35hE=,Fn4bJfO4RXEy6/MgSIVJnTWMb0Y=
-272,-102,uri/edXkDaMy+Fl9RXtNCnO35hE=,Fn4bJfO4RXEy6/MgSIVJnTWMb0Y=
-263,-102,uri/edXkDaMy+Fl9RXtNCnO35hE=,snsUOoyk7okOh80WI7OcD7KMhJM=
-261,-101,uri/edXkDaMy+Fl9RXtNCnO35hE=,snsUOoyk7okOh80WI7OcD7KMhJM=
-272,-101,uri/edXkDaMy+Fl9RXtNCnO35hE=,Fn4bJfO4RXEy6/MgSIVJnTWMb0Y=
-272,-104,uri/edXkDaMy+Fl9RXtNCnO35hE=,Fn4bJfO4RXEy6/MgSIVJnTWMb0Y=
-268,-104,uri/edXkDaMy+Fl9RXtNCnO35hE=,Fn4bJfO4RXEy6/MgSIVJnTWMb0Y=
-262,-102,uri/edXkDaMy+Fl9RXtNCnO35hE=,snsUOoyk7okOh80WI7OcD7KMhJM=
-272,-108,uri/edXkDaMy+Fl9RXtNCnO35hE=,rPeYDvXWZ1yMV/qgRqqM1icUVGM=
-269,-105,uri/edXkDaMy+Fl9RXtNCnO35hE=,rPeYDvXWZ1yMV/qgRqqM1icUVGM=
-262,-101,uri/edXkDaMy+Fl9RXtNCnO35hE=,snsUOoyk7okOh80WI7OcD7KMhJM=
-265,-101,uri/edXkDaMy+Fl9RXtNCnO35hE=,Fn4bJfO4RXEy6/MgSIVJnTWMb0Y=
-262,-103,uri/edXkDaMy+Fl9RXtNCnO35hE=,snsUOoyk7okOh80WI7OcD7KMhJM=
-263,-108,uri/edXkDaMy+Fl9RXtNCnO35hE=,YIfJF2UnguziOiKGAu766dqw8rI=
-266,-101,uri/edXkDaMy+Fl9RXtNCnO35hE=,Fn4bJfO4RXEy6/MgSIVJnTWMb0Y=
-261,-103,uri/edXkDaMy+Fl9RXtNCnO35hE=,snsUOoyk7okOh80WI7OcD7KMhJM=
-264,-102,uri/edXkDaMy+Fl9RXtNCnO35hE=,snsUOoyk7okOh80WI7OcD7KMhJM=
-263,-103,uri/edXkDaMy+Fl9RXtNCnO35hE=,snsUOoyk7okOh80WI7OcD7KMhJM=
-264,-104,uri/edXkDaMy+Fl9RXtNCnO35hE=,snsUOoyk7okOh80WI7OcD7KMhJM=
-262,-105,uri/edXkDaMy+Fl9RXtNCnO35hE=,YIfJF2UnguziOiKGAu766dqw8rI=
-263,-105,uri/edXkDaMy+Fl9RXtNCnO35hE=,YIfJF2UnguziOiKGAu766dqw8rI=
-264,-101,uri/edXkDaMy+Fl9RXtNCnO35hE=,snsUOoyk7okOh80WI7OcD7KMhJM=
-261,-105,uri/edXkDaMy+Fl9RXtNCnO35hE=,YIfJF2UnguziOiKGAu766dqw8rI=
-264,-103,uri/edXkDaMy+Fl9RXtNCnO35hE=,snsUOoyk7okOh80WI7OcD7KMhJM=
-264,-105,uri/edXkDaMy+Fl9RXtNCnO35hE=,YIfJF2UnguziOiKGAu766dqw8rI=
-267,-101,uri/edXkDaMy+Fl9RXtNCnO35hE=,Fn4bJfO4RXEy6/MgSIVJnTWMb0Y=
-261,-106,uri/edXkDaMy+Fl9RXtNCnO35hE=,YIfJF2UnguziOiKGAu766dqw8rI=
-268,-101,uri/edXkDaMy+Fl9RXtNCnO35hE=,Fn4bJfO4RXEy6/MgSIVJnTWMb0Y=
-261,-107,uri/edXkDaMy+Fl9RXtNCnO35hE=,YIfJF2UnguziOiKGAu766dqw8rI=
-264,-106,uri/edXkDaMy+Fl9RXtNCnO35hE=,YIfJF2UnguziOiKGAu766dqw8rI=
-262,-107,uri/edXkDaMy+Fl9RXtNCnO35hE=,YIfJF2UnguziOiKGAu766dqw8rI=
-264,-107,uri/edXkDaMy+Fl9RXtNCnO35hE=,YIfJF2UnguziOiKGAu766dqw8rI=
-262,-106,uri/edXkDaMy+Fl9RXtNCnO35hE=,YIfJF2UnguziOiKGAu766dqw8rI=
-262,-108,uri/edXkDaMy+Fl9RXtNCnO35hE=,YIfJF2UnguziOiKGAu766dqw8rI=
-265,-102,uri/edXkDaMy+Fl9RXtNCnO35hE=,Fn4bJfO4RXEy6/MgSIVJnTWMb0Y=
-268,-103,uri/edXkDaMy+Fl9RXtNCnO35hE=,Fn4bJfO4RXEy6/MgSIVJnTWMb0Y=
-263,-106,uri/edXkDaMy+Fl9RXtNCnO35hE=,YIfJF2UnguziOiKGAu766dqw8rI=
-267,-103,uri/edXkDaMy+Fl9RXtNCnO35hE=,Fn4bJfO4RXEy6/MgSIVJnTWMb0Y=
-266,-103,uri/edXkDaMy+Fl9RXtNCnO35hE=,Fn4bJfO4RXEy6/MgSIVJnTWMb0Y=
-265,-103,uri/edXkDaMy+Fl9RXtNCnO35hE=,Fn4bJfO4RXEy6/MgSIVJnTWMb0Y=
-263,-104,uri/edXkDaMy+Fl9RXtNCnO35hE=,snsUOoyk7okOh80WI7OcD7KMhJM=
-267,-102,uri/edXkDaMy+Fl9RXtNCnO35hE=,Fn4bJfO4RXEy6/MgSIVJnTWMb0Y=
-266,-102,uri/edXkDaMy+Fl9RXtNCnO35hE=,Fn4bJfO4RXEy6/MgSIVJnTWMb0Y=
-268,-102,uri/edXkDaMy+Fl9RXtNCnO35hE=,Fn4bJfO4RXEy6/MgSIVJnTWMb0Y=
-262,-104,uri/edXkDaMy+Fl9RXtNCnO35hE=,snsUOoyk7okOh80WI7OcD7KMhJM=
-261,-104,uri/edXkDaMy+Fl9RXtNCnO35hE=,snsUOoyk7okOh80WI7OcD7KMhJM=
-261,-108,uri/edXkDaMy+Fl9RXtNCnO35hE=,YIfJF2UnguziOiKGAu766dqw8rI=
-263,-107,uri/edXkDaMy+Fl9RXtNCnO35hE=,YIfJF2UnguziOiKGAu766dqw8rI=
-265,-112,q/r/O7n4AY+whlSQwM3FE4wBrpU=,rPeYDvXWZ1yMV/qgRqqM1icUVGM=
-264,-111,q/r/O7n4AY+whlSQwM3FE4wBrpU=,YIfJF2UnguziOiKGAu766dqw8rI=
-268,-111,q/r/O7n4AY+whlSQwM3FE4wBrpU=,rPeYDvXWZ1yMV/qgRqqM1icUVGM=
-263,-111,q/r/O7n4AY+whlSQwM3FE4wBrpU=,YIfJF2UnguziOiKGAu766dqw8rI=
-261,-111,q/r/O7n4AY+whlSQwM3FE4wBrpU=,YIfJF2UnguziOiKGAu766dqw8rI=
-262,-111,q/r/O7n4AY+whlSQwM3FE4wBrpU=,YIfJF2UnguziOiKGAu766dqw8rI=
-266,-112,q/r/O7n4AY+whlSQwM3FE4wBrpU=,rPeYDvXWZ1yMV/qgRqqM1icUVGM=
-263,-110,q/r/O7n4AY+whlSQwM3FE4wBrpU=,YIfJF2UnguziOiKGAu766dqw8rI=
-261,-110,q/r/O7n4AY+whlSQwM3FE4wBrpU=,YIfJF2UnguziOiKGAu766dqw8rI=
-263,-112,q/r/O7n4AY+whlSQwM3FE4wBrpU=,YIfJF2UnguziOiKGAu766dqw8rI=
-262,-112,q/r/O7n4AY+whlSQwM3FE4wBrpU=,YIfJF2UnguziOiKGAu766dqw8rI=
-267,-111,q/r/O7n4AY+whlSQwM3FE4wBrpU=,rPeYDvXWZ1yMV/qgRqqM1icUVGM=
-267,-112,q/r/O7n4AY+whlSQwM3FE4wBrpU=,rPeYDvXWZ1yMV/qgRqqM1icUVGM=
-264,-110,q/r/O7n4AY+whlSQwM3FE4wBrpU=,YIfJF2UnguziOiKGAu766dqw8rI=
-268,-110,q/r/O7n4AY+whlSQwM3FE4wBrpU=,rPeYDvXWZ1yMV/qgRqqM1icUVGM=
-266,-111,q/r/O7n4AY+whlSQwM3FE4wBrpU=,rPeYDvXWZ1yMV/qgRqqM1icUVGM=
-264,-112,q/r/O7n4AY+whlSQwM3FE4wBrpU=,YIfJF2UnguziOiKGAu766dqw8rI=
-261,-112,q/r/O7n4AY+whlSQwM3FE4wBrpU=,YIfJF2UnguziOiKGAu766dqw8rI=
-262,-110,q/r/O7n4AY+whlSQwM3FE4wBrpU=,YIfJF2UnguziOiKGAu766dqw8rI=
-268,-109,q/r/O7n4AY+whlSQwM3FE4wBrpU=,rPeYDvXWZ1yMV/qgRqqM1icUVGM=
-262,-109,q/r/O7n4AY+whlSQwM3FE4wBrpU=,YIfJF2UnguziOiKGAu766dqw8rI=
-267,-109,q/r/O7n4AY+whlSQwM3FE4wBrpU=,rPeYDvXWZ1yMV/qgRqqM1icUVGM=
-265,-110,q/r/O7n4AY+whlSQwM3FE4wBrpU=,rPeYDvXWZ1yMV/qgRqqM1icUVGM=
-265,-109,q/r/O7n4AY+whlSQwM3FE4wBrpU=,rPeYDvXWZ1yMV/qgRqqM1icUVGM=
-266,-110,q/r/O7n4AY+whlSQwM3FE4wBrpU=,rPeYDvXWZ1yMV/qgRqqM1icUVGM=
-266,-109,q/r/O7n4AY+whlSQwM3FE4wBrpU=,rPeYDvXWZ1yMV/qgRqqM1icUVGM=
-261,-109,q/r/O7n4AY+whlSQwM3FE4wBrpU=,YIfJF2UnguziOiKGAu766dqw8rI=
-263,-109,q/r/O7n4AY+whlSQwM3FE4wBrpU=,YIfJF2UnguziOiKGAu766dqw8rI=
-264,-109,q/r/O7n4AY+whlSQwM3FE4wBrpU=,YIfJF2UnguziOiKGAu766dqw8rI=
-267,-110,q/r/O7n4AY+whlSQwM3FE4wBrpU=,rPeYDvXWZ1yMV/qgRqqM1icUVGM=
-268,-112,q/r/O7n4AY+whlSQwM3FE4wBrpU=,rPeYDvXWZ1yMV/qgRqqM1icUVGM=
-265,-111,q/r/O7n4AY+whlSQwM3FE4wBrpU=,rPeYDvXWZ1yMV/qgRqqM1icUVGM=
-260,-110,q/r/O7n4AY+whlSQwM3FE4wBrpU=,YIfJF2UnguziOiKGAu766dqw8rI=
-259,-110,q/r/O7n4AY+whlSQwM3FE4wBrpU=,YIfJF2UnguziOiKGAu766dqw8rI=
-257,-109,q/r/O7n4AY+whlSQwM3FE4wBrpU=,YIfJF2UnguziOiKGAu766dqw8rI=
-259,-109,q/r/O7n4AY+whlSQwM3FE4wBrpU=,YIfJF2UnguziOiKGAu766dqw8rI=
-258,-110,q/r/O7n4AY+whlSQwM3FE4wBrpU=,YIfJF2UnguziOiKGAu766dqw8rI=
-258,-109,q/r/O7n4AY+whlSQwM3FE4wBrpU=,YIfJF2UnguziOiKGAu766dqw8rI=
-260,-109,q/r/O7n4AY+whlSQwM3FE4wBrpU=,YIfJF2UnguziOiKGAu766dqw8rI=
-257,-112,q/r/O7n4AY+whlSQwM3FE4wBrpU=,YIfJF2UnguziOiKGAu766dqw8rI=
-260,-111,q/r/O7n4AY+whlSQwM3FE4wBrpU=,YIfJF2UnguziOiKGAu766dqw8rI=
-257,-111,q/r/O7n4AY+whlSQwM3FE4wBrpU=,YIfJF2UnguziOiKGAu766dqw8rI=
-260,-112,q/r/O7n4AY+whlSQwM3FE4wBrpU=,YIfJF2UnguziOiKGAu766dqw8rI=
-257,-110,q/r/O7n4AY+whlSQwM3FE4wBrpU=,YIfJF2UnguziOiKGAu766dqw8rI=
-259,-112,q/r/O7n4AY+whlSQwM3FE4wBrpU=,YIfJF2UnguziOiKGAu766dqw8rI=
-259,-111,q/r/O7n4AY+whlSQwM3FE4wBrpU=,YIfJF2UnguziOiKGAu766dqw8rI=
-258,-111,q/r/O7n4AY+whlSQwM3FE4wBrpU=,YIfJF2UnguziOiKGAu766dqw8rI=
-258,-112,q/r/O7n4AY+whlSQwM3FE4wBrpU=,YIfJF2UnguziOiKGAu766dqw8rI=
-257,-106,q/r/O7n4AY+whlSQwM3FE4wBrpU=,YIfJF2UnguziOiKGAu766dqw8rI=
-258,-105,q/r/O7n4AY+whlSQwM3FE4wBrpU=,YIfJF2UnguziOiKGAu766dqw8rI=
-258,-106,q/r/O7n4AY+whlSQwM3FE4wBrpU=,YIfJF2UnguziOiKGAu766dqw8rI=
-257,-105,q/r/O7n4AY+whlSQwM3FE4wBrpU=,YIfJF2UnguziOiKGAu766dqw8rI=
-258,-103,q/r/O7n4AY+whlSQwM3FE4wBrpU=,snsUOoyk7okOh80WI7OcD7KMhJM=
-260,-105,q/r/O7n4AY+whlSQwM3FE4wBrpU=,YIfJF2UnguziOiKGAu766dqw8rI=
-260,-106,q/r/O7n4AY+whlSQwM3FE4wBrpU=,YIfJF2UnguziOiKGAu766dqw8rI=
-260,-102,q/r/O7n4AY+whlSQwM3FE4wBrpU=,snsUOoyk7okOh80WI7OcD7KMhJM=
-258,-107,q/r/O7n4AY+whlSQwM3FE4wBrpU=,YIfJF2UnguziOiKGAu766dqw8rI=
-259,-105,q/r/O7n4AY+whlSQwM3FE4wBrpU=,YIfJF2UnguziOiKGAu766dqw8rI=
-259,-103,q/r/O7n4AY+whlSQwM3FE4wBrpU=,snsUOoyk7okOh80WI7OcD7KMhJM=
-257,-104,q/r/O7n4AY+whlSQwM3FE4wBrpU=,snsUOoyk7okOh80WI7OcD7KMhJM=
-259,-106,q/r/O7n4AY+whlSQwM3FE4wBrpU=,YIfJF2UnguziOiKGAu766dqw8rI=
-260,-103,q/r/O7n4AY+whlSQwM3FE4wBrpU=,snsUOoyk7okOh80WI7OcD7KMhJM=
-260,-101,q/r/O7n4AY+whlSQwM3FE4wBrpU=,snsUOoyk7okOh80WI7OcD7KMhJM=
-259,-101,q/r/O7n4AY+whlSQwM3FE4wBrpU=,snsUOoyk7okOh80WI7OcD7KMhJM=
-257,-107,q/r/O7n4AY+whlSQwM3FE4wBrpU=,YIfJF2UnguziOiKGAu766dqw8rI=
-260,-107,q/r/O7n4AY+whlSQwM3FE4wBrpU=,YIfJF2UnguziOiKGAu766dqw8rI=
-259,-102,q/r/O7n4AY+whlSQwM3FE4wBrpU=,snsUOoyk7okOh80WI7OcD7KMhJM=
-259,-107,q/r/O7n4AY+whlSQwM3FE4wBrpU=,YIfJF2UnguziOiKGAu766dqw8rI=
-258,-108,q/r/O7n4AY+whlSQwM3FE4wBrpU=,YIfJF2UnguziOiKGAu766dqw8rI=
-260,-108,q/r/O7n4AY+whlSQwM3FE4wBrpU=,YIfJF2UnguziOiKGAu766dqw8rI=
-258,-102,q/r/O7n4AY+whlSQwM3FE4wBrpU=,snsUOoyk7okOh80WI7OcD7KMhJM=
-259,-104,q/r/O7n4AY+whlSQwM3FE4wBrpU=,snsUOoyk7okOh80WI7OcD7KMhJM=
-257,-102,q/r/O7n4AY+whlSQwM3FE4wBrpU=,snsUOoyk7okOh80WI7OcD7KMhJM=
-259,-108,q/r/O7n4AY+whlSQwM3FE4wBrpU=,YIfJF2UnguziOiKGAu766dqw8rI=
-258,-101,q/r/O7n4AY+whlSQwM3FE4wBrpU=,snsUOoyk7okOh80WI7OcD7KMhJM=
-258,-104,q/r/O7n4AY+whlSQwM3FE4wBrpU=,snsUOoyk7okOh80WI7OcD7KMhJM=
-257,-101,q/r/O7n4AY+whlSQwM3FE4wBrpU=,snsUOoyk7okOh80WI7OcD7KMhJM=
-260,-104,q/r/O7n4AY+whlSQwM3FE4wBrpU=,snsUOoyk7okOh80WI7OcD7KMhJM=
-257,-108,q/r/O7n4AY+whlSQwM3FE4wBrpU=,YIfJF2UnguziOiKGAu766dqw8rI=
-257,-103,q/r/O7n4AY+whlSQwM3FE4wBrpU=,snsUOoyk7okOh80WI7OcD7KMhJM=
-265,-97,Et0OhETinrAPTWQ/bBYOVuwEK84=,Fn4bJfO4RXEy6/MgSIVJnTWMb0Y=
-262,-99,Et0OhETinrAPTWQ/bBYOVuwEK84=,snsUOoyk7okOh80WI7OcD7KMhJM=
-261,-98,Et0OhETinrAPTWQ/bBYOVuwEK84=,snsUOoyk7okOh80WI7OcD7KMhJM=
-261,-97,Et0OhETinrAPTWQ/bBYOVuwEK84=,snsUOoyk7okOh80WI7OcD7KMhJM=
-261,-99,Et0OhETinrAPTWQ/bBYOVuwEK84=,snsUOoyk7okOh80WI7OcD7KMhJM=
-262,-98,Et0OhETinrAPTWQ/bBYOVuwEK84=,snsUOoyk7okOh80WI7OcD7KMhJM=
-267,-98,Et0OhETinrAPTWQ/bBYOVuwEK84=,Fn4bJfO4RXEy6/MgSIVJnTWMb0Y=
-268,-98,Et0OhETinrAPTWQ/bBYOVuwEK84=,Fn4bJfO4RXEy6/MgSIVJnTWMb0Y=
-264,-98,Et0OhETinrAPTWQ/bBYOVuwEK84=,snsUOoyk7okOh80WI7OcD7KMhJM=
-262,-97,Et0OhETinrAPTWQ/bBYOVuwEK84=,snsUOoyk7okOh80WI7OcD7KMhJM=
-264,-99,Et0OhETinrAPTWQ/bBYOVuwEK84=,snsUOoyk7okOh80WI7OcD7KMhJM=
-264,-100,Et0OhETinrAPTWQ/bBYOVuwEK84=,snsUOoyk7okOh80WI7OcD7KMhJM=
-267,-97,Et0OhETinrAPTWQ/bBYOVuwEK84=,Fn4bJfO4RXEy6/MgSIVJnTWMb0Y=
-263,-98,Et0OhETinrAPTWQ/bBYOVuwEK84=,snsUOoyk7okOh80WI7OcD7KMhJM=
-264,-97,Et0OhETinrAPTWQ/bBYOVuwEK84=,snsUOoyk7okOh80WI7OcD7KMhJM=
-266,-97,Et0OhETinrAPTWQ/bBYOVuwEK84=,Fn4bJfO4RXEy6/MgSIVJnTWMb0Y=
-263,-99,Et0OhETinrAPTWQ/bBYOVuwEK84=,snsUOoyk7okOh80WI7OcD7KMhJM=
-268,-99,Et0OhETinrAPTWQ/bBYOVuwEK84=,Fn4bJfO4RXEy6/MgSIVJnTWMb0Y=
-265,-100,Et0OhETinrAPTWQ/bBYOVuwEK84=,Fn4bJfO4RXEy6/MgSIVJnTWMb0Y=
-268,-97,Et0OhETinrAPTWQ/bBYOVuwEK84=,Fn4bJfO4RXEy6/MgSIVJnTWMb0Y=
-267,-100,Et0OhETinrAPTWQ/bBYOVuwEK84=,Fn4bJfO4RXEy6/MgSIVJnTWMb0Y=
-266,-99,Et0OhETinrAPTWQ/bBYOVuwEK84=,Fn4bJfO4RXEy6/MgSIVJnTWMb0Y=
-262,-100,Et0OhETinrAPTWQ/bBYOVuwEK84=,snsUOoyk7okOh80WI7OcD7KMhJM=
-272,-111,Et0OhETinrAPTWQ/bBYOVuwEK84=,rPeYDvXWZ1yMV/qgRqqM1icUVGM=
-267,-99,Et0OhETinrAPTWQ/bBYOVuwEK84=,Fn4bJfO4RXEy6/MgSIVJnTWMb0Y=
-257,-97,Et0OhETinrAPTWQ/bBYOVuwEK84=,snsUOoyk7okOh80WI7OcD7KMhJM=
-266,-98,Et0OhETinrAPTWQ/bBYOVuwEK84=,Fn4bJfO4RXEy6/MgSIVJnTWMb0Y=
-263,-100,Et0OhETinrAPTWQ/bBYOVuwEK84=,snsUOoyk7okOh80WI7OcD7KMhJM=
-258,-97,Et0OhETinrAPTWQ/bBYOVuwEK84=,snsUOoyk7okOh80WI7OcD7KMhJM=
-261,-100,Et0OhETinrAPTWQ/bBYOVuwEK84=,snsUOoyk7okOh80WI7OcD7KMhJM=
-272,-112,Et0OhETinrAPTWQ/bBYOVuwEK84=,rPeYDvXWZ1yMV/qgRqqM1icUVGM=
-271,-110,Et0OhETinrAPTWQ/bBYOVuwEK84=,rPeYDvXWZ1yMV/qgRqqM1icUVGM=
-260,-100,Et0OhETinrAPTWQ/bBYOVuwEK84=,snsUOoyk7okOh80WI7OcD7KMhJM=
-271,-97,Et0OhETinrAPTWQ/bBYOVuwEK84=,Fn4bJfO4RXEy6/MgSIVJnTWMb0Y=
-259,-100,Et0OhETinrAPTWQ/bBYOVuwEK84=,snsUOoyk7okOh80WI7OcD7KMhJM=
-259,-98,Et0OhETinrAPTWQ/bBYOVuwEK84=,snsUOoyk7okOh80WI7OcD7KMhJM=
-265,-98,Et0OhETinrAPTWQ/bBYOVuwEK84=,Fn4bJfO4RXEy6/MgSIVJnTWMb0Y=
-268,-100,Et0OhETinrAPTWQ/bBYOVuwEK84=,Fn4bJfO4RXEy6/MgSIVJnTWMb0Y=
-269,-97,Et0OhETinrAPTWQ/bBYOVuwEK84=,Fn4bJfO4RXEy6/MgSIVJnTWMb0Y=
-258,-99,Et0OhETinrAPTWQ/bBYOVuwEK84=,snsUOoyk7okOh80WI7OcD7KMhJM=
-260,-99,Et0OhETinrAPTWQ/bBYOVuwEK84=,snsUOoyk7okOh80WI7OcD7KMhJM=
-271,-100,Et0OhETinrAPTWQ/bBYOVuwEK84=,Fn4bJfO4RXEy6/MgSIVJnTWMb0Y=
-270,-100,Et0OhETinrAPTWQ/bBYOVuwEK84=,Fn4bJfO4RXEy6/MgSIVJnTWMb0Y=
-265,-99,Et0OhETinrAPTWQ/bBYOVuwEK84=,Fn4bJfO4RXEy6/MgSIVJnTWMb0Y=
-270,-110,Et0OhETinrAPTWQ/bBYOVuwEK84=,rPeYDvXWZ1yMV/qgRqqM1icUVGM=
-259,-97,Et0OhETinrAPTWQ/bBYOVuwEK84=,snsUOoyk7okOh80WI7OcD7KMhJM=
-266,-100,Et0OhETinrAPTWQ/bBYOVuwEK84=,Fn4bJfO4RXEy6/MgSIVJnTWMb0Y=
-270,-97,Et0OhETinrAPTWQ/bBYOVuwEK84=,Fn4bJfO4RXEy6/MgSIVJnTWMb0Y=
-271,-99,Et0OhETinrAPTWQ/bBYOVuwEK84=,Fn4bJfO4RXEy6/MgSIVJnTWMb0Y=
-263,-97,Et0OhETinrAPTWQ/bBYOVuwEK84=,snsUOoyk7okOh80WI7OcD7KMhJM=
-269,-99,Et0OhETinrAPTWQ/bBYOVuwEK84=,Fn4bJfO4RXEy6/MgSIVJnTWMb0Y=
-269,-100,Et0OhETinrAPTWQ/bBYOVuwEK84=,Fn4bJfO4RXEy6/MgSIVJnTWMb0Y=
-272,-97,Et0OhETinrAPTWQ/bBYOVuwEK84=,Fn4bJfO4RXEy6/MgSIVJnTWMb0Y=
-269,-110,Et0OhETinrAPTWQ/bBYOVuwEK84=,rPeYDvXWZ1yMV/qgRqqM1icUVGM=
-257,-99,Et0OhETinrAPTWQ/bBYOVuwEK84=,snsUOoyk7okOh80WI7OcD7KMhJM=
-272,-98,Et0OhETinrAPTWQ/bBYOVuwEK84=,Fn4bJfO4RXEy6/MgSIVJnTWMb0Y=
-257,-98,Et0OhETinrAPTWQ/bBYOVuwEK84=,snsUOoyk7okOh80WI7OcD7KMhJM=
-271,-98,Et0OhETinrAPTWQ/bBYOVuwEK84=,Fn4bJfO4RXEy6/MgSIVJnTWMb0Y=
-270,-98,Et0OhETinrAPTWQ/bBYOVuwEK84=,Fn4bJfO4RXEy6/MgSIVJnTWMb0Y=
-272,-100,Et0OhETinrAPTWQ/bBYOVuwEK84=,Fn4bJfO4RXEy6/MgSIVJnTWMb0Y=
-271,-109,Et0OhETinrAPTWQ/bBYOVuwEK84=,rPeYDvXWZ1yMV/qgRqqM1icUVGM=
-272,-99,Et0OhETinrAPTWQ/bBYOVuwEK84=,Fn4bJfO4RXEy6/MgSIVJnTWMb0Y=
-269,-112,Et0OhETinrAPTWQ/bBYOVuwEK84=,rPeYDvXWZ1yMV/qgRqqM1icUVGM=
-270,-109,Et0OhETinrAPTWQ/bBYOVuwEK84=,rPeYDvXWZ1yMV/qgRqqM1icUVGM=
-269,-109,Et0OhETinrAPTWQ/bBYOVuwEK84=,rPeYDvXWZ1yMV/qgRqqM1icUVGM=
-260,-98,Et0OhETinrAPTWQ/bBYOVuwEK84=,snsUOoyk7okOh80WI7OcD7KMhJM=
-258,-98,Et0OhETinrAPTWQ/bBYOVuwEK84=,snsUOoyk7okOh80WI7OcD7KMhJM=
-270,-112,Et0OhETinrAPTWQ/bBYOVuwEK84=,rPeYDvXWZ1yMV/qgRqqM1icUVGM=
-272,-110,Et0OhETinrAPTWQ/bBYOVuwEK84=,rPeYDvXWZ1yMV/qgRqqM1icUVGM=
-272,-109,Et0OhETinrAPTWQ/bBYOVuwEK84=,rPeYDvXWZ1yMV/qgRqqM1icUVGM=
-271,-112,Et0OhETinrAPTWQ/bBYOVuwEK84=,rPeYDvXWZ1yMV/qgRqqM1icUVGM=
-257,-100,Et0OhETinrAPTWQ/bBYOVuwEK84=,snsUOoyk7okOh80WI7OcD7KMhJM=
-270,-99,Et0OhETinrAPTWQ/bBYOVuwEK84=,Fn4bJfO4RXEy6/MgSIVJnTWMb0Y=
-259,-99,Et0OhETinrAPTWQ/bBYOVuwEK84=,snsUOoyk7okOh80WI7OcD7KMhJM=
-271,-111,Et0OhETinrAPTWQ/bBYOVuwEK84=,rPeYDvXWZ1yMV/qgRqqM1icUVGM=
-269,-98,Et0OhETinrAPTWQ/bBYOVuwEK84=,Fn4bJfO4RXEy6/MgSIVJnTWMb0Y=
-260,-97,Et0OhETinrAPTWQ/bBYOVuwEK84=,snsUOoyk7okOh80WI7OcD7KMhJM=
-270,-111,Et0OhETinrAPTWQ/bBYOVuwEK84=,rPeYDvXWZ1yMV/qgRqqM1icUVGM=
-269,-111,Et0OhETinrAPTWQ/bBYOVuwEK84=,rPeYDvXWZ1yMV/qgRqqM1icUVGM=
-258,-100,Et0OhETinrAPTWQ/bBYOVuwEK84=,snsUOoyk7okOh80WI7OcD7KMhJM=
-264,-120,DHUMZXKt3MjDsH0AsbYkqkHZAPU=,eNUa6/zSp5MHO+JePW2bITkjIdQ=
-263,-124,DHUMZXKt3MjDsH0AsbYkqkHZAPU=,JqFeuQljEX7ICMT1TV8tHJFEeRo=
-264,-122,DHUMZXKt3MjDsH0AsbYkqkHZAPU=,JqFeuQljEX7ICMT1TV8tHJFEeRo=
-265,-122,DHUMZXKt3MjDsH0AsbYkqkHZAPU=,GXKYxK8I86OwojD+L+anKRsr9dQ=
-261,-124,DHUMZXKt3MjDsH0AsbYkqkHZAPU=,JqFeuQljEX7ICMT1TV8tHJFEeRo=
-262,-124,DHUMZXKt3MjDsH0AsbYkqkHZAPU=,JqFeuQljEX7ICMT1TV8tHJFEeRo=
-263,-123,DHUMZXKt3MjDsH0AsbYkqkHZAPU=,JqFeuQljEX7ICMT1TV8tHJFEeRo=
-268,-120,DHUMZXKt3MjDsH0AsbYkqkHZAPU=,Y2Eq0MsihZPsJNpXYzeFGFLhxB8=
-261,-123,DHUMZXKt3MjDsH0AsbYkqkHZAPU=,JqFeuQljEX7ICMT1TV8tHJFEeRo=
-264,-123,DHUMZXKt3MjDsH0AsbYkqkHZAPU=,JqFeuQljEX7ICMT1TV8tHJFEeRo=
-266,-122,DHUMZXKt3MjDsH0AsbYkqkHZAPU=,GXKYxK8I86OwojD+L+anKRsr9dQ=
-268,-119,DHUMZXKt3MjDsH0AsbYkqkHZAPU=,Y2Eq0MsihZPsJNpXYzeFGFLhxB8=
-267,-119,DHUMZXKt3MjDsH0AsbYkqkHZAPU=,Y2Eq0MsihZPsJNpXYzeFGFLhxB8=
-263,-122,DHUMZXKt3MjDsH0AsbYkqkHZAPU=,JqFeuQljEX7ICMT1TV8tHJFEeRo=
-262,-123,DHUMZXKt3MjDsH0AsbYkqkHZAPU=,JqFeuQljEX7ICMT1TV8tHJFEeRo=
-262,-122,DHUMZXKt3MjDsH0AsbYkqkHZAPU=,JqFeuQljEX7ICMT1TV8tHJFEeRo=
-267,-122,DHUMZXKt3MjDsH0AsbYkqkHZAPU=,GXKYxK8I86OwojD+L+anKRsr9dQ=
-263,-121,DHUMZXKt3MjDsH0AsbYkqkHZAPU=,JqFeuQljEX7ICMT1TV8tHJFEeRo=
-268,-122,DHUMZXKt3MjDsH0AsbYkqkHZAPU=,GXKYxK8I86OwojD+L+anKRsr9dQ=
-264,-121,DHUMZXKt3MjDsH0AsbYkqkHZAPU=,JqFeuQljEX7ICMT1TV8tHJFEeRo=
-261,-122,DHUMZXKt3MjDsH0AsbYkqkHZAPU=,JqFeuQljEX7ICMT1TV8tHJFEeRo=
-265,-117,DHUMZXKt3MjDsH0AsbYkqkHZAPU=,Y2Eq0MsihZPsJNpXYzeFGFLhxB8=
-262,-121,DHUMZXKt3MjDsH0AsbYkqkHZAPU=,JqFeuQljEX7ICMT1TV8tHJFEeRo=
-265,-121,DHUMZXKt3MjDsH0AsbYkqkHZAPU=,GXKYxK8I86OwojD+L+anKRsr9dQ=
-268,-121,DHUMZXKt3MjDsH0AsbYkqkHZAPU=,GXKYxK8I86OwojD+L+anKRsr9dQ=
-261,-121,DHUMZXKt3MjDsH0AsbYkqkHZAPU=,JqFeuQljEX7ICMT1TV8tHJFEeRo=
-268,-124,DHUMZXKt3MjDsH0AsbYkqkHZAPU=,GXKYxK8I86OwojD+L+anKRsr9dQ=
-267,-121,DHUMZXKt3MjDsH0AsbYkqkHZAPU=,GXKYxK8I86OwojD+L+anKRsr9dQ=
-264,-124,DHUMZXKt3MjDsH0AsbYkqkHZAPU=,JqFeuQljEX7ICMT1TV8tHJFEeRo=
-266,-121,DHUMZXKt3MjDsH0AsbYkqkHZAPU=,GXKYxK8I86OwojD+L+anKRsr9dQ=
-265,-123,DHUMZXKt3MjDsH0AsbYkqkHZAPU=,GXKYxK8I86OwojD+L+anKRsr9dQ=
-266,-123,DHUMZXKt3MjDsH0AsbYkqkHZAPU=,GXKYxK8I86OwojD+L+anKRsr9dQ=
-267,-123,DHUMZXKt3MjDsH0AsbYkqkHZAPU=,GXKYxK8I86OwojD+L+anKRsr9dQ=
-268,-123,DHUMZXKt3MjDsH0AsbYkqkHZAPU=,GXKYxK8I86OwojD+L+anKRsr9dQ=
-264,-117,DHUMZXKt3MjDsH0AsbYkqkHZAPU=,eNUa6/zSp5MHO+JePW2bITkjIdQ=
-266,-117,DHUMZXKt3MjDsH0AsbYkqkHZAPU=,Y2Eq0MsihZPsJNpXYzeFGFLhxB8=
-265,-124,DHUMZXKt3MjDsH0AsbYkqkHZAPU=,GXKYxK8I86OwojD+L+anKRsr9dQ=
-267,-124,DHUMZXKt3MjDsH0AsbYkqkHZAPU=,GXKYxK8I86OwojD+L+anKRsr9dQ=
-266,-124,DHUMZXKt3MjDsH0AsbYkqkHZAPU=,GXKYxK8I86OwojD+L+anKRsr9dQ=
-265,-120,DHUMZXKt3MjDsH0AsbYkqkHZAPU=,Y2Eq0MsihZPsJNpXYzeFGFLhxB8=
-265,-119,DHUMZXKt3MjDsH0AsbYkqkHZAPU=,Y2Eq0MsihZPsJNpXYzeFGFLhxB8=
-267,-120,DHUMZXKt3MjDsH0AsbYkqkHZAPU=,Y2Eq0MsihZPsJNpXYzeFGFLhxB8=
-266,-119,DHUMZXKt3MjDsH0AsbYkqkHZAPU=,Y2Eq0MsihZPsJNpXYzeFGFLhxB8=
-267,-117,DHUMZXKt3MjDsH0AsbYkqkHZAPU=,Y2Eq0MsihZPsJNpXYzeFGFLhxB8=
-268,-117,DHUMZXKt3MjDsH0AsbYkqkHZAPU=,Y2Eq0MsihZPsJNpXYzeFGFLhxB8=
-266,-120,DHUMZXKt3MjDsH0AsbYkqkHZAPU=,Y2Eq0MsihZPsJNpXYzeFGFLhxB8=
-263,-118,DHUMZXKt3MjDsH0AsbYkqkHZAPU=,eNUa6/zSp5MHO+JePW2bITkjIdQ=
-263,-119,DHUMZXKt3MjDsH0AsbYkqkHZAPU=,eNUa6/zSp5MHO+JePW2bITkjIdQ=
-265,-118,DHUMZXKt3MjDsH0AsbYkqkHZAPU=,Y2Eq0MsihZPsJNpXYzeFGFLhxB8=
-262,-119,DHUMZXKt3MjDsH0AsbYkqkHZAPU=,eNUa6/zSp5MHO+JePW2bITkjIdQ=
-262,-120,DHUMZXKt3MjDsH0AsbYkqkHZAPU=,eNUa6/zSp5MHO+JePW2bITkjIdQ=
-261,-119,DHUMZXKt3MjDsH0AsbYkqkHZAPU=,eNUa6/zSp5MHO+JePW2bITkjIdQ=
-263,-120,DHUMZXKt3MjDsH0AsbYkqkHZAPU=,eNUa6/zSp5MHO+JePW2bITkjIdQ=
-268,-118,DHUMZXKt3MjDsH0AsbYkqkHZAPU=,Y2Eq0MsihZPsJNpXYzeFGFLhxB8=
-263,-117,DHUMZXKt3MjDsH0AsbYkqkHZAPU=,eNUa6/zSp5MHO+JePW2bITkjIdQ=
-266,-118,DHUMZXKt3MjDsH0AsbYkqkHZAPU=,Y2Eq0MsihZPsJNpXYzeFGFLhxB8=
-262,-118,DHUMZXKt3MjDsH0AsbYkqkHZAPU=,eNUa6/zSp5MHO+JePW2bITkjIdQ=
-262,-117,DHUMZXKt3MjDsH0AsbYkqkHZAPU=,eNUa6/zSp5MHO+JePW2bITkjIdQ=
-267,-118,DHUMZXKt3MjDsH0AsbYkqkHZAPU=,Y2Eq0MsihZPsJNpXYzeFGFLhxB8=
-261,-117,DHUMZXKt3MjDsH0AsbYkqkHZAPU=,eNUa6/zSp5MHO+JePW2bITkjIdQ=
-264,-118,DHUMZXKt3MjDsH0AsbYkqkHZAPU=,eNUa6/zSp5MHO+JePW2bITkjIdQ=
-261,-118,DHUMZXKt3MjDsH0AsbYkqkHZAPU=,eNUa6/zSp5MHO+JePW2bITkjIdQ=
-264,-119,DHUMZXKt3MjDsH0AsbYkqkHZAPU=,eNUa6/zSp5MHO+JePW2bITkjIdQ=
-261,-120,DHUMZXKt3MjDsH0AsbYkqkHZAPU=,eNUa6/zSp5MHO+JePW2bITkjIdQ=
-257,-125,/3pu+fwQnc3QrmIvz7HepEBv2Rw=,JqFeuQljEX7ICMT1TV8tHJFEeRo=
-257,-128,/3pu+fwQnc3QrmIvz7HepEBv2Rw=,JqFeuQljEX7ICMT1TV8tHJFEeRo=
-260,-127,/3pu+fwQnc3QrmIvz7HepEBv2Rw=,JqFeuQljEX7ICMT1TV8tHJFEeRo=
-259,-127,/3pu+fwQnc3QrmIvz7HepEBv2Rw=,JqFeuQljEX7ICMT1TV8tHJFEeRo=
-258,-127,/3pu+fwQnc3QrmIvz7HepEBv2Rw=,JqFeuQljEX7ICMT1TV8tHJFEeRo=
-260,-126,/3pu+fwQnc3QrmIvz7HepEBv2Rw=,JqFeuQljEX7ICMT1TV8tHJFEeRo=
-259,-126,/3pu+fwQnc3QrmIvz7HepEBv2Rw=,JqFeuQljEX7ICMT1TV8tHJFEeRo=
-258,-126,/3pu+fwQnc3QrmIvz7HepEBv2Rw=,JqFeuQljEX7ICMT1TV8tHJFEeRo=
-259,-125,/3pu+fwQnc3QrmIvz7HepEBv2Rw=,JqFeuQljEX7ICMT1TV8tHJFEeRo=
-258,-125,/3pu+fwQnc3QrmIvz7HepEBv2Rw=,JqFeuQljEX7ICMT1TV8tHJFEeRo=
-260,-125,/3pu+fwQnc3QrmIvz7HepEBv2Rw=,JqFeuQljEX7ICMT1TV8tHJFEeRo=
-260,-128,/3pu+fwQnc3QrmIvz7HepEBv2Rw=,JqFeuQljEX7ICMT1TV8tHJFEeRo=
-259,-128,/3pu+fwQnc3QrmIvz7HepEBv2Rw=,JqFeuQljEX7ICMT1TV8tHJFEeRo=
-258,-128,/3pu+fwQnc3QrmIvz7HepEBv2Rw=,JqFeuQljEX7ICMT1TV8tHJFEeRo=
-257,-126,/3pu+fwQnc3QrmIvz7HepEBv2Rw=,JqFeuQljEX7ICMT1TV8tHJFEeRo=
-257,-127,/3pu+fwQnc3QrmIvz7HepEBv2Rw=,JqFeuQljEX7ICMT1TV8tHJFEeRo=
-272,-121,/3pu+fwQnc3QrmIvz7HepEBv2Rw=,GXKYxK8I86OwojD+L+anKRsr9dQ=
-271,-119,/3pu+fwQnc3QrmIvz7HepEBv2Rw=,Y2Eq0MsihZPsJNpXYzeFGFLhxB8=
-270,-119,/3pu+fwQnc3QrmIvz7HepEBv2Rw=,Y2Eq0MsihZPsJNpXYzeFGFLhxB8=
-269,-119,/3pu+fwQnc3QrmIvz7HepEBv2Rw=,Y2Eq0MsihZPsJNpXYzeFGFLhxB8=
-270,-118,/3pu+fwQnc3QrmIvz7HepEBv2Rw=,Y2Eq0MsihZPsJNpXYzeFGFLhxB8=
-269,-118,/3pu+fwQnc3QrmIvz7HepEBv2Rw=,Y2Eq0MsihZPsJNpXYzeFGFLhxB8=
-271,-117,/3pu+fwQnc3QrmIvz7HepEBv2Rw=,Y2Eq0MsihZPsJNpXYzeFGFLhxB8=
-271,-118,/3pu+fwQnc3QrmIvz7HepEBv2Rw=,Y2Eq0MsihZPsJNpXYzeFGFLhxB8=
-270,-117,/3pu+fwQnc3QrmIvz7HepEBv2Rw=,Y2Eq0MsihZPsJNpXYzeFGFLhxB8=
-272,-119,/3pu+fwQnc3QrmIvz7HepEBv2Rw=,Y2Eq0MsihZPsJNpXYzeFGFLhxB8=
-269,-117,/3pu+fwQnc3QrmIvz7HepEBv2Rw=,Y2Eq0MsihZPsJNpXYzeFGFLhxB8=
-272,-118,/3pu+fwQnc3QrmIvz7HepEBv2Rw=,Y2Eq0MsihZPsJNpXYzeFGFLhxB8=
-271,-120,/3pu+fwQnc3QrmIvz7HepEBv2Rw=,Y2Eq0MsihZPsJNpXYzeFGFLhxB8=
-270,-120,/3pu+fwQnc3QrmIvz7HepEBv2Rw=,Y2Eq0MsihZPsJNpXYzeFGFLhxB8=
-271,-124,/3pu+fwQnc3QrmIvz7HepEBv2Rw=,GXKYxK8I86OwojD+L+anKRsr9dQ=
-270,-121,/3pu+fwQnc3QrmIvz7HepEBv2Rw=,GXKYxK8I86OwojD+L+anKRsr9dQ=
-269,-121,/3pu+fwQnc3QrmIvz7HepEBv2Rw=,GXKYxK8I86OwojD+L+anKRsr9dQ=
-269,-124,/3pu+fwQnc3QrmIvz7HepEBv2Rw=,GXKYxK8I86OwojD+L+anKRsr9dQ=
-269,-120,/3pu+fwQnc3QrmIvz7HepEBv2Rw=,Y2Eq0MsihZPsJNpXYzeFGFLhxB8=
-271,-121,/3pu+fwQnc3QrmIvz7HepEBv2Rw=,GXKYxK8I86OwojD+L+anKRsr9dQ=
-270,-122,/3pu+fwQnc3QrmIvz7HepEBv2Rw=,GXKYxK8I86OwojD+L+anKRsr9dQ=
-269,-122,/3pu+fwQnc3QrmIvz7HepEBv2Rw=,GXKYxK8I86OwojD+L+anKRsr9dQ=
-271,-122,/3pu+fwQnc3QrmIvz7HepEBv2Rw=,GXKYxK8I86OwojD+L+anKRsr9dQ=
-270,-123,/3pu+fwQnc3QrmIvz7HepEBv2Rw=,GXKYxK8I86OwojD+L+anKRsr9dQ=
-271,-123,/3pu+fwQnc3QrmIvz7HepEBv2Rw=,GXKYxK8I86OwojD+L+anKRsr9dQ=
-272,-120,/3pu+fwQnc3QrmIvz7HepEBv2Rw=,Y2Eq0MsihZPsJNpXYzeFGFLhxB8=
-272,-124,/3pu+fwQnc3QrmIvz7HepEBv2Rw=,GXKYxK8I86OwojD+L+anKRsr9dQ=
-272,-123,/3pu+fwQnc3QrmIvz7HepEBv2Rw=,GXKYxK8I86OwojD+L+anKRsr9dQ=
-272,-117,/3pu+fwQnc3QrmIvz7HepEBv2Rw=,Y2Eq0MsihZPsJNpXYzeFGFLhxB8=
-272,-122,/3pu+fwQnc3QrmIvz7HepEBv2Rw=,GXKYxK8I86OwojD+L+anKRsr9dQ=
-264,-128,/3pu+fwQnc3QrmIvz7HepEBv2Rw=,JqFeuQljEX7ICMT1TV8tHJFEeRo=
-272,-127,/3pu+fwQnc3QrmIvz7HepEBv2Rw=,GXKYxK8I86OwojD+L+anKRsr9dQ=
-265,-128,/3pu+fwQnc3QrmIvz7HepEBv2Rw=,GXKYxK8I86OwojD+L+anKRsr9dQ=
-266,-128,/3pu+fwQnc3QrmIvz7HepEBv2Rw=,GXKYxK8I86OwojD+L+anKRsr9dQ=
-267,-128,/3pu+fwQnc3QrmIvz7HepEBv2Rw=,GXKYxK8I86OwojD+L+anKRsr9dQ=
-272,-125,/3pu+fwQnc3QrmIvz7HepEBv2Rw=,GXKYxK8I86OwojD+L+anKRsr9dQ=
-268,-127,/3pu+fwQnc3QrmIvz7HepEBv2Rw=,GXKYxK8I86OwojD+L+anKRsr9dQ=
-270,-128,/3pu+fwQnc3QrmIvz7HepEBv2Rw=,GXKYxK8I86OwojD+L+anKRsr9dQ=
-268,-128,/3pu+fwQnc3QrmIvz7HepEBv2Rw=,GXKYxK8I86OwojD+L+anKRsr9dQ=
-269,-128,/3pu+fwQnc3QrmIvz7HepEBv2Rw=,GXKYxK8I86OwojD+L+anKRsr9dQ=
-264,-125,/3pu+fwQnc3QrmIvz7HepEBv2Rw=,JqFeuQljEX7ICMT1TV8tHJFEeRo=
-271,-128,/3pu+fwQnc3QrmIvz7HepEBv2Rw=,GXKYxK8I86OwojD+L+anKRsr9dQ=
-272,-128,/3pu+fwQnc3QrmIvz7HepEBv2Rw=,GXKYxK8I86OwojD+L+anKRsr9dQ=
-264,-126,/3pu+fwQnc3QrmIvz7HepEBv2Rw=,JqFeuQljEX7ICMT1TV8tHJFEeRo=
-267,-127,/3pu+fwQnc3QrmIvz7HepEBv2Rw=,GXKYxK8I86OwojD+L+anKRsr9dQ=
-272,-126,/3pu+fwQnc3QrmIvz7HepEBv2Rw=,GXKYxK8I86OwojD+L+anKRsr9dQ=
-266,-127,/3pu+fwQnc3QrmIvz7HepEBv2Rw=,GXKYxK8I86OwojD+L+anKRsr9dQ=
-264,-127,/3pu+fwQnc3QrmIvz7HepEBv2Rw=,JqFeuQljEX7ICMT1TV8tHJFEeRo=
-265,-127,/3pu+fwQnc3QrmIvz7HepEBv2Rw=,GXKYxK8I86OwojD+L+anKRsr9dQ=
-263,-127,/3pu+fwQnc3QrmIvz7HepEBv2Rw=,JqFeuQljEX7ICMT1TV8tHJFEeRo=
-261,-127,/3pu+fwQnc3QrmIvz7HepEBv2Rw=,JqFeuQljEX7ICMT1TV8tHJFEeRo=
-271,-127,/3pu+fwQnc3QrmIvz7HepEBv2Rw=,GXKYxK8I86OwojD+L+anKRsr9dQ=
-271,-126,/3pu+fwQnc3QrmIvz7HepEBv2Rw=,GXKYxK8I86OwojD+L+anKRsr9dQ=
-263,-126,/3pu+fwQnc3QrmIvz7HepEBv2Rw=,JqFeuQljEX7ICMT1TV8tHJFEeRo=
-261,-128,/3pu+fwQnc3QrmIvz7HepEBv2Rw=,JqFeuQljEX7ICMT1TV8tHJFEeRo=
-270,-126,/3pu+fwQnc3QrmIvz7HepEBv2Rw=,GXKYxK8I86OwojD+L+anKRsr9dQ=
-270,-127,/3pu+fwQnc3QrmIvz7HepEBv2Rw=,GXKYxK8I86OwojD+L+anKRsr9dQ=
-269,-126,/3pu+fwQnc3QrmIvz7HepEBv2Rw=,GXKYxK8I86OwojD+L+anKRsr9dQ=
-268,-126,/3pu+fwQnc3QrmIvz7HepEBv2Rw=,GXKYxK8I86OwojD+L+anKRsr9dQ=
-267,-126,/3pu+fwQnc3QrmIvz7HepEBv2Rw=,GXKYxK8I86OwojD+L+anKRsr9dQ=
-269,-123,/3pu+fwQnc3QrmIvz7HepEBv2Rw=,GXKYxK8I86OwojD+L+anKRsr9dQ=
-262,-128,/3pu+fwQnc3QrmIvz7HepEBv2Rw=,JqFeuQljEX7ICMT1TV8tHJFEeRo=
-266,-126,/3pu+fwQnc3QrmIvz7HepEBv2Rw=,GXKYxK8I86OwojD+L+anKRsr9dQ=
-270,-124,/3pu+fwQnc3QrmIvz7HepEBv2Rw=,GXKYxK8I86OwojD+L+anKRsr9dQ=
-262,-126,/3pu+fwQnc3QrmIvz7HepEBv2Rw=,JqFeuQljEX7ICMT1TV8tHJFEeRo=
-261,-126,/3pu+fwQnc3QrmIvz7HepEBv2Rw=,JqFeuQljEX7ICMT1TV8tHJFEeRo=
-265,-126,/3pu+fwQnc3QrmIvz7HepEBv2Rw=,GXKYxK8I86OwojD+L+anKRsr9dQ=
-263,-128,/3pu+fwQnc3QrmIvz7HepEBv2Rw=,JqFeuQljEX7ICMT1TV8tHJFEeRo=
-263,-125,/3pu+fwQnc3QrmIvz7HepEBv2Rw=,JqFeuQljEX7ICMT1TV8tHJFEeRo=
-262,-125,/3pu+fwQnc3QrmIvz7HepEBv2Rw=,JqFeuQljEX7ICMT1TV8tHJFEeRo=
-271,-125,/3pu+fwQnc3QrmIvz7HepEBv2Rw=,GXKYxK8I86OwojD+L+anKRsr9dQ=
-270,-125,/3pu+fwQnc3QrmIvz7HepEBv2Rw=,GXKYxK8I86OwojD+L+anKRsr9dQ=
-269,-127,/3pu+fwQnc3QrmIvz7HepEBv2Rw=,GXKYxK8I86OwojD+L+anKRsr9dQ=
-261,-125,/3pu+fwQnc3QrmIvz7HepEBv2Rw=,JqFeuQljEX7ICMT1TV8tHJFEeRo=
-269,-125,/3pu+fwQnc3QrmIvz7HepEBv2Rw=,GXKYxK8I86OwojD+L+anKRsr9dQ=
-268,-125,/3pu+fwQnc3QrmIvz7HepEBv2Rw=,GXKYxK8I86OwojD+L+anKRsr9dQ=
-266,-125,/3pu+fwQnc3QrmIvz7HepEBv2Rw=,GXKYxK8I86OwojD+L+anKRsr9dQ=
-267,-125,/3pu+fwQnc3QrmIvz7HepEBv2Rw=,GXKYxK8I86OwojD+L+anKRsr9dQ=
-265,-125,/3pu+fwQnc3QrmIvz7HepEBv2Rw=,GXKYxK8I86OwojD+L+anKRsr9dQ=
-262,-127,/3pu+fwQnc3QrmIvz7HepEBv2Rw=,JqFeuQljEX7ICMT1TV8tHJFEeRo=
-272,-113,/3pu+fwQnc3QrmIvz7HepEBv2Rw=,Y2Eq0MsihZPsJNpXYzeFGFLhxB8=
-271,-113,/3pu+fwQnc3QrmIvz7HepEBv2Rw=,Y2Eq0MsihZPsJNpXYzeFGFLhxB8=
-269,-113,/3pu+fwQnc3QrmIvz7HepEBv2Rw=,Y2Eq0MsihZPsJNpXYzeFGFLhxB8=
-270,-113,/3pu+fwQnc3QrmIvz7HepEBv2Rw=,Y2Eq0MsihZPsJNpXYzeFGFLhxB8=
-269,-114,/3pu+fwQnc3QrmIvz7HepEBv2Rw=,Y2Eq0MsihZPsJNpXYzeFGFLhxB8=
-271,-116,/3pu+fwQnc3QrmIvz7HepEBv2Rw=,Y2Eq0MsihZPsJNpXYzeFGFLhxB8=
-270,-114,/3pu+fwQnc3QrmIvz7HepEBv2Rw=,Y2Eq0MsihZPsJNpXYzeFGFLhxB8=
-271,-114,/3pu+fwQnc3QrmIvz7HepEBv2Rw=,Y2Eq0MsihZPsJNpXYzeFGFLhxB8=
-269,-115,/3pu+fwQnc3QrmIvz7HepEBv2Rw=,Y2Eq0MsihZPsJNpXYzeFGFLhxB8=
-269,-116,/3pu+fwQnc3QrmIvz7HepEBv2Rw=,Y2Eq0MsihZPsJNpXYzeFGFLhxB8=
-270,-115,/3pu+fwQnc3QrmIvz7HepEBv2Rw=,Y2Eq0MsihZPsJNpXYzeFGFLhxB8=
-270,-116,/3pu+fwQnc3QrmIvz7HepEBv2Rw=,Y2Eq0MsihZPsJNpXYzeFGFLhxB8=
-271,-115,/3pu+fwQnc3QrmIvz7HepEBv2Rw=,Y2Eq0MsihZPsJNpXYzeFGFLhxB8=
-272,-116,/3pu+fwQnc3QrmIvz7HepEBv2Rw=,Y2Eq0MsihZPsJNpXYzeFGFLhxB8=
-272,-114,/3pu+fwQnc3QrmIvz7HepEBv2Rw=,Y2Eq0MsihZPsJNpXYzeFGFLhxB8=
-272,-115,/3pu+fwQnc3QrmIvz7HepEBv2Rw=,Y2Eq0MsihZPsJNpXYzeFGFLhxB8=
-257,-122,/3pu+fwQnc3QrmIvz7HepEBv2Rw=,JqFeuQljEX7ICMT1TV8tHJFEeRo=
-257,-123,/3pu+fwQnc3QrmIvz7HepEBv2Rw=,JqFeuQljEX7ICMT1TV8tHJFEeRo=
-257,-124,/3pu+fwQnc3QrmIvz7HepEBv2Rw=,JqFeuQljEX7ICMT1TV8tHJFEeRo=
-260,-124,/3pu+fwQnc3QrmIvz7HepEBv2Rw=,JqFeuQljEX7ICMT1TV8tHJFEeRo=
-258,-121,/3pu+fwQnc3QrmIvz7HepEBv2Rw=,JqFeuQljEX7ICMT1TV8tHJFEeRo=
-257,-121,/3pu+fwQnc3QrmIvz7HepEBv2Rw=,JqFeuQljEX7ICMT1TV8tHJFEeRo=
-259,-124,/3pu+fwQnc3QrmIvz7HepEBv2Rw=,JqFeuQljEX7ICMT1TV8tHJFEeRo=
-259,-121,/3pu+fwQnc3QrmIvz7HepEBv2Rw=,JqFeuQljEX7ICMT1TV8tHJFEeRo=
-258,-124,/3pu+fwQnc3QrmIvz7HepEBv2Rw=,JqFeuQljEX7ICMT1TV8tHJFEeRo=
-260,-123,/3pu+fwQnc3QrmIvz7HepEBv2Rw=,JqFeuQljEX7ICMT1TV8tHJFEeRo=
-257,-119,/3pu+fwQnc3QrmIvz7HepEBv2Rw=,eNUa6/zSp5MHO+JePW2bITkjIdQ=
-259,-123,/3pu+fwQnc3QrmIvz7HepEBv2Rw=,JqFeuQljEX7ICMT1TV8tHJFEeRo=
-258,-123,/3pu+fwQnc3QrmIvz7HepEBv2Rw=,JqFeuQljEX7ICMT1TV8tHJFEeRo=
-263,-115,/3pu+fwQnc3QrmIvz7HepEBv2Rw=,eNUa6/zSp5MHO+JePW2bITkjIdQ=
-257,-117,/3pu+fwQnc3QrmIvz7HepEBv2Rw=,eNUa6/zSp5MHO+JePW2bITkjIdQ=
-260,-119,/3pu+fwQnc3QrmIvz7HepEBv2Rw=,eNUa6/zSp5MHO+JePW2bITkjIdQ=
-260,-122,/3pu+fwQnc3QrmIvz7HepEBv2Rw=,JqFeuQljEX7ICMT1TV8tHJFEeRo=
-259,-122,/3pu+fwQnc3QrmIvz7HepEBv2Rw=,JqFeuQljEX7ICMT1TV8tHJFEeRo=
-258,-122,RiW7wsBpd65JLDf+xanfmwxaLLY=,JqFeuQljEX7ICMT1TV8tHJFEeRo=
-261,-116,RiW7wsBpd65JLDf+xanfmwxaLLY=,eNUa6/zSp5MHO+JePW2bITkjIdQ=
-263,-116,RiW7wsBpd65JLDf+xanfmwxaLLY=,eNUa6/zSp5MHO+JePW2bITkjIdQ=
-258,-114,RiW7wsBpd65JLDf+xanfmwxaLLY=,eNUa6/zSp5MHO+JePW2bITkjIdQ=
-261,-113,RiW7wsBpd65JLDf+xanfmwxaLLY=,eNUa6/zSp5MHO+JePW2bITkjIdQ=
-260,-121,RiW7wsBpd65JLDf+xanfmwxaLLY=,JqFeuQljEX7ICMT1TV8tHJFEeRo=
-260,-117,RiW7wsBpd65JLDf+xanfmwxaLLY=,eNUa6/zSp5MHO+JePW2bITkjIdQ=
-259,-117,RiW7wsBpd65JLDf+xanfmwxaLLY=,eNUa6/zSp5MHO+JePW2bITkjIdQ=
-258,-117,RiW7wsBpd65JLDf+xanfmwxaLLY=,eNUa6/zSp5MHO+JePW2bITkjIdQ=
-260,-118,RiW7wsBpd65JLDf+xanfmwxaLLY=,eNUa6/zSp5MHO+JePW2bITkjIdQ=
-259,-119,RiW7wsBpd65JLDf+xanfmwxaLLY=,eNUa6/zSp5MHO+JePW2bITkjIdQ=
-258,-119,RiW7wsBpd65JLDf+xanfmwxaLLY=,eNUa6/zSp5MHO+JePW2bITkjIdQ=
-257,-116,RiW7wsBpd65JLDf+xanfmwxaLLY=,eNUa6/zSp5MHO+JePW2bITkjIdQ=
-259,-118,RiW7wsBpd65JLDf+xanfmwxaLLY=,eNUa6/zSp5MHO+JePW2bITkjIdQ=
-260,-116,RiW7wsBpd65JLDf+xanfmwxaLLY=,eNUa6/zSp5MHO+JePW2bITkjIdQ=
-262,-115,RiW7wsBpd65JLDf+xanfmwxaLLY=,eNUa6/zSp5MHO+JePW2bITkjIdQ=
-262,-114,RiW7wsBpd65JLDf+xanfmwxaLLY=,eNUa6/zSp5MHO+JePW2bITkjIdQ=
-258,-118,RiW7wsBpd65JLDf+xanfmwxaLLY=,eNUa6/zSp5MHO+JePW2bITkjIdQ=
-259,-116,RiW7wsBpd65JLDf+xanfmwxaLLY=,eNUa6/zSp5MHO+JePW2bITkjIdQ=
-262,-116,RiW7wsBpd65JLDf+xanfmwxaLLY=,eNUa6/zSp5MHO+JePW2bITkjIdQ=
-263,-114,RiW7wsBpd65JLDf+xanfmwxaLLY=,eNUa6/zSp5MHO+JePW2bITkjIdQ=
-261,-115,RiW7wsBpd65JLDf+xanfmwxaLLY=,eNUa6/zSp5MHO+JePW2bITkjIdQ=
-261,-114,RiW7wsBpd65JLDf+xanfmwxaLLY=,eNUa6/zSp5MHO+JePW2bITkjIdQ=
-268,-114,RiW7wsBpd65JLDf+xanfmwxaLLY=,Y2Eq0MsihZPsJNpXYzeFGFLhxB8=
-258,-115,RiW7wsBpd65JLDf+xanfmwxaLLY=,eNUa6/zSp5MHO+JePW2bITkjIdQ=
-262,-113,RiW7wsBpd65JLDf+xanfmwxaLLY=,eNUa6/zSp5MHO+JePW2bITkjIdQ=
-267,-114,RiW7wsBpd65JLDf+xanfmwxaLLY=,Y2Eq0MsihZPsJNpXYzeFGFLhxB8=
-258,-116,RiW7wsBpd65JLDf+xanfmwxaLLY=,eNUa6/zSp5MHO+JePW2bITkjIdQ=
-258,-120,RiW7wsBpd65JLDf+xanfmwxaLLY=,eNUa6/zSp5MHO+JePW2bITkjIdQ=
-257,-115,RiW7wsBpd65JLDf+xanfmwxaLLY=,eNUa6/zSp5MHO+JePW2bITkjIdQ=
-257,-120,RiW7wsBpd65JLDf+xanfmwxaLLY=,eNUa6/zSp5MHO+JePW2bITkjIdQ=
-260,-120,RiW7wsBpd65JLDf+xanfmwxaLLY=,eNUa6/zSp5MHO+JePW2bITkjIdQ=
-257,-118,RiW7wsBpd65JLDf+xanfmwxaLLY=,eNUa6/zSp5MHO+JePW2bITkjIdQ=
-260,-114,RiW7wsBpd65JLDf+xanfmwxaLLY=,eNUa6/zSp5MHO+JePW2bITkjIdQ=
-259,-114,RiW7wsBpd65JLDf+xanfmwxaLLY=,eNUa6/zSp5MHO+JePW2bITkjIdQ=
-260,-115,RiW7wsBpd65JLDf+xanfmwxaLLY=,eNUa6/zSp5MHO+JePW2bITkjIdQ=
-267,-113,RiW7wsBpd65JLDf+xanfmwxaLLY=,Y2Eq0MsihZPsJNpXYzeFGFLhxB8=
-268,-113,RiW7wsBpd65JLDf+xanfmwxaLLY=,Y2Eq0MsihZPsJNpXYzeFGFLhxB8=
-265,-114,RiW7wsBpd65JLDf+xanfmwxaLLY=,Y2Eq0MsihZPsJNpXYzeFGFLhxB8=
-266,-115,RiW7wsBpd65JLDf+xanfmwxaLLY=,Y2Eq0MsihZPsJNpXYzeFGFLhxB8=
-259,-120,RiW7wsBpd65JLDf+xanfmwxaLLY=,eNUa6/zSp5MHO+JePW2bITkjIdQ=
-265,-115,RiW7wsBpd65JLDf+xanfmwxaLLY=,Y2Eq0MsihZPsJNpXYzeFGFLhxB8=
-264,-115,RiW7wsBpd65JLDf+xanfmwxaLLY=,eNUa6/zSp5MHO+JePW2bITkjIdQ=
-260,-113,RiW7wsBpd65JLDf+xanfmwxaLLY=,eNUa6/zSp5MHO+JePW2bITkjIdQ=
-258,-113,RiW7wsBpd65JLDf+xanfmwxaLLY=,eNUa6/zSp5MHO+JePW2bITkjIdQ=
-257,-113,RiW7wsBpd65JLDf+xanfmwxaLLY=,eNUa6/zSp5MHO+JePW2bITkjIdQ=
-259,-113,RiW7wsBpd65JLDf+xanfmwxaLLY=,eNUa6/zSp5MHO+JePW2bITkjIdQ=
-266,-113,RiW7wsBpd65JLDf+xanfmwxaLLY=,Y2Eq0MsihZPsJNpXYzeFGFLhxB8=
-265,-113,RiW7wsBpd65JLDf+xanfmwxaLLY=,Y2Eq0MsihZPsJNpXYzeFGFLhxB8=
-266,-114,RiW7wsBpd65JLDf+xanfmwxaLLY=,Y2Eq0MsihZPsJNpXYzeFGFLhxB8=
-257,-114,RiW7wsBpd65JLDf+xanfmwxaLLY=,eNUa6/zSp5MHO+JePW2bITkjIdQ=
-267,-116,RiW7wsBpd65JLDf+xanfmwxaLLY=,Y2Eq0MsihZPsJNpXYzeFGFLhxB8=
-265,-116,RiW7wsBpd65JLDf+xanfmwxaLLY=,Y2Eq0MsihZPsJNpXYzeFGFLhxB8=
-266,-116,RiW7wsBpd65JLDf+xanfmwxaLLY=,Y2Eq0MsihZPsJNpXYzeFGFLhxB8=
-268,-115,RiW7wsBpd65JLDf+xanfmwxaLLY=,Y2Eq0MsihZPsJNpXYzeFGFLhxB8=
-268,-116,RiW7wsBpd65JLDf+xanfmwxaLLY=,Y2Eq0MsihZPsJNpXYzeFGFLhxB8=
-264,-114,RiW7wsBpd65JLDf+xanfmwxaLLY=,eNUa6/zSp5MHO+JePW2bITkjIdQ=
-259,-115,RiW7wsBpd65JLDf+xanfmwxaLLY=,eNUa6/zSp5MHO+JePW2bITkjIdQ=
-264,-113,RiW7wsBpd65JLDf+xanfmwxaLLY=,eNUa6/zSp5MHO+JePW2bITkjIdQ=
-267,-115,RiW7wsBpd65JLDf+xanfmwxaLLY=,Y2Eq0MsihZPsJNpXYzeFGFLhxB8=
-264,-116,RiW7wsBpd65JLDf+xanfmwxaLLY=,eNUa6/zSp5MHO+JePW2bITkjIdQ=
-263,-113,RiW7wsBpd65JLDf+xanfmwxaLLY=,eNUa6/zSp5MHO+JePW2bITkjIdQ=
-288,-121,4KxfFcZNKzTmkdYsJTV+U18D2WY=,S9NrfTmZpahj8XoMTLbzKuGWv0U=
-288,-122,4KxfFcZNKzTmkdYsJTV+U18D2WY=,S9NrfTmZpahj8XoMTLbzKuGWv0U=
-288,-123,4KxfFcZNKzTmkdYsJTV+U18D2WY=,S9NrfTmZpahj8XoMTLbzKuGWv0U=
-288,-124,4KxfFcZNKzTmkdYsJTV+U18D2WY=,S9NrfTmZpahj8XoMTLbzKuGWv0U=
-287,-119,4KxfFcZNKzTmkdYsJTV+U18D2WY=,UUnvgYDinSc5wYaX8/DFRTNRu+I=
-285,-119,4KxfFcZNKzTmkdYsJTV+U18D2WY=,UUnvgYDinSc5wYaX8/DFRTNRu+I=
-287,-117,4KxfFcZNKzTmkdYsJTV+U18D2WY=,UUnvgYDinSc5wYaX8/DFRTNRu+I=
-285,-118,4KxfFcZNKzTmkdYsJTV+U18D2WY=,UUnvgYDinSc5wYaX8/DFRTNRu+I=
-286,-117,4KxfFcZNKzTmkdYsJTV+U18D2WY=,UUnvgYDinSc5wYaX8/DFRTNRu+I=
-286,-119,4KxfFcZNKzTmkdYsJTV+U18D2WY=,UUnvgYDinSc5wYaX8/DFRTNRu+I=
-286,-118,4KxfFcZNKzTmkdYsJTV+U18D2WY=,UUnvgYDinSc5wYaX8/DFRTNRu+I=
-286,-124,4KxfFcZNKzTmkdYsJTV+U18D2WY=,S9NrfTmZpahj8XoMTLbzKuGWv0U=
-287,-124,4KxfFcZNKzTmkdYsJTV+U18D2WY=,S9NrfTmZpahj8XoMTLbzKuGWv0U=
-285,-124,4KxfFcZNKzTmkdYsJTV+U18D2WY=,S9NrfTmZpahj8XoMTLbzKuGWv0U=
-287,-123,4KxfFcZNKzTmkdYsJTV+U18D2WY=,S9NrfTmZpahj8XoMTLbzKuGWv0U=
-288,-119,4KxfFcZNKzTmkdYsJTV+U18D2WY=,UUnvgYDinSc5wYaX8/DFRTNRu+I=
-288,-120,4KxfFcZNKzTmkdYsJTV+U18D2WY=,UUnvgYDinSc5wYaX8/DFRTNRu+I=
-286,-123,4KxfFcZNKzTmkdYsJTV+U18D2WY=,S9NrfTmZpahj8XoMTLbzKuGWv0U=
-287,-122,4KxfFcZNKzTmkdYsJTV+U18D2WY=,S9NrfTmZpahj8XoMTLbzKuGWv0U=
-285,-121,4KxfFcZNKzTmkdYsJTV+U18D2WY=,S9NrfTmZpahj8XoMTLbzKuGWv0U=
-285,-123,4KxfFcZNKzTmkdYsJTV+U18D2WY=,S9NrfTmZpahj8XoMTLbzKuGWv0U=
-286,-122,4KxfFcZNKzTmkdYsJTV+U18D2WY=,S9NrfTmZpahj8XoMTLbzKuGWv0U=
-285,-122,4KxfFcZNKzTmkdYsJTV+U18D2WY=,S9NrfTmZpahj8XoMTLbzKuGWv0U=
-286,-121,4KxfFcZNKzTmkdYsJTV+U18D2WY=,S9NrfTmZpahj8XoMTLbzKuGWv0U=
-287,-121,4KxfFcZNKzTmkdYsJTV+U18D2WY=,S9NrfTmZpahj8XoMTLbzKuGWv0U=
-288,-117,4KxfFcZNKzTmkdYsJTV+U18D2WY=,UUnvgYDinSc5wYaX8/DFRTNRu+I=
-286,-120,4KxfFcZNKzTmkdYsJTV+U18D2WY=,UUnvgYDinSc5wYaX8/DFRTNRu+I=
-285,-120,4KxfFcZNKzTmkdYsJTV+U18D2WY=,UUnvgYDinSc5wYaX8/DFRTNRu+I=
-287,-118,4KxfFcZNKzTmkdYsJTV+U18D2WY=,UUnvgYDinSc5wYaX8/DFRTNRu+I=
-288,-118,4KxfFcZNKzTmkdYsJTV+U18D2WY=,UUnvgYDinSc5wYaX8/DFRTNRu+I=
-285,-117,4KxfFcZNKzTmkdYsJTV+U18D2WY=,UUnvgYDinSc5wYaX8/DFRTNRu+I=
-287,-120,4KxfFcZNKzTmkdYsJTV+U18D2WY=,UUnvgYDinSc5wYaX8/DFRTNRu+I=
-284,-124,4KxfFcZNKzTmkdYsJTV+U18D2WY=,S9NrfTmZpahj8XoMTLbzKuGWv0U=
-281,-121,4KxfFcZNKzTmkdYsJTV+U18D2WY=,S9NrfTmZpahj8XoMTLbzKuGWv0U=
-282,-124,4KxfFcZNKzTmkdYsJTV+U18D2WY=,S9NrfTmZpahj8XoMTLbzKuGWv0U=
-281,-120,4KxfFcZNKzTmkdYsJTV+U18D2WY=,UUnvgYDinSc5wYaX8/DFRTNRu+I=
-283,-124,4KxfFcZNKzTmkdYsJTV+U18D2WY=,S9NrfTmZpahj8XoMTLbzKuGWv0U=
-284,-123,4KxfFcZNKzTmkdYsJTV+U18D2WY=,S9NrfTmZpahj8XoMTLbzKuGWv0U=
-281,-124,4KxfFcZNKzTmkdYsJTV+U18D2WY=,S9NrfTmZpahj8XoMTLbzKuGWv0U=
-283,-123,4KxfFcZNKzTmkdYsJTV+U18D2WY=,S9NrfTmZpahj8XoMTLbzKuGWv0U=
-282,-123,4KxfFcZNKzTmkdYsJTV+U18D2WY=,S9NrfTmZpahj8XoMTLbzKuGWv0U=
-284,-122,4KxfFcZNKzTmkdYsJTV+U18D2WY=,S9NrfTmZpahj8XoMTLbzKuGWv0U=
-282,-121,4KxfFcZNKzTmkdYsJTV+U18D2WY=,S9NrfTmZpahj8XoMTLbzKuGWv0U=
-282,-122,4KxfFcZNKzTmkdYsJTV+U18D2WY=,S9NrfTmZpahj8XoMTLbzKuGWv0U=
-284,-121,4KxfFcZNKzTmkdYsJTV+U18D2WY=,S9NrfTmZpahj8XoMTLbzKuGWv0U=
-283,-121,4KxfFcZNKzTmkdYsJTV+U18D2WY=,S9NrfTmZpahj8XoMTLbzKuGWv0U=
-283,-122,4KxfFcZNKzTmkdYsJTV+U18D2WY=,S9NrfTmZpahj8XoMTLbzKuGWv0U=
-281,-122,4KxfFcZNKzTmkdYsJTV+U18D2WY=,S9NrfTmZpahj8XoMTLbzKuGWv0U=
-276,-121,4KxfFcZNKzTmkdYsJTV+U18D2WY=,QekYuFnVNBjDdAjw9FW66UAVvgU=
-277,-121,4KxfFcZNKzTmkdYsJTV+U18D2WY=,QekYuFnVNBjDdAjw9FW66UAVvgU=
-273,-120,4KxfFcZNKzTmkdYsJTV+U18D2WY=,rlsUEMNMKn7brB/F/bBpt5wC6CA=
-281,-123,4KxfFcZNKzTmkdYsJTV+U18D2WY=,S9NrfTmZpahj8XoMTLbzKuGWv0U=
-276,-117,4KxfFcZNKzTmkdYsJTV+U18D2WY=,rlsUEMNMKn7brB/F/bBpt5wC6CA=
-275,-121,4KxfFcZNKzTmkdYsJTV+U18D2WY=,QekYuFnVNBjDdAjw9FW66UAVvgU=
-278,-118,4KxfFcZNKzTmkdYsJTV+U18D2WY=,rlsUEMNMKn7brB/F/bBpt5wC6CA=
-276,-118,4KxfFcZNKzTmkdYsJTV+U18D2WY=,rlsUEMNMKn7brB/F/bBpt5wC6CA=
-279,-120,4KxfFcZNKzTmkdYsJTV+U18D2WY=,rlsUEMNMKn7brB/F/bBpt5wC6CA=
-275,-118,4KxfFcZNKzTmkdYsJTV+U18D2WY=,rlsUEMNMKn7brB/F/bBpt5wC6CA=
-277,-118,4KxfFcZNKzTmkdYsJTV+U18D2WY=,rlsUEMNMKn7brB/F/bBpt5wC6CA=
-274,-117,4KxfFcZNKzTmkdYsJTV+U18D2WY=,rlsUEMNMKn7brB/F/bBpt5wC6CA=
-275,-117,4KxfFcZNKzTmkdYsJTV+U18D2WY=,rlsUEMNMKn7brB/F/bBpt5wC6CA=
-276,-120,4KxfFcZNKzTmkdYsJTV+U18D2WY=,rlsUEMNMKn7brB/F/bBpt5wC6CA=
-274,-118,4KxfFcZNKzTmkdYsJTV+U18D2WY=,rlsUEMNMKn7brB/F/bBpt5wC6CA=
-283,-119,4KxfFcZNKzTmkdYsJTV+U18D2WY=,UUnvgYDinSc5wYaX8/DFRTNRu+I=
-280,-119,4KxfFcZNKzTmkdYsJTV+U18D2WY=,rlsUEMNMKn7brB/F/bBpt5wC6CA=
-278,-120,4KxfFcZNKzTmkdYsJTV+U18D2WY=,rlsUEMNMKn7brB/F/bBpt5wC6CA=
-274,-121,4KxfFcZNKzTmkdYsJTV+U18D2WY=,QekYuFnVNBjDdAjw9FW66UAVvgU=
-273,-121,4KxfFcZNKzTmkdYsJTV+U18D2WY=,QekYuFnVNBjDdAjw9FW66UAVvgU=
-283,-120,4KxfFcZNKzTmkdYsJTV+U18D2WY=,UUnvgYDinSc5wYaX8/DFRTNRu+I=
-284,-120,4KxfFcZNKzTmkdYsJTV+U18D2WY=,UUnvgYDinSc5wYaX8/DFRTNRu+I=
-282,-117,4KxfFcZNKzTmkdYsJTV+U18D2WY=,UUnvgYDinSc5wYaX8/DFRTNRu+I=
-277,-120,4KxfFcZNKzTmkdYsJTV+U18D2WY=,rlsUEMNMKn7brB/F/bBpt5wC6CA=
-282,-120,4KxfFcZNKzTmkdYsJTV+U18D2WY=,UUnvgYDinSc5wYaX8/DFRTNRu+I=
-275,-120,4KxfFcZNKzTmkdYsJTV+U18D2WY=,rlsUEMNMKn7brB/F/bBpt5wC6CA=
-278,-119,4KxfFcZNKzTmkdYsJTV+U18D2WY=,rlsUEMNMKn7brB/F/bBpt5wC6CA=
-278,-121,4KxfFcZNKzTmkdYsJTV+U18D2WY=,QekYuFnVNBjDdAjw9FW66UAVvgU=
-279,-121,4KxfFcZNKzTmkdYsJTV+U18D2WY=,QekYuFnVNBjDdAjw9FW66UAVvgU=
-280,-121,4KxfFcZNKzTmkdYsJTV+U18D2WY=,QekYuFnVNBjDdAjw9FW66UAVvgU=
-273,-122,4KxfFcZNKzTmkdYsJTV+U18D2WY=,QekYuFnVNBjDdAjw9FW66UAVvgU=
-277,-119,4KxfFcZNKzTmkdYsJTV+U18D2WY=,rlsUEMNMKn7brB/F/bBpt5wC6CA=
-284,-119,4KxfFcZNKzTmkdYsJTV+U18D2WY=,UUnvgYDinSc5wYaX8/DFRTNRu+I=
-274,-122,4KxfFcZNKzTmkdYsJTV+U18D2WY=,QekYuFnVNBjDdAjw9FW66UAVvgU=
-276,-119,4KxfFcZNKzTmkdYsJTV+U18D2WY=,rlsUEMNMKn7brB/F/bBpt5wC6CA=
-281,-119,4KxfFcZNKzTmkdYsJTV+U18D2WY=,UUnvgYDinSc5wYaX8/DFRTNRu+I=
-282,-118,4KxfFcZNKzTmkdYsJTV+U18D2WY=,UUnvgYDinSc5wYaX8/DFRTNRu+I=
-275,-122,4KxfFcZNKzTmkdYsJTV+U18D2WY=,QekYuFnVNBjDdAjw9FW66UAVvgU=
-275,-119,4KxfFcZNKzTmkdYsJTV+U18D2WY=,rlsUEMNMKn7brB/F/bBpt5wC6CA=
-276,-122,4KxfFcZNKzTmkdYsJTV+U18D2WY=,QekYuFnVNBjDdAjw9FW66UAVvgU=
-274,-119,4KxfFcZNKzTmkdYsJTV+U18D2WY=,rlsUEMNMKn7brB/F/bBpt5wC6CA=
-284,-118,4KxfFcZNKzTmkdYsJTV+U18D2WY=,UUnvgYDinSc5wYaX8/DFRTNRu+I=
-282,-119,4KxfFcZNKzTmkdYsJTV+U18D2WY=,UUnvgYDinSc5wYaX8/DFRTNRu+I=
-277,-122,4KxfFcZNKzTmkdYsJTV+U18D2WY=,QekYuFnVNBjDdAjw9FW66UAVvgU=
-273,-117,4KxfFcZNKzTmkdYsJTV+U18D2WY=,rlsUEMNMKn7brB/F/bBpt5wC6CA=
-281,-118,4KxfFcZNKzTmkdYsJTV+U18D2WY=,UUnvgYDinSc5wYaX8/DFRTNRu+I=
-278,-122,4KxfFcZNKzTmkdYsJTV+U18D2WY=,QekYuFnVNBjDdAjw9FW66UAVvgU=
-279,-117,4KxfFcZNKzTmkdYsJTV+U18D2WY=,rlsUEMNMKn7brB/F/bBpt5wC6CA=
-283,-118,4KxfFcZNKzTmkdYsJTV+U18D2WY=,UUnvgYDinSc5wYaX8/DFRTNRu+I=
-273,-118,4KxfFcZNKzTmkdYsJTV+U18D2WY=,rlsUEMNMKn7brB/F/bBpt5wC6CA=
-273,-119,4KxfFcZNKzTmkdYsJTV+U18D2WY=,rlsUEMNMKn7brB/F/bBpt5wC6CA=
-274,-120,4KxfFcZNKzTmkdYsJTV+U18D2WY=,rlsUEMNMKn7brB/F/bBpt5wC6CA=
-278,-117,4KxfFcZNKzTmkdYsJTV+U18D2WY=,rlsUEMNMKn7brB/F/bBpt5wC6CA=
-280,-124,4KxfFcZNKzTmkdYsJTV+U18D2WY=,QekYuFnVNBjDdAjw9FW66UAVvgU=
-279,-124,4KxfFcZNKzTmkdYsJTV+U18D2WY=,QekYuFnVNBjDdAjw9FW66UAVvgU=
-278,-124,4KxfFcZNKzTmkdYsJTV+U18D2WY=,QekYuFnVNBjDdAjw9FW66UAVvgU=
-279,-122,4KxfFcZNKzTmkdYsJTV+U18D2WY=,QekYuFnVNBjDdAjw9FW66UAVvgU=
-277,-124,4KxfFcZNKzTmkdYsJTV+U18D2WY=,QekYuFnVNBjDdAjw9FW66UAVvgU=
-279,-118,4KxfFcZNKzTmkdYsJTV+U18D2WY=,rlsUEMNMKn7brB/F/bBpt5wC6CA=
-275,-124,4KxfFcZNKzTmkdYsJTV+U18D2WY=,QekYuFnVNBjDdAjw9FW66UAVvgU=
-276,-124,4KxfFcZNKzTmkdYsJTV+U18D2WY=,QekYuFnVNBjDdAjw9FW66UAVvgU=
-280,-122,4KxfFcZNKzTmkdYsJTV+U18D2WY=,QekYuFnVNBjDdAjw9FW66UAVvgU=
-274,-124,4KxfFcZNKzTmkdYsJTV+U18D2WY=,QekYuFnVNBjDdAjw9FW66UAVvgU=
-273,-124,4KxfFcZNKzTmkdYsJTV+U18D2WY=,QekYuFnVNBjDdAjw9FW66UAVvgU=
-280,-123,4KxfFcZNKzTmkdYsJTV+U18D2WY=,QekYuFnVNBjDdAjw9FW66UAVvgU=
-273,-123,4KxfFcZNKzTmkdYsJTV+U18D2WY=,QekYuFnVNBjDdAjw9FW66UAVvgU=
-279,-123,4KxfFcZNKzTmkdYsJTV+U18D2WY=,QekYuFnVNBjDdAjw9FW66UAVvgU=
-276,-123,4KxfFcZNKzTmkdYsJTV+U18D2WY=,QekYuFnVNBjDdAjw9FW66UAVvgU=
-277,-123,4KxfFcZNKzTmkdYsJTV+U18D2WY=,QekYuFnVNBjDdAjw9FW66UAVvgU=
-274,-123,4KxfFcZNKzTmkdYsJTV+U18D2WY=,QekYuFnVNBjDdAjw9FW66UAVvgU=
-278,-123,4KxfFcZNKzTmkdYsJTV+U18D2WY=,QekYuFnVNBjDdAjw9FW66UAVvgU=
-275,-123,4KxfFcZNKzTmkdYsJTV+U18D2WY=,QekYuFnVNBjDdAjw9FW66UAVvgU=
-283,-117,4KxfFcZNKzTmkdYsJTV+U18D2WY=,UUnvgYDinSc5wYaX8/DFRTNRu+I=
-284,-117,4KxfFcZNKzTmkdYsJTV+U18D2WY=,UUnvgYDinSc5wYaX8/DFRTNRu+I=
-281,-117,4KxfFcZNKzTmkdYsJTV+U18D2WY=,UUnvgYDinSc5wYaX8/DFRTNRu+I=
-279,-119,4KxfFcZNKzTmkdYsJTV+U18D2WY=,rlsUEMNMKn7brB/F/bBpt5wC6CA=
-280,-118,4KxfFcZNKzTmkdYsJTV+U18D2WY=,rlsUEMNMKn7brB/F/bBpt5wC6CA=
-280,-120,4KxfFcZNKzTmkdYsJTV+U18D2WY=,rlsUEMNMKn7brB/F/bBpt5wC6CA=
-280,-117,4KxfFcZNKzTmkdYsJTV+U18D2WY=,rlsUEMNMKn7brB/F/bBpt5wC6CA=
-277,-117,4KxfFcZNKzTmkdYsJTV+U18D2WY=,rlsUEMNMKn7brB/F/bBpt5wC6CA=
-276,-128,4KxfFcZNKzTmkdYsJTV+U18D2WY=,QekYuFnVNBjDdAjw9FW66UAVvgU=
-273,-128,4KxfFcZNKzTmkdYsJTV+U18D2WY=,QekYuFnVNBjDdAjw9FW66UAVvgU=
-276,-127,4KxfFcZNKzTmkdYsJTV+U18D2WY=,QekYuFnVNBjDdAjw9FW66UAVvgU=
-275,-127,4KxfFcZNKzTmkdYsJTV+U18D2WY=,QekYuFnVNBjDdAjw9FW66UAVvgU=
-273,-127,4KxfFcZNKzTmkdYsJTV+U18D2WY=,QekYuFnVNBjDdAjw9FW66UAVvgU=
-276,-126,4KxfFcZNKzTmkdYsJTV+U18D2WY=,QekYuFnVNBjDdAjw9FW66UAVvgU=
-274,-127,4KxfFcZNKzTmkdYsJTV+U18D2WY=,QekYuFnVNBjDdAjw9FW66UAVvgU=
-275,-126,4KxfFcZNKzTmkdYsJTV+U18D2WY=,QekYuFnVNBjDdAjw9FW66UAVvgU=
-274,-126,4KxfFcZNKzTmkdYsJTV+U18D2WY=,QekYuFnVNBjDdAjw9FW66UAVvgU=
-273,-126,4KxfFcZNKzTmkdYsJTV+U18D2WY=,QekYuFnVNBjDdAjw9FW66UAVvgU=
-276,-125,4KxfFcZNKzTmkdYsJTV+U18D2WY=,QekYuFnVNBjDdAjw9FW66UAVvgU=
-288,-113,4KxfFcZNKzTmkdYsJTV+U18D2WY=,UUnvgYDinSc5wYaX8/DFRTNRu+I=
-275,-125,4KxfFcZNKzTmkdYsJTV+U18D2WY=,QekYuFnVNBjDdAjw9FW66UAVvgU=
-275,-128,4KxfFcZNKzTmkdYsJTV+U18D2WY=,QekYuFnVNBjDdAjw9FW66UAVvgU=
-274,-128,4KxfFcZNKzTmkdYsJTV+U18D2WY=,QekYuFnVNBjDdAjw9FW66UAVvgU=
-287,-116,4KxfFcZNKzTmkdYsJTV+U18D2WY=,UUnvgYDinSc5wYaX8/DFRTNRu+I=
-286,-113,4KxfFcZNKzTmkdYsJTV+U18D2WY=,UUnvgYDinSc5wYaX8/DFRTNRu+I=
-273,-125,4KxfFcZNKzTmkdYsJTV+U18D2WY=,QekYuFnVNBjDdAjw9FW66UAVvgU=
-286,-116,4KxfFcZNKzTmkdYsJTV+U18D2WY=,UUnvgYDinSc5wYaX8/DFRTNRu+I=
-274,-125,4KxfFcZNKzTmkdYsJTV+U18D2WY=,QekYuFnVNBjDdAjw9FW66UAVvgU=
-287,-115,4KxfFcZNKzTmkdYsJTV+U18D2WY=,UUnvgYDinSc5wYaX8/DFRTNRu+I=
-287,-114,4KxfFcZNKzTmkdYsJTV+U18D2WY=,UUnvgYDinSc5wYaX8/DFRTNRu+I=
-285,-113,4KxfFcZNKzTmkdYsJTV+U18D2WY=,UUnvgYDinSc5wYaX8/DFRTNRu+I=
-288,-116,4KxfFcZNKzTmkdYsJTV+U18D2WY=,UUnvgYDinSc5wYaX8/DFRTNRu+I=
-287,-113,4KxfFcZNKzTmkdYsJTV+U18D2WY=,UUnvgYDinSc5wYaX8/DFRTNRu+I=
-285,-116,4KxfFcZNKzTmkdYsJTV+U18D2WY=,UUnvgYDinSc5wYaX8/DFRTNRu+I=
-288,-115,4KxfFcZNKzTmkdYsJTV+U18D2WY=,UUnvgYDinSc5wYaX8/DFRTNRu+I=
-285,-114,4KxfFcZNKzTmkdYsJTV+U18D2WY=,UUnvgYDinSc5wYaX8/DFRTNRu+I=
-286,-114,4KxfFcZNKzTmkdYsJTV+U18D2WY=,UUnvgYDinSc5wYaX8/DFRTNRu+I=
-285,-115,4KxfFcZNKzTmkdYsJTV+U18D2WY=,UUnvgYDinSc5wYaX8/DFRTNRu+I=
-286,-115,4KxfFcZNKzTmkdYsJTV+U18D2WY=,UUnvgYDinSc5wYaX8/DFRTNRu+I=
-288,-114,4KxfFcZNKzTmkdYsJTV+U18D2WY=,UUnvgYDinSc5wYaX8/DFRTNRu+I=
-280,-128,4KxfFcZNKzTmkdYsJTV+U18D2WY=,QekYuFnVNBjDdAjw9FW66UAVvgU=
-283,-128,4KxfFcZNKzTmkdYsJTV+U18D2WY=,S9NrfTmZpahj8XoMTLbzKuGWv0U=
-282,-128,4KxfFcZNKzTmkdYsJTV+U18D2WY=,S9NrfTmZpahj8XoMTLbzKuGWv0U=
-284,-128,4KxfFcZNKzTmkdYsJTV+U18D2WY=,S9NrfTmZpahj8XoMTLbzKuGWv0U=
-285,-128,4KxfFcZNKzTmkdYsJTV+U18D2WY=,S9NrfTmZpahj8XoMTLbzKuGWv0U=
-281,-128,4KxfFcZNKzTmkdYsJTV+U18D2WY=,S9NrfTmZpahj8XoMTLbzKuGWv0U=
-284,-127,tIlOCVRbcmPuRsKuopFFgRssK1U=,S9NrfTmZpahj8XoMTLbzKuGWv0U=
-286,-128,tIlOCVRbcmPuRsKuopFFgRssK1U=,S9NrfTmZpahj8XoMTLbzKuGWv0U=
-283,-127,tIlOCVRbcmPuRsKuopFFgRssK1U=,S9NrfTmZpahj8XoMTLbzKuGWv0U=
-287,-128,tIlOCVRbcmPuRsKuopFFgRssK1U=,S9NrfTmZpahj8XoMTLbzKuGWv0U=
-281,-125,tIlOCVRbcmPuRsKuopFFgRssK1U=,S9NrfTmZpahj8XoMTLbzKuGWv0U=
-282,-127,tIlOCVRbcmPuRsKuopFFgRssK1U=,S9NrfTmZpahj8XoMTLbzKuGWv0U=
-287,-126,tIlOCVRbcmPuRsKuopFFgRssK1U=,S9NrfTmZpahj8XoMTLbzKuGWv0U=
-288,-128,tIlOCVRbcmPuRsKuopFFgRssK1U=,S9NrfTmZpahj8XoMTLbzKuGWv0U=
-280,-127,tIlOCVRbcmPuRsKuopFFgRssK1U=,QekYuFnVNBjDdAjw9FW66UAVvgU=
-286,-126,tIlOCVRbcmPuRsKuopFFgRssK1U=,S9NrfTmZpahj8XoMTLbzKuGWv0U=
-279,-127,tIlOCVRbcmPuRsKuopFFgRssK1U=,QekYuFnVNBjDdAjw9FW66UAVvgU=
-281,-126,tIlOCVRbcmPuRsKuopFFgRssK1U=,S9NrfTmZpahj8XoMTLbzKuGWv0U=
-278,-127,tIlOCVRbcmPuRsKuopFFgRssK1U=,QekYuFnVNBjDdAjw9FW66UAVvgU=
-285,-126,tIlOCVRbcmPuRsKuopFFgRssK1U=,S9NrfTmZpahj8XoMTLbzKuGWv0U=
-284,-126,tIlOCVRbcmPuRsKuopFFgRssK1U=,S9NrfTmZpahj8XoMTLbzKuGWv0U=
-283,-126,tIlOCVRbcmPuRsKuopFFgRssK1U=,S9NrfTmZpahj8XoMTLbzKuGWv0U=
-277,-127,tIlOCVRbcmPuRsKuopFFgRssK1U=,QekYuFnVNBjDdAjw9FW66UAVvgU=
-281,-127,tIlOCVRbcmPuRsKuopFFgRssK1U=,S9NrfTmZpahj8XoMTLbzKuGWv0U=
-279,-126,tIlOCVRbcmPuRsKuopFFgRssK1U=,QekYuFnVNBjDdAjw9FW66UAVvgU=
-278,-126,tIlOCVRbcmPuRsKuopFFgRssK1U=,QekYuFnVNBjDdAjw9FW66UAVvgU=
-282,-126,tIlOCVRbcmPuRsKuopFFgRssK1U=,S9NrfTmZpahj8XoMTLbzKuGWv0U=
-288,-127,tIlOCVRbcmPuRsKuopFFgRssK1U=,S9NrfTmZpahj8XoMTLbzKuGWv0U=
-280,-126,tIlOCVRbcmPuRsKuopFFgRssK1U=,QekYuFnVNBjDdAjw9FW66UAVvgU=
-287,-125,tIlOCVRbcmPuRsKuopFFgRssK1U=,S9NrfTmZpahj8XoMTLbzKuGWv0U=
-277,-126,tIlOCVRbcmPuRsKuopFFgRssK1U=,QekYuFnVNBjDdAjw9FW66UAVvgU=
-288,-125,tIlOCVRbcmPuRsKuopFFgRssK1U=,S9NrfTmZpahj8XoMTLbzKuGWv0U=
-280,-125,tIlOCVRbcmPuRsKuopFFgRssK1U=,QekYuFnVNBjDdAjw9FW66UAVvgU=
-288,-126,tIlOCVRbcmPuRsKuopFFgRssK1U=,S9NrfTmZpahj8XoMTLbzKuGWv0U=
-286,-125,tIlOCVRbcmPuRsKuopFFgRssK1U=,S9NrfTmZpahj8XoMTLbzKuGWv0U=
-285,-125,tIlOCVRbcmPuRsKuopFFgRssK1U=,S9NrfTmZpahj8XoMTLbzKuGWv0U=
-284,-125,tIlOCVRbcmPuRsKuopFFgRssK1U=,S9NrfTmZpahj8XoMTLbzKuGWv0U=
-279,-125,tIlOCVRbcmPuRsKuopFFgRssK1U=,QekYuFnVNBjDdAjw9FW66UAVvgU=
-287,-127,tIlOCVRbcmPuRsKuopFFgRssK1U=,S9NrfTmZpahj8XoMTLbzKuGWv0U=
-286,-127,tIlOCVRbcmPuRsKuopFFgRssK1U=,S9NrfTmZpahj8XoMTLbzKuGWv0U=
-282,-125,tIlOCVRbcmPuRsKuopFFgRssK1U=,S9NrfTmZpahj8XoMTLbzKuGWv0U=
-278,-125,tIlOCVRbcmPuRsKuopFFgRssK1U=,QekYuFnVNBjDdAjw9FW66UAVvgU=
-279,-128,tIlOCVRbcmPuRsKuopFFgRssK1U=,QekYuFnVNBjDdAjw9FW66UAVvgU=
-277,-125,tIlOCVRbcmPuRsKuopFFgRssK1U=,QekYuFnVNBjDdAjw9FW66UAVvgU=
-283,-125,tIlOCVRbcmPuRsKuopFFgRssK1U=,S9NrfTmZpahj8XoMTLbzKuGWv0U=
-277,-128,tIlOCVRbcmPuRsKuopFFgRssK1U=,QekYuFnVNBjDdAjw9FW66UAVvgU=
-285,-127,tIlOCVRbcmPuRsKuopFFgRssK1U=,S9NrfTmZpahj8XoMTLbzKuGWv0U=
-278,-128,tIlOCVRbcmPuRsKuopFFgRssK1U=,QekYuFnVNBjDdAjw9FW66UAVvgU=
-274,-113,tIlOCVRbcmPuRsKuopFFgRssK1U=,rlsUEMNMKn7brB/F/bBpt5wC6CA=
-273,-113,tIlOCVRbcmPuRsKuopFFgRssK1U=,rlsUEMNMKn7brB/F/bBpt5wC6CA=
-274,-115,tIlOCVRbcmPuRsKuopFFgRssK1U=,rlsUEMNMKn7brB/F/bBpt5wC6CA=
-275,-113,tIlOCVRbcmPuRsKuopFFgRssK1U=,rlsUEMNMKn7brB/F/bBpt5wC6CA=
-274,-116,tIlOCVRbcmPuRsKuopFFgRssK1U=,rlsUEMNMKn7brB/F/bBpt5wC6CA=
-280,-115,tIlOCVRbcmPuRsKuopFFgRssK1U=,rlsUEMNMKn7brB/F/bBpt5wC6CA=
-279,-115,tIlOCVRbcmPuRsKuopFFgRssK1U=,rlsUEMNMKn7brB/F/bBpt5wC6CA=
-276,-113,tIlOCVRbcmPuRsKuopFFgRssK1U=,rlsUEMNMKn7brB/F/bBpt5wC6CA=
-278,-115,tIlOCVRbcmPuRsKuopFFgRssK1U=,rlsUEMNMKn7brB/F/bBpt5wC6CA=
-276,-114,tIlOCVRbcmPuRsKuopFFgRssK1U=,rlsUEMNMKn7brB/F/bBpt5wC6CA=
-279,-114,tIlOCVRbcmPuRsKuopFFgRssK1U=,rlsUEMNMKn7brB/F/bBpt5wC6CA=
-275,-114,tIlOCVRbcmPuRsKuopFFgRssK1U=,rlsUEMNMKn7brB/F/bBpt5wC6CA=
-278,-114,tIlOCVRbcmPuRsKuopFFgRssK1U=,rlsUEMNMKn7brB/F/bBpt5wC6CA=
-280,-114,tIlOCVRbcmPuRsKuopFFgRssK1U=,rlsUEMNMKn7brB/F/bBpt5wC6CA=
-281,-113,tIlOCVRbcmPuRsKuopFFgRssK1U=,UUnvgYDinSc5wYaX8/DFRTNRu+I=
-277,-114,tIlOCVRbcmPuRsKuopFFgRssK1U=,rlsUEMNMKn7brB/F/bBpt5wC6CA=
-276,-115,tIlOCVRbcmPuRsKuopFFgRssK1U=,rlsUEMNMKn7brB/F/bBpt5wC6CA=
-284,-114,tIlOCVRbcmPuRsKuopFFgRssK1U=,UUnvgYDinSc5wYaX8/DFRTNRu+I=
-280,-116,tIlOCVRbcmPuRsKuopFFgRssK1U=,rlsUEMNMKn7brB/F/bBpt5wC6CA=
-277,-113,tIlOCVRbcmPuRsKuopFFgRssK1U=,rlsUEMNMKn7brB/F/bBpt5wC6CA=
-276,-116,tIlOCVRbcmPuRsKuopFFgRssK1U=,rlsUEMNMKn7brB/F/bBpt5wC6CA=
-277,-115,tIlOCVRbcmPuRsKuopFFgRssK1U=,rlsUEMNMKn7brB/F/bBpt5wC6CA=
-273,-116,tIlOCVRbcmPuRsKuopFFgRssK1U=,rlsUEMNMKn7brB/F/bBpt5wC6CA=
-278,-116,tIlOCVRbcmPuRsKuopFFgRssK1U=,rlsUEMNMKn7brB/F/bBpt5wC6CA=
-275,-116,tIlOCVRbcmPuRsKuopFFgRssK1U=,rlsUEMNMKn7brB/F/bBpt5wC6CA=
-283,-114,tIlOCVRbcmPuRsKuopFFgRssK1U=,UUnvgYDinSc5wYaX8/DFRTNRu+I=
-273,-115,tIlOCVRbcmPuRsKuopFFgRssK1U=,rlsUEMNMKn7brB/F/bBpt5wC6CA=
-273,-114,tIlOCVRbcmPuRsKuopFFgRssK1U=,rlsUEMNMKn7brB/F/bBpt5wC6CA=
-275,-115,tIlOCVRbcmPuRsKuopFFgRssK1U=,rlsUEMNMKn7brB/F/bBpt5wC6CA=
-278,-113,tIlOCVRbcmPuRsKuopFFgRssK1U=,rlsUEMNMKn7brB/F/bBpt5wC6CA=
-274,-114,tIlOCVRbcmPuRsKuopFFgRssK1U=,rlsUEMNMKn7brB/F/bBpt5wC6CA=
-279,-116,tIlOCVRbcmPuRsKuopFFgRssK1U=,rlsUEMNMKn7brB/F/bBpt5wC6CA=
-277,-116,tIlOCVRbcmPuRsKuopFFgRssK1U=,rlsUEMNMKn7brB/F/bBpt5wC6CA=
-280,-113,tIlOCVRbcmPuRsKuopFFgRssK1U=,rlsUEMNMKn7brB/F/bBpt5wC6CA=
-279,-113,tIlOCVRbcmPuRsKuopFFgRssK1U=,rlsUEMNMKn7brB/F/bBpt5wC6CA=
-281,-115,tIlOCVRbcmPuRsKuopFFgRssK1U=,UUnvgYDinSc5wYaX8/DFRTNRu+I=
-283,-113,tIlOCVRbcmPuRsKuopFFgRssK1U=,UUnvgYDinSc5wYaX8/DFRTNRu+I=
-284,-113,tIlOCVRbcmPuRsKuopFFgRssK1U=,UUnvgYDinSc5wYaX8/DFRTNRu+I=
-284,-115,tIlOCVRbcmPuRsKuopFFgRssK1U=,UUnvgYDinSc5wYaX8/DFRTNRu+I=
-282,-116,tIlOCVRbcmPuRsKuopFFgRssK1U=,UUnvgYDinSc5wYaX8/DFRTNRu+I=
-283,-115,tIlOCVRbcmPuRsKuopFFgRssK1U=,UUnvgYDinSc5wYaX8/DFRTNRu+I=
-282,-115,tIlOCVRbcmPuRsKuopFFgRssK1U=,UUnvgYDinSc5wYaX8/DFRTNRu+I=
-281,-114,tIlOCVRbcmPuRsKuopFFgRssK1U=,UUnvgYDinSc5wYaX8/DFRTNRu+I=
-283,-116,tIlOCVRbcmPuRsKuopFFgRssK1U=,UUnvgYDinSc5wYaX8/DFRTNRu+I=
-282,-113,tIlOCVRbcmPuRsKuopFFgRssK1U=,UUnvgYDinSc5wYaX8/DFRTNRu+I=
-284,-116,tIlOCVRbcmPuRsKuopFFgRssK1U=,UUnvgYDinSc5wYaX8/DFRTNRu+I=
-282,-114,tIlOCVRbcmPuRsKuopFFgRssK1U=,UUnvgYDinSc5wYaX8/DFRTNRu+I=
-281,-116,tIlOCVRbcmPuRsKuopFFgRssK1U=,UUnvgYDinSc5wYaX8/DFRTNRu+I=
-280,-97,CogbK6yI9Pff2KK5ljrYtQaB7GI=,Ofs5pPJ5DdLHxHCqOOK2ZkBXyDw=
-279,-108,CogbK6yI9Pff2KK5ljrYtQaB7GI=,bUcPYNe25a9yzR+wEEewUXJYBuU=
-279,-105,CogbK6yI9Pff2KK5ljrYtQaB7GI=,bUcPYNe25a9yzR+wEEewUXJYBuU=
-282,-105,CogbK6yI9Pff2KK5ljrYtQaB7GI=,5w9Sb0hsOvTVDbnDi6yDiCBqjg8=
-280,-108,CogbK6yI9Pff2KK5ljrYtQaB7GI=,bUcPYNe25a9yzR+wEEewUXJYBuU=
-278,-103,CogbK6yI9Pff2KK5ljrYtQaB7GI=,Ofs5pPJ5DdLHxHCqOOK2ZkBXyDw=
-278,-105,CogbK6yI9Pff2KK5ljrYtQaB7GI=,bUcPYNe25a9yzR+wEEewUXJYBuU=
-277,-105,CogbK6yI9Pff2KK5ljrYtQaB7GI=,bUcPYNe25a9yzR+wEEewUXJYBuU=
-284,-107,CogbK6yI9Pff2KK5ljrYtQaB7GI=,5w9Sb0hsOvTVDbnDi6yDiCBqjg8=
-283,-107,CogbK6yI9Pff2KK5ljrYtQaB7GI=,5w9Sb0hsOvTVDbnDi6yDiCBqjg8=
-281,-105,CogbK6yI9Pff2KK5ljrYtQaB7GI=,5w9Sb0hsOvTVDbnDi6yDiCBqjg8=
-282,-107,CogbK6yI9Pff2KK5ljrYtQaB7GI=,5w9Sb0hsOvTVDbnDi6yDiCBqjg8=
-284,-108,CogbK6yI9Pff2KK5ljrYtQaB7GI=,5w9Sb0hsOvTVDbnDi6yDiCBqjg8=
-282,-108,CogbK6yI9Pff2KK5ljrYtQaB7GI=,5w9Sb0hsOvTVDbnDi6yDiCBqjg8=
-284,-98,CogbK6yI9Pff2KK5ljrYtQaB7GI=,qtEN1N5OuPloMe6RKSKN/e1UosY=
-283,-108,CogbK6yI9Pff2KK5ljrYtQaB7GI=,5w9Sb0hsOvTVDbnDi6yDiCBqjg8=
-280,-105,CogbK6yI9Pff2KK5ljrYtQaB7GI=,bUcPYNe25a9yzR+wEEewUXJYBuU=
-283,-105,CogbK6yI9Pff2KK5ljrYtQaB7GI=,5w9Sb0hsOvTVDbnDi6yDiCBqjg8=
-279,-104,CogbK6yI9Pff2KK5ljrYtQaB7GI=,Ofs5pPJ5DdLHxHCqOOK2ZkBXyDw=
-278,-108,CogbK6yI9Pff2KK5ljrYtQaB7GI=,bUcPYNe25a9yzR+wEEewUXJYBuU=
-283,-98,CogbK6yI9Pff2KK5ljrYtQaB7GI=,qtEN1N5OuPloMe6RKSKN/e1UosY=
-282,-98,CogbK6yI9Pff2KK5ljrYtQaB7GI=,qtEN1N5OuPloMe6RKSKN/e1UosY=
-284,-106,CogbK6yI9Pff2KK5ljrYtQaB7GI=,5w9Sb0hsOvTVDbnDi6yDiCBqjg8=
-284,-104,CogbK6yI9Pff2KK5ljrYtQaB7GI=,qtEN1N5OuPloMe6RKSKN/e1UosY=
-283,-106,CogbK6yI9Pff2KK5ljrYtQaB7GI=,5w9Sb0hsOvTVDbnDi6yDiCBqjg8=
-281,-107,CogbK6yI9Pff2KK5ljrYtQaB7GI=,5w9Sb0hsOvTVDbnDi6yDiCBqjg8=
-281,-106,CogbK6yI9Pff2KK5ljrYtQaB7GI=,5w9Sb0hsOvTVDbnDi6yDiCBqjg8=
-282,-106,CogbK6yI9Pff2KK5ljrYtQaB7GI=,5w9Sb0hsOvTVDbnDi6yDiCBqjg8=
-283,-104,CogbK6yI9Pff2KK5ljrYtQaB7GI=,qtEN1N5OuPloMe6RKSKN/e1UosY=
-277,-106,CogbK6yI9Pff2KK5ljrYtQaB7GI=,bUcPYNe25a9yzR+wEEewUXJYBuU=
-277,-108,CogbK6yI9Pff2KK5ljrYtQaB7GI=,bUcPYNe25a9yzR+wEEewUXJYBuU=
-282,-104,CogbK6yI9Pff2KK5ljrYtQaB7GI=,qtEN1N5OuPloMe6RKSKN/e1UosY=
-283,-97,CogbK6yI9Pff2KK5ljrYtQaB7GI=,qtEN1N5OuPloMe6RKSKN/e1UosY=
-284,-105,CogbK6yI9Pff2KK5ljrYtQaB7GI=,5w9Sb0hsOvTVDbnDi6yDiCBqjg8=
-282,-97,CogbK6yI9Pff2KK5ljrYtQaB7GI=,qtEN1N5OuPloMe6RKSKN/e1UosY=
-280,-107,CogbK6yI9Pff2KK5ljrYtQaB7GI=,bUcPYNe25a9yzR+wEEewUXJYBuU=
-281,-108,CogbK6yI9Pff2KK5ljrYtQaB7GI=,5w9Sb0hsOvTVDbnDi6yDiCBqjg8=
-283,-103,CogbK6yI9Pff2KK5ljrYtQaB7GI=,qtEN1N5OuPloMe6RKSKN/e1UosY=
-281,-103,CogbK6yI9Pff2KK5ljrYtQaB7GI=,qtEN1N5OuPloMe6RKSKN/e1UosY=
-282,-102,CogbK6yI9Pff2KK5ljrYtQaB7GI=,qtEN1N5OuPloMe6RKSKN/e1UosY=
-284,-101,CogbK6yI9Pff2KK5ljrYtQaB7GI=,qtEN1N5OuPloMe6RKSKN/e1UosY=
-283,-102,CogbK6yI9Pff2KK5ljrYtQaB7GI=,qtEN1N5OuPloMe6RKSKN/e1UosY=
-282,-103,CogbK6yI9Pff2KK5ljrYtQaB7GI=,qtEN1N5OuPloMe6RKSKN/e1UosY=
-284,-97,CogbK6yI9Pff2KK5ljrYtQaB7GI=,qtEN1N5OuPloMe6RKSKN/e1UosY=
-277,-103,CogbK6yI9Pff2KK5ljrYtQaB7GI=,Ofs5pPJ5DdLHxHCqOOK2ZkBXyDw=
-284,-103,CogbK6yI9Pff2KK5ljrYtQaB7GI=,qtEN1N5OuPloMe6RKSKN/e1UosY=
-284,-102,CogbK6yI9Pff2KK5ljrYtQaB7GI=,qtEN1N5OuPloMe6RKSKN/e1UosY=
-283,-100,CogbK6yI9Pff2KK5ljrYtQaB7GI=,qtEN1N5OuPloMe6RKSKN/e1UosY=
-283,-101,CogbK6yI9Pff2KK5ljrYtQaB7GI=,qtEN1N5OuPloMe6RKSKN/e1UosY=
-282,-100,CogbK6yI9Pff2KK5ljrYtQaB7GI=,qtEN1N5OuPloMe6RKSKN/e1UosY=
-284,-99,CogbK6yI9Pff2KK5ljrYtQaB7GI=,qtEN1N5OuPloMe6RKSKN/e1UosY=
-278,-107,CogbK6yI9Pff2KK5ljrYtQaB7GI=,bUcPYNe25a9yzR+wEEewUXJYBuU=
-280,-99,CogbK6yI9Pff2KK5ljrYtQaB7GI=,Ofs5pPJ5DdLHxHCqOOK2ZkBXyDw=
-283,-99,CogbK6yI9Pff2KK5ljrYtQaB7GI=,qtEN1N5OuPloMe6RKSKN/e1UosY=
-280,-102,CogbK6yI9Pff2KK5ljrYtQaB7GI=,Ofs5pPJ5DdLHxHCqOOK2ZkBXyDw=
-279,-99,CogbK6yI9Pff2KK5ljrYtQaB7GI=,Ofs5pPJ5DdLHxHCqOOK2ZkBXyDw=
-279,-107,CogbK6yI9Pff2KK5ljrYtQaB7GI=,bUcPYNe25a9yzR+wEEewUXJYBuU=
-280,-98,CogbK6yI9Pff2KK5ljrYtQaB7GI=,Ofs5pPJ5DdLHxHCqOOK2ZkBXyDw=
-278,-106,CogbK6yI9Pff2KK5ljrYtQaB7GI=,bUcPYNe25a9yzR+wEEewUXJYBuU=
-284,-100,CogbK6yI9Pff2KK5ljrYtQaB7GI=,qtEN1N5OuPloMe6RKSKN/e1UosY=
-282,-101,CogbK6yI9Pff2KK5ljrYtQaB7GI=,qtEN1N5OuPloMe6RKSKN/e1UosY=
-277,-107,CogbK6yI9Pff2KK5ljrYtQaB7GI=,bUcPYNe25a9yzR+wEEewUXJYBuU=
-279,-98,CogbK6yI9Pff2KK5ljrYtQaB7GI=,Ofs5pPJ5DdLHxHCqOOK2ZkBXyDw=
-280,-104,CogbK6yI9Pff2KK5ljrYtQaB7GI=,Ofs5pPJ5DdLHxHCqOOK2ZkBXyDw=
-282,-99,CogbK6yI9Pff2KK5ljrYtQaB7GI=,qtEN1N5OuPloMe6RKSKN/e1UosY=
-281,-98,CogbK6yI9Pff2KK5ljrYtQaB7GI=,qtEN1N5OuPloMe6RKSKN/e1UosY=
-278,-98,CogbK6yI9Pff2KK5ljrYtQaB7GI=,Ofs5pPJ5DdLHxHCqOOK2ZkBXyDw=
-279,-106,CogbK6yI9Pff2KK5ljrYtQaB7GI=,bUcPYNe25a9yzR+wEEewUXJYBuU=
-281,-104,CogbK6yI9Pff2KK5ljrYtQaB7GI=,qtEN1N5OuPloMe6RKSKN/e1UosY=
-277,-98,CogbK6yI9Pff2KK5ljrYtQaB7GI=,Ofs5pPJ5DdLHxHCqOOK2ZkBXyDw=
-281,-97,CogbK6yI9Pff2KK5ljrYtQaB7GI=,qtEN1N5OuPloMe6RKSKN/e1UosY=
-278,-99,CogbK6yI9Pff2KK5ljrYtQaB7GI=,Ofs5pPJ5DdLHxHCqOOK2ZkBXyDw=
-278,-102,CogbK6yI9Pff2KK5ljrYtQaB7GI=,Ofs5pPJ5DdLHxHCqOOK2ZkBXyDw=
-277,-102,CogbK6yI9Pff2KK5ljrYtQaB7GI=,Ofs5pPJ5DdLHxHCqOOK2ZkBXyDw=
-277,-101,CogbK6yI9Pff2KK5ljrYtQaB7GI=,Ofs5pPJ5DdLHxHCqOOK2ZkBXyDw=
-280,-106,CogbK6yI9Pff2KK5ljrYtQaB7GI=,bUcPYNe25a9yzR+wEEewUXJYBuU=
-280,-103,CogbK6yI9Pff2KK5ljrYtQaB7GI=,Ofs5pPJ5DdLHxHCqOOK2ZkBXyDw=
-279,-102,CogbK6yI9Pff2KK5ljrYtQaB7GI=,Ofs5pPJ5DdLHxHCqOOK2ZkBXyDw=
-279,-103,CogbK6yI9Pff2KK5ljrYtQaB7GI=,Ofs5pPJ5DdLHxHCqOOK2ZkBXyDw=
-281,-99,CogbK6yI9Pff2KK5ljrYtQaB7GI=,qtEN1N5OuPloMe6RKSKN/e1UosY=
-280,-101,CogbK6yI9Pff2KK5ljrYtQaB7GI=,Ofs5pPJ5DdLHxHCqOOK2ZkBXyDw=
-279,-101,CogbK6yI9Pff2KK5ljrYtQaB7GI=,Ofs5pPJ5DdLHxHCqOOK2ZkBXyDw=
-279,-100,CogbK6yI9Pff2KK5ljrYtQaB7GI=,Ofs5pPJ5DdLHxHCqOOK2ZkBXyDw=
-278,-101,CogbK6yI9Pff2KK5ljrYtQaB7GI=,Ofs5pPJ5DdLHxHCqOOK2ZkBXyDw=
-277,-97,CogbK6yI9Pff2KK5ljrYtQaB7GI=,Ofs5pPJ5DdLHxHCqOOK2ZkBXyDw=
-281,-101,CogbK6yI9Pff2KK5ljrYtQaB7GI=,qtEN1N5OuPloMe6RKSKN/e1UosY=
-278,-100,CogbK6yI9Pff2KK5ljrYtQaB7GI=,Ofs5pPJ5DdLHxHCqOOK2ZkBXyDw=
-278,-104,CogbK6yI9Pff2KK5ljrYtQaB7GI=,Ofs5pPJ5DdLHxHCqOOK2ZkBXyDw=
-280,-100,CogbK6yI9Pff2KK5ljrYtQaB7GI=,Ofs5pPJ5DdLHxHCqOOK2ZkBXyDw=
-277,-104,CogbK6yI9Pff2KK5ljrYtQaB7GI=,Ofs5pPJ5DdLHxHCqOOK2ZkBXyDw=
-281,-100,CogbK6yI9Pff2KK5ljrYtQaB7GI=,qtEN1N5OuPloMe6RKSKN/e1UosY=
-277,-100,CogbK6yI9Pff2KK5ljrYtQaB7GI=,Ofs5pPJ5DdLHxHCqOOK2ZkBXyDw=
-279,-97,CogbK6yI9Pff2KK5ljrYtQaB7GI=,Ofs5pPJ5DdLHxHCqOOK2ZkBXyDw=
-278,-97,CogbK6yI9Pff2KK5ljrYtQaB7GI=,Ofs5pPJ5DdLHxHCqOOK2ZkBXyDw=
-277,-99,CogbK6yI9Pff2KK5ljrYtQaB7GI=,Ofs5pPJ5DdLHxHCqOOK2ZkBXyDw=
-281,-102,CogbK6yI9Pff2KK5ljrYtQaB7GI=,qtEN1N5OuPloMe6RKSKN/e1UosY=
-288,-97,CogbK6yI9Pff2KK5ljrYtQaB7GI=,qtEN1N5OuPloMe6RKSKN/e1UosY=
-287,-97,CogbK6yI9Pff2KK5ljrYtQaB7GI=,qtEN1N5OuPloMe6RKSKN/e1UosY=
-285,-97,CogbK6yI9Pff2KK5ljrYtQaB7GI=,qtEN1N5OuPloMe6RKSKN/e1UosY=
-288,-100,CogbK6yI9Pff2KK5ljrYtQaB7GI=,qtEN1N5OuPloMe6RKSKN/e1UosY=
-287,-100,CogbK6yI9Pff2KK5ljrYtQaB7GI=,qtEN1N5OuPloMe6RKSKN/e1UosY=
-273,-100,CogbK6yI9Pff2KK5ljrYtQaB7GI=,Ofs5pPJ5DdLHxHCqOOK2ZkBXyDw=
-286,-100,CogbK6yI9Pff2KK5ljrYtQaB7GI=,qtEN1N5OuPloMe6RKSKN/e1UosY=
-286,-97,CogbK6yI9Pff2KK5ljrYtQaB7GI=,qtEN1N5OuPloMe6RKSKN/e1UosY=
-273,-97,CogbK6yI9Pff2KK5ljrYtQaB7GI=,Ofs5pPJ5DdLHxHCqOOK2ZkBXyDw=
-274,-100,CogbK6yI9Pff2KK5ljrYtQaB7GI=,Ofs5pPJ5DdLHxHCqOOK2ZkBXyDw=
-285,-100,CogbK6yI9Pff2KK5ljrYtQaB7GI=,qtEN1N5OuPloMe6RKSKN/e1UosY=
-276,-98,CogbK6yI9Pff2KK5ljrYtQaB7GI=,Ofs5pPJ5DdLHxHCqOOK2ZkBXyDw=
-287,-99,CogbK6yI9Pff2KK5ljrYtQaB7GI=,qtEN1N5OuPloMe6RKSKN/e1UosY=
-288,-99,CogbK6yI9Pff2KK5ljrYtQaB7GI=,qtEN1N5OuPloMe6RKSKN/e1UosY=
-288,-105,CogbK6yI9Pff2KK5ljrYtQaB7GI=,5w9Sb0hsOvTVDbnDi6yDiCBqjg8=
-274,-98,CogbK6yI9Pff2KK5ljrYtQaB7GI=,Ofs5pPJ5DdLHxHCqOOK2ZkBXyDw=
-287,-108,CogbK6yI9Pff2KK5ljrYtQaB7GI=,5w9Sb0hsOvTVDbnDi6yDiCBqjg8=
-285,-99,CogbK6yI9Pff2KK5ljrYtQaB7GI=,qtEN1N5OuPloMe6RKSKN/e1UosY=
-275,-98,CogbK6yI9Pff2KK5ljrYtQaB7GI=,Ofs5pPJ5DdLHxHCqOOK2ZkBXyDw=
-285,-108,CogbK6yI9Pff2KK5ljrYtQaB7GI=,5w9Sb0hsOvTVDbnDi6yDiCBqjg8=
-288,-98,CogbK6yI9Pff2KK5ljrYtQaB7GI=,qtEN1N5OuPloMe6RKSKN/e1UosY=
-286,-98,CogbK6yI9Pff2KK5ljrYtQaB7GI=,qtEN1N5OuPloMe6RKSKN/e1UosY=
-286,-99,CogbK6yI9Pff2KK5ljrYtQaB7GI=,qtEN1N5OuPloMe6RKSKN/e1UosY=
-287,-107,CogbK6yI9Pff2KK5ljrYtQaB7GI=,5w9Sb0hsOvTVDbnDi6yDiCBqjg8=
-276,-100,CogbK6yI9Pff2KK5ljrYtQaB7GI=,Ofs5pPJ5DdLHxHCqOOK2ZkBXyDw=
-285,-98,CogbK6yI9Pff2KK5ljrYtQaB7GI=,qtEN1N5OuPloMe6RKSKN/e1UosY=
-287,-98,CogbK6yI9Pff2KK5ljrYtQaB7GI=,qtEN1N5OuPloMe6RKSKN/e1UosY=
-276,-99,CogbK6yI9Pff2KK5ljrYtQaB7GI=,Ofs5pPJ5DdLHxHCqOOK2ZkBXyDw=
-273,-99,CogbK6yI9Pff2KK5ljrYtQaB7GI=,Ofs5pPJ5DdLHxHCqOOK2ZkBXyDw=
-274,-99,CogbK6yI9Pff2KK5ljrYtQaB7GI=,Ofs5pPJ5DdLHxHCqOOK2ZkBXyDw=
-286,-108,CogbK6yI9Pff2KK5ljrYtQaB7GI=,5w9Sb0hsOvTVDbnDi6yDiCBqjg8=
-275,-100,CogbK6yI9Pff2KK5ljrYtQaB7GI=,Ofs5pPJ5DdLHxHCqOOK2ZkBXyDw=
-274,-97,CogbK6yI9Pff2KK5ljrYtQaB7GI=,Ofs5pPJ5DdLHxHCqOOK2ZkBXyDw=
-275,-97,CogbK6yI9Pff2KK5ljrYtQaB7GI=,Ofs5pPJ5DdLHxHCqOOK2ZkBXyDw=
-285,-107,CogbK6yI9Pff2KK5ljrYtQaB7GI=,5w9Sb0hsOvTVDbnDi6yDiCBqjg8=
-286,-107,CogbK6yI9Pff2KK5ljrYtQaB7GI=,5w9Sb0hsOvTVDbnDi6yDiCBqjg8=
-273,-98,CogbK6yI9Pff2KK5ljrYtQaB7GI=,Ofs5pPJ5DdLHxHCqOOK2ZkBXyDw=
-287,-106,CogbK6yI9Pff2KK5ljrYtQaB7GI=,5w9Sb0hsOvTVDbnDi6yDiCBqjg8=
-275,-99,CogbK6yI9Pff2KK5ljrYtQaB7GI=,Ofs5pPJ5DdLHxHCqOOK2ZkBXyDw=
-285,-106,CogbK6yI9Pff2KK5ljrYtQaB7GI=,5w9Sb0hsOvTVDbnDi6yDiCBqjg8=
-287,-104,CogbK6yI9Pff2KK5ljrYtQaB7GI=,qtEN1N5OuPloMe6RKSKN/e1UosY=
-285,-103,CogbK6yI9Pff2KK5ljrYtQaB7GI=,qtEN1N5OuPloMe6RKSKN/e1UosY=
-288,-103,CogbK6yI9Pff2KK5ljrYtQaB7GI=,qtEN1N5OuPloMe6RKSKN/e1UosY=
-285,-104,CogbK6yI9Pff2KK5ljrYtQaB7GI=,qtEN1N5OuPloMe6RKSKN/e1UosY=
-286,-103,CogbK6yI9Pff2KK5ljrYtQaB7GI=,qtEN1N5OuPloMe6RKSKN/e1UosY=
-287,-102,CogbK6yI9Pff2KK5ljrYtQaB7GI=,qtEN1N5OuPloMe6RKSKN/e1UosY=
-276,-97,CogbK6yI9Pff2KK5ljrYtQaB7GI=,Ofs5pPJ5DdLHxHCqOOK2ZkBXyDw=
-286,-106,CogbK6yI9Pff2KK5ljrYtQaB7GI=,5w9Sb0hsOvTVDbnDi6yDiCBqjg8=
-286,-102,CogbK6yI9Pff2KK5ljrYtQaB7GI=,qtEN1N5OuPloMe6RKSKN/e1UosY=
-285,-102,CogbK6yI9Pff2KK5ljrYtQaB7GI=,qtEN1N5OuPloMe6RKSKN/e1UosY=
-288,-102,CogbK6yI9Pff2KK5ljrYtQaB7GI=,qtEN1N5OuPloMe6RKSKN/e1UosY=
-288,-101,CogbK6yI9Pff2KK5ljrYtQaB7GI=,qtEN1N5OuPloMe6RKSKN/e1UosY=
-287,-101,CogbK6yI9Pff2KK5ljrYtQaB7GI=,qtEN1N5OuPloMe6RKSKN/e1UosY=
-287,-105,CogbK6yI9Pff2KK5ljrYtQaB7GI=,5w9Sb0hsOvTVDbnDi6yDiCBqjg8=
-286,-101,CogbK6yI9Pff2KK5ljrYtQaB7GI=,qtEN1N5OuPloMe6RKSKN/e1UosY=
-288,-104,CogbK6yI9Pff2KK5ljrYtQaB7GI=,qtEN1N5OuPloMe6RKSKN/e1UosY=
-288,-106,CogbK6yI9Pff2KK5ljrYtQaB7GI=,5w9Sb0hsOvTVDbnDi6yDiCBqjg8=
-286,-104,CogbK6yI9Pff2KK5ljrYtQaB7GI=,qtEN1N5OuPloMe6RKSKN/e1UosY=
-286,-105,CogbK6yI9Pff2KK5ljrYtQaB7GI=,5w9Sb0hsOvTVDbnDi6yDiCBqjg8=
-288,-108,CogbK6yI9Pff2KK5ljrYtQaB7GI=,5w9Sb0hsOvTVDbnDi6yDiCBqjg8=
-287,-103,CogbK6yI9Pff2KK5ljrYtQaB7GI=,qtEN1N5OuPloMe6RKSKN/e1UosY=
-288,-107,CogbK6yI9Pff2KK5ljrYtQaB7GI=,5w9Sb0hsOvTVDbnDi6yDiCBqjg8=
-285,-101,CogbK6yI9Pff2KK5ljrYtQaB7GI=,qtEN1N5OuPloMe6RKSKN/e1UosY=
-285,-105,CogbK6yI9Pff2KK5ljrYtQaB7GI=,5w9Sb0hsOvTVDbnDi6yDiCBqjg8=
-273,-104,CogbK6yI9Pff2KK5ljrYtQaB7GI=,Ofs5pPJ5DdLHxHCqOOK2ZkBXyDw=
-276,-111,CogbK6yI9Pff2KK5ljrYtQaB7GI=,bUcPYNe25a9yzR+wEEewUXJYBuU=
-274,-111,CogbK6yI9Pff2KK5ljrYtQaB7GI=,bUcPYNe25a9yzR+wEEewUXJYBuU=
-275,-111,CogbK6yI9Pff2KK5ljrYtQaB7GI=,bUcPYNe25a9yzR+wEEewUXJYBuU=
-275,-110,CogbK6yI9Pff2KK5ljrYtQaB7GI=,bUcPYNe25a9yzR+wEEewUXJYBuU=
-276,-101,CogbK6yI9Pff2KK5ljrYtQaB7GI=,Ofs5pPJ5DdLHxHCqOOK2ZkBXyDw=
-273,-105,CogbK6yI9Pff2KK5ljrYtQaB7GI=,bUcPYNe25a9yzR+wEEewUXJYBuU=
-275,-104,CogbK6yI9Pff2KK5ljrYtQaB7GI=,Ofs5pPJ5DdLHxHCqOOK2ZkBXyDw=
-274,-110,CogbK6yI9Pff2KK5ljrYtQaB7GI=,bUcPYNe25a9yzR+wEEewUXJYBuU=
-276,-109,CogbK6yI9Pff2KK5ljrYtQaB7GI=,bUcPYNe25a9yzR+wEEewUXJYBuU=
-276,-110,CogbK6yI9Pff2KK5ljrYtQaB7GI=,bUcPYNe25a9yzR+wEEewUXJYBuU=
-276,-104,CogbK6yI9Pff2KK5ljrYtQaB7GI=,Ofs5pPJ5DdLHxHCqOOK2ZkBXyDw=
-280,-112,CogbK6yI9Pff2KK5ljrYtQaB7GI=,bUcPYNe25a9yzR+wEEewUXJYBuU=
-273,-112,CogbK6yI9Pff2KK5ljrYtQaB7GI=,bUcPYNe25a9yzR+wEEewUXJYBuU=
-274,-109,CogbK6yI9Pff2KK5ljrYtQaB7GI=,bUcPYNe25a9yzR+wEEewUXJYBuU=
-274,-101,CogbK6yI9Pff2KK5ljrYtQaB7GI=,Ofs5pPJ5DdLHxHCqOOK2ZkBXyDw=
-273,-101,CogbK6yI9Pff2KK5ljrYtQaB7GI=,Ofs5pPJ5DdLHxHCqOOK2ZkBXyDw=
-274,-104,CogbK6yI9Pff2KK5ljrYtQaB7GI=,Ofs5pPJ5DdLHxHCqOOK2ZkBXyDw=
-273,-103,CogbK6yI9Pff2KK5ljrYtQaB7GI=,Ofs5pPJ5DdLHxHCqOOK2ZkBXyDw=
-274,-103,CogbK6yI9Pff2KK5ljrYtQaB7GI=,Ofs5pPJ5DdLHxHCqOOK2ZkBXyDw=
-275,-101,CogbK6yI9Pff2KK5ljrYtQaB7GI=,Ofs5pPJ5DdLHxHCqOOK2ZkBXyDw=
-274,-108,CogbK6yI9Pff2KK5ljrYtQaB7GI=,bUcPYNe25a9yzR+wEEewUXJYBuU=
-275,-109,CogbK6yI9Pff2KK5ljrYtQaB7GI=,bUcPYNe25a9yzR+wEEewUXJYBuU=
-276,-108,CogbK6yI9Pff2KK5ljrYtQaB7GI=,bUcPYNe25a9yzR+wEEewUXJYBuU=
-277,-112,CogbK6yI9Pff2KK5ljrYtQaB7GI=,bUcPYNe25a9yzR+wEEewUXJYBuU=
-273,-102,CogbK6yI9Pff2KK5ljrYtQaB7GI=,Ofs5pPJ5DdLHxHCqOOK2ZkBXyDw=
-275,-108,CogbK6yI9Pff2KK5ljrYtQaB7GI=,bUcPYNe25a9yzR+wEEewUXJYBuU=
-275,-103,CogbK6yI9Pff2KK5ljrYtQaB7GI=,Ofs5pPJ5DdLHxHCqOOK2ZkBXyDw=
-273,-106,CogbK6yI9Pff2KK5ljrYtQaB7GI=,bUcPYNe25a9yzR+wEEewUXJYBuU=
-274,-107,ijefmHfZDH2EEFqZAhT3esJH1TY=,bUcPYNe25a9yzR+wEEewUXJYBuU=
-275,-107,ijefmHfZDH2EEFqZAhT3esJH1TY=,bUcPYNe25a9yzR+wEEewUXJYBuU=
-276,-107,ijefmHfZDH2EEFqZAhT3esJH1TY=,bUcPYNe25a9yzR+wEEewUXJYBuU=
-275,-102,ijefmHfZDH2EEFqZAhT3esJH1TY=,Ofs5pPJ5DdLHxHCqOOK2ZkBXyDw=
-274,-102,ijefmHfZDH2EEFqZAhT3esJH1TY=,Ofs5pPJ5DdLHxHCqOOK2ZkBXyDw=
-276,-102,ijefmHfZDH2EEFqZAhT3esJH1TY=,Ofs5pPJ5DdLHxHCqOOK2ZkBXyDw=
-276,-106,ijefmHfZDH2EEFqZAhT3esJH1TY=,bUcPYNe25a9yzR+wEEewUXJYBuU=
-274,-106,ijefmHfZDH2EEFqZAhT3esJH1TY=,bUcPYNe25a9yzR+wEEewUXJYBuU=
-278,-112,ijefmHfZDH2EEFqZAhT3esJH1TY=,bUcPYNe25a9yzR+wEEewUXJYBuU=
-274,-112,ijefmHfZDH2EEFqZAhT3esJH1TY=,bUcPYNe25a9yzR+wEEewUXJYBuU=
-275,-112,ijefmHfZDH2EEFqZAhT3esJH1TY=,bUcPYNe25a9yzR+wEEewUXJYBuU=
-273,-111,ijefmHfZDH2EEFqZAhT3esJH1TY=,bUcPYNe25a9yzR+wEEewUXJYBuU=
-276,-112,ijefmHfZDH2EEFqZAhT3esJH1TY=,bUcPYNe25a9yzR+wEEewUXJYBuU=
-275,-106,ijefmHfZDH2EEFqZAhT3esJH1TY=,bUcPYNe25a9yzR+wEEewUXJYBuU=
-273,-109,ijefmHfZDH2EEFqZAhT3esJH1TY=,bUcPYNe25a9yzR+wEEewUXJYBuU=
-274,-105,ijefmHfZDH2EEFqZAhT3esJH1TY=,bUcPYNe25a9yzR+wEEewUXJYBuU=
-273,-108,ijefmHfZDH2EEFqZAhT3esJH1TY=,bUcPYNe25a9yzR+wEEewUXJYBuU=
-273,-107,ijefmHfZDH2EEFqZAhT3esJH1TY=,bUcPYNe25a9yzR+wEEewUXJYBuU=
-275,-105,ijefmHfZDH2EEFqZAhT3esJH1TY=,bUcPYNe25a9yzR+wEEewUXJYBuU=
-284,-111,ijefmHfZDH2EEFqZAhT3esJH1TY=,5w9Sb0hsOvTVDbnDi6yDiCBqjg8=
-285,-112,ijefmHfZDH2EEFqZAhT3esJH1TY=,5w9Sb0hsOvTVDbnDi6yDiCBqjg8=
-281,-112,ijefmHfZDH2EEFqZAhT3esJH1TY=,5w9Sb0hsOvTVDbnDi6yDiCBqjg8=
-283,-111,ijefmHfZDH2EEFqZAhT3esJH1TY=,5w9Sb0hsOvTVDbnDi6yDiCBqjg8=
-273,-110,ijefmHfZDH2EEFqZAhT3esJH1TY=,bUcPYNe25a9yzR+wEEewUXJYBuU=
-276,-105,ijefmHfZDH2EEFqZAhT3esJH1TY=,bUcPYNe25a9yzR+wEEewUXJYBuU=
-282,-112,ijefmHfZDH2EEFqZAhT3esJH1TY=,5w9Sb0hsOvTVDbnDi6yDiCBqjg8=
-285,-110,ijefmHfZDH2EEFqZAhT3esJH1TY=,5w9Sb0hsOvTVDbnDi6yDiCBqjg8=
-284,-110,ijefmHfZDH2EEFqZAhT3esJH1TY=,5w9Sb0hsOvTVDbnDi6yDiCBqjg8=
-276,-103,ijefmHfZDH2EEFqZAhT3esJH1TY=,Ofs5pPJ5DdLHxHCqOOK2ZkBXyDw=
-286,-112,ijefmHfZDH2EEFqZAhT3esJH1TY=,5w9Sb0hsOvTVDbnDi6yDiCBqjg8=
-287,-109,ijefmHfZDH2EEFqZAhT3esJH1TY=,5w9Sb0hsOvTVDbnDi6yDiCBqjg8=
-282,-110,ijefmHfZDH2EEFqZAhT3esJH1TY=,5w9Sb0hsOvTVDbnDi6yDiCBqjg8=
-286,-109,ijefmHfZDH2EEFqZAhT3esJH1TY=,5w9Sb0hsOvTVDbnDi6yDiCBqjg8=
-283,-110,ijefmHfZDH2EEFqZAhT3esJH1TY=,5w9Sb0hsOvTVDbnDi6yDiCBqjg8=
-287,-111,ijefmHfZDH2EEFqZAhT3esJH1TY=,5w9Sb0hsOvTVDbnDi6yDiCBqjg8=
-286,-110,ijefmHfZDH2EEFqZAhT3esJH1TY=,5w9Sb0hsOvTVDbnDi6yDiCBqjg8=
-282,-109,ijefmHfZDH2EEFqZAhT3esJH1TY=,5w9Sb0hsOvTVDbnDi6yDiCBqjg8=
-283,-109,ijefmHfZDH2EEFqZAhT3esJH1TY=,5w9Sb0hsOvTVDbnDi6yDiCBqjg8=
-287,-112,ijefmHfZDH2EEFqZAhT3esJH1TY=,5w9Sb0hsOvTVDbnDi6yDiCBqjg8=
-283,-112,ijefmHfZDH2EEFqZAhT3esJH1TY=,5w9Sb0hsOvTVDbnDi6yDiCBqjg8=
-285,-109,ijefmHfZDH2EEFqZAhT3esJH1TY=,5w9Sb0hsOvTVDbnDi6yDiCBqjg8=
-284,-109,ijefmHfZDH2EEFqZAhT3esJH1TY=,5w9Sb0hsOvTVDbnDi6yDiCBqjg8=
-279,-112,ijefmHfZDH2EEFqZAhT3esJH1TY=,bUcPYNe25a9yzR+wEEewUXJYBuU=
-284,-112,ijefmHfZDH2EEFqZAhT3esJH1TY=,5w9Sb0hsOvTVDbnDi6yDiCBqjg8=
-285,-111,ijefmHfZDH2EEFqZAhT3esJH1TY=,5w9Sb0hsOvTVDbnDi6yDiCBqjg8=
-281,-110,ijefmHfZDH2EEFqZAhT3esJH1TY=,5w9Sb0hsOvTVDbnDi6yDiCBqjg8=
-282,-111,ijefmHfZDH2EEFqZAhT3esJH1TY=,5w9Sb0hsOvTVDbnDi6yDiCBqjg8=
-288,-110,ijefmHfZDH2EEFqZAhT3esJH1TY=,5w9Sb0hsOvTVDbnDi6yDiCBqjg8=
-280,-111,ijefmHfZDH2EEFqZAhT3esJH1TY=,bUcPYNe25a9yzR+wEEewUXJYBuU=
-288,-112,ijefmHfZDH2EEFqZAhT3esJH1TY=,5w9Sb0hsOvTVDbnDi6yDiCBqjg8=
-288,-111,ijefmHfZDH2EEFqZAhT3esJH1TY=,5w9Sb0hsOvTVDbnDi6yDiCBqjg8=
-288,-109,ijefmHfZDH2EEFqZAhT3esJH1TY=,5w9Sb0hsOvTVDbnDi6yDiCBqjg8=
-281,-111,ijefmHfZDH2EEFqZAhT3esJH1TY=,5w9Sb0hsOvTVDbnDi6yDiCBqjg8=
-286,-111,ijefmHfZDH2EEFqZAhT3esJH1TY=,5w9Sb0hsOvTVDbnDi6yDiCBqjg8=
-278,-111,ijefmHfZDH2EEFqZAhT3esJH1TY=,bUcPYNe25a9yzR+wEEewUXJYBuU=
-280,-110,ijefmHfZDH2EEFqZAhT3esJH1TY=,bUcPYNe25a9yzR+wEEewUXJYBuU=
-277,-109,ijefmHfZDH2EEFqZAhT3esJH1TY=,bUcPYNe25a9yzR+wEEewUXJYBuU=
-281,-109,ijefmHfZDH2EEFqZAhT3esJH1TY=,5w9Sb0hsOvTVDbnDi6yDiCBqjg8=
-277,-111,ijefmHfZDH2EEFqZAhT3esJH1TY=,bUcPYNe25a9yzR+wEEewUXJYBuU=
-279,-110,ijefmHfZDH2EEFqZAhT3esJH1TY=,bUcPYNe25a9yzR+wEEewUXJYBuU=
-287,-110,ijefmHfZDH2EEFqZAhT3esJH1TY=,5w9Sb0hsOvTVDbnDi6yDiCBqjg8=
-278,-110,ijefmHfZDH2EEFqZAhT3esJH1TY=,bUcPYNe25a9yzR+wEEewUXJYBuU=
-280,-109,ijefmHfZDH2EEFqZAhT3esJH1TY=,bUcPYNe25a9yzR+wEEewUXJYBuU=
-277,-110,ijefmHfZDH2EEFqZAhT3esJH1TY=,bUcPYNe25a9yzR+wEEewUXJYBuU=
-278,-109,ijefmHfZDH2EEFqZAhT3esJH1TY=,bUcPYNe25a9yzR+wEEewUXJYBuU=
-279,-109,ijefmHfZDH2EEFqZAhT3esJH1TY=,bUcPYNe25a9yzR+wEEewUXJYBuU=
-279,-111,ijefmHfZDH2EEFqZAhT3esJH1TY=,bUcPYNe25a9yzR+wEEewUXJYBuU=
