149,-70,mIVYLdpHHOrIIP+ScBehrYCMXNw=,GrTF4XInkOUuXBc5/wvZTixrx/M=
148,-70,mIVYLdpHHOrIIP+ScBehrYCMXNw=,GrTF4XInkOUuXBc5/wvZTixrx/M=
150,-70,mIVYLdpHHOrIIP+ScBehrYCMXNw=,GrTF4XInkOUuXBc5/wvZTixrx/M=
149,-71,mIVYLdpHHOrIIP+ScBehrYCMXNw=,GrTF4XInkOUuXBc5/wvZTixrx/M=
155,-70,mIVYLdpHHOrIIP+ScBehrYCMXNw=,+W/8AVGzH5WVB5zgKiz1W2gimR4=
148,-71,mIVYLdpHHOrIIP+ScBehrYCMXNw=,GrTF4XInkOUuXBc5/wvZTixrx/M=
150,-76,mIVYLdpHHOrIIP+ScBehrYCMXNw=,3g4tA/RCe+D3A2uRMxXB+Fgo/5c=
151,-76,mIVYLdpHHOrIIP+ScBehrYCMXNw=,3g4tA/RCe+D3A2uRMxXB+Fgo/5c=
151,-69,mIVYLdpHHOrIIP+ScBehrYCMXNw=,GrTF4XInkOUuXBc5/wvZTixrx/M=
153,-76,mIVYLdpHHOrIIP+ScBehrYCMXNw=,dNGtAk5nyb5o667qL1qGAYZxJxI=
152,-73,mIVYLdpHHOrIIP+ScBehrYCMXNw=,dNGtAk5nyb5o667qL1qGAYZxJxI=
149,-76,mIVYLdpHHOrIIP+ScBehrYCMXNw=,3g4tA/RCe+D3A2uRMxXB+Fgo/5c=
150,-71,mIVYLdpHHOrIIP+ScBehrYCMXNw=,GrTF4XInkOUuXBc5/wvZTixrx/M=
148,-76,mIVYLdpHHOrIIP+ScBehrYCMXNw=,3g4tA/RCe+D3A2uRMxXB+Fgo/5c=
152,-72,mIVYLdpHHOrIIP+ScBehrYCMXNw=,+W/8AVGzH5WVB5zgKiz1W2gimR4=
154,-76,mIVYLdpHHOrIIP+ScBehrYCMXNw=,dNGtAk5nyb5o667qL1qGAYZxJxI=
155,-76,mIVYLdpHHOrIIP+ScBehrYCMXNw=,dNGtAk5nyb5o667qL1qGAYZxJxI=
152,-74,mIVYLdpHHOrIIP+ScBehrYCMXNw=,dNGtAk5nyb5o667qL1qGAYZxJxI=
153,-75,mIVYLdpHHOrIIP+ScBehrYCMXNw=,dNGtAk5nyb5o667qL1qGAYZxJxI=
148,-75,mIVYLdpHHOrIIP+ScBehrYCMXNw=,3g4tA/RCe+D3A2uRMxXB+Fgo/5c=
154,-75,mIVYLdpHHOrIIP+ScBehrYCMXNw=,dNGtAk5nyb5o667qL1qGAYZxJxI=
151,-70,mIVYLdpHHOrIIP+ScBehrYCMXNw=,GrTF4XInkOUuXBc5/wvZTixrx/M=
148,-69,mIVYLdpHHOrIIP+ScBehrYCMXNw=,GrTF4XInkOUuXBc5/wvZTixrx/M=
152,-76,mIVYLdpHHOrIIP+ScBehrYCMXNw=,dNGtAk5nyb5o667qL1qGAYZxJxI=
150,-69,mIVYLdpHHOrIIP+ScBehrYCMXNw=,GrTF4XInkOUuXBc5/wvZTixrx/M=
155,-75,mIVYLdpHHOrIIP+ScBehrYCMXNw=,dNGtAk5nyb5o667qL1qGAYZxJxI=
152,-75,mIVYLdpHHOrIIP+ScBehrYCMXNw=,dNGtAk5nyb5o667qL1qGAYZxJxI=
151,-72,mIVYLdpHHOrIIP+ScBehrYCMXNw=,GrTF4XInkOUuXBc5/wvZTixrx/M=
155,-69,mIVYLdpHHOrIIP+ScBehrYCMXNw=,+W/8AVGzH5WVB5zgKiz1W2gimR4=
150,-72,mIVYLdpHHOrIIP+ScBehrYCMXNw=,GrTF4XInkOUuXBc5/wvZTixrx/M=
149,-75,mIVYLdpHHOrIIP+ScBehrYCMXNw=,3g4tA/RCe+D3A2uRMxXB+Fgo/5c=
149,-69,mIVYLdpHHOrIIP+ScBehrYCMXNw=,GrTF4XInkOUuXBc5/wvZTixrx/M=
152,-69,mIVYLdpHHOrIIP+ScBehrYCMXNw=,+W/8AVGzH5WVB5zgKiz1W2gimR4=
151,-71,mIVYLdpHHOrIIP+ScBehrYCMXNw=,GrTF4XInkOUuXBc5/wvZTixrx/M=
154,-72,mIVYLdpHHOrIIP+ScBehrYCMXNw=,+W/8AVGzH5WVB5zgKiz1W2gimR4=
153,-74,mIVYLdpHHOrIIP+ScBehrYCMXNw=,dNGtAk5nyb5o667qL1qGAYZxJxI=
149,-72,mIVYLdpHHOrIIP+ScBehrYCMXNw=,GrTF4XInkOUuXBc5/wvZTixrx/M=
155,-72,mIVYLdpHHOrIIP+ScBehrYCMXNw=,+W/8AVGzH5WVB5zgKiz1W2gimR4=
154,-74,mIVYLdpHHOrIIP+ScBehrYCMXNw=,dNGtAk5nyb5o667qL1qGAYZxJxI=
148,-72,mIVYLdpHHOrIIP+ScBehrYCMXNw=,GrTF4XInkOUuXBc5/wvZTixrx/M=
153,-69,mIVYLdpHHOrIIP+ScBehrYCMXNw=,+W/8AVGzH5WVB5zgKiz1W2gimR4=
154,-70,mIVYLdpHHOrIIP+ScBehrYCMXNw=,+W/8AVGzH5WVB5zgKiz1W2gimR4=
155,-73,mIVYLdpHHOrIIP+ScBehrYCMXNw=,dNGtAk5nyb5o667qL1qGAYZxJxI=
155,-74,mIVYLdpHHOrIIP+ScBehrYCMXNw=,dNGtAk5nyb5o667qL1qGAYZxJxI=
153,-73,mIVYLdpHHOrIIP+ScBehrYCMXNw=,dNGtAk5nyb5o667qL1qGAYZxJxI=
152,-71,mIVYLdpHHOrIIP+ScBehrYCMXNw=,+W/8AVGzH5WVB5zgKiz1W2gimR4=
150,-75,mIVYLdpHHOrIIP+ScBehrYCMXNw=,3g4tA/RCe+D3A2uRMxXB+Fgo/5c=
154,-73,mIVYLdpHHOrIIP+ScBehrYCMXNw=,dNGtAk5nyb5o667qL1qGAYZxJxI=
151,-73,mIVYLdpHHOrIIP+ScBehrYCMXNw=,3g4tA/RCe+D3A2uRMxXB+Fgo/5c=
149,-73,mIVYLdpHHOrIIP+ScBehrYCMXNw=,3g4tA/RCe+D3A2uRMxXB+Fgo/5c=
152,-70,mIVYLdpHHOrIIP+ScBehrYCMXNw=,+W/8AVGzH5WVB5zgKiz1W2gimR4=
148,-73,mIVYLdpHHOrIIP+ScBehrYCMXNw=,3g4tA/RCe+D3A2uRMxXB+Fgo/5c=
150,-73,mIVYLdpHHOrIIP+ScBehrYCMXNw=,3g4tA/RCe+D3A2uRMxXB+Fgo/5c=
151,-75,mIVYLdpHHOrIIP+ScBehrYCMXNw=,3g4tA/RCe+D3A2uRMxXB+Fgo/5c=
149,-74,mIVYLdpHHOrIIP+ScBehrYCMXNw=,3g4tA/RCe+D3A2uRMxXB+Fgo/5c=
153,-72,mIVYLdpHHOrIIP+ScBehrYCMXNw=,+W/8AVGzH5WVB5zgKiz1W2gimR4=
151,-74,mIVYLdpHHOrIIP+ScBehrYCMXNw=,3g4tA/RCe+D3A2uRMxXB+Fgo/5c=
150,-74,mIVYLdpHHOrIIP+ScBehrYCMXNw=,3g4tA/RCe+D3A2uRMxXB+Fgo/5c=
148,-74,mIVYLdpHHOrIIP+ScBehrYCMXNw=,3g4tA/RCe+D3A2uRMxXB+Fgo/5c=
154,-71,mIVYLdpHHOrIIP+ScBehrYCMXNw=,+W/8AVGzH5WVB5zgKiz1W2gimR4=
154,-69,mIVYLdpHHOrIIP+ScBehrYCMXNw=,+W/8AVGzH5WVB5zgKiz1W2gimR4=
155,-71,mIVYLdpHHOrIIP+ScBehrYCMXNw=,+W/8AVGzH5WVB5zgKiz1W2gimR4=
153,-71,mIVYLdpHHOrIIP+ScBehrYCMXNw=,+W/8AVGzH5WVB5zgKiz1W2gimR4=
153,-70,mIVYLdpHHOrIIP+ScBehrYCMXNw=,+W/8AVGzH5WVB5zgKiz1W2gimR4=
152,-80,YYgUgzCasmRLiaFR1WvjPkIHXWY=,dNGtAk5nyb5o667qL1qGAYZxJxI=
145,-78,YYgUgzCasmRLiaFR1WvjPkIHXWY=,3g4tA/RCe+D3A2uRMxXB+Fgo/5c=
151,-78,YYgUgzCasmRLiaFR1WvjPkIHXWY=,3g4tA/RCe+D3A2uRMxXB+Fgo/5c=
149,-80,YYgUgzCasmRLiaFR1WvjPkIHXWY=,3g4tA/RCe+D3A2uRMxXB+Fgo/5c=
151,-79,YYgUgzCasmRLiaFR1WvjPkIHXWY=,3g4tA/RCe+D3A2uRMxXB+Fgo/5c=
150,-80,YYgUgzCasmRLiaFR1WvjPkIHXWY=,3g4tA/RCe+D3A2uRMxXB+Fgo/5c=
150,-79,YYgUgzCasmRLiaFR1WvjPkIHXWY=,3g4tA/RCe+D3A2uRMxXB+Fgo/5c=
149,-78,YYgUgzCasmRLiaFR1WvjPkIHXWY=,3g4tA/RCe+D3A2uRMxXB+Fgo/5c=
147,-79,YYgUgzCasmRLiaFR1WvjPkIHXWY=,3g4tA/RCe+D3A2uRMxXB+Fgo/5c=
149,-79,YYgUgzCasmRLiaFR1WvjPkIHXWY=,3g4tA/RCe+D3A2uRMxXB+Fgo/5c=
148,-78,YYgUgzCasmRLiaFR1WvjPkIHXWY=,3g4tA/RCe+D3A2uRMxXB+Fgo/5c=
147,-78,YYgUgzCasmRLiaFR1WvjPkIHXWY=,3g4tA/RCe+D3A2uRMxXB+Fgo/5c=
148,-79,YYgUgzCasmRLiaFR1WvjPkIHXWY=,3g4tA/RCe+D3A2uRMxXB+Fgo/5c=
146,-78,YYgUgzCasmRLiaFR1WvjPkIHXWY=,3g4tA/RCe+D3A2uRMxXB+Fgo/5c=
152,-77,YYgUgzCasmRLiaFR1WvjPkIHXWY=,dNGtAk5nyb5o667qL1qGAYZxJxI=
150,-78,YYgUgzCasmRLiaFR1WvjPkIHXWY=,3g4tA/RCe+D3A2uRMxXB+Fgo/5c=
144,-78,YYgUgzCasmRLiaFR1WvjPkIHXWY=,3g4tA/RCe+D3A2uRMxXB+Fgo/5c=
145,-79,YYgUgzCasmRLiaFR1WvjPkIHXWY=,3g4tA/RCe+D3A2uRMxXB+Fgo/5c=
151,-77,YYgUgzCasmRLiaFR1WvjPkIHXWY=,3g4tA/RCe+D3A2uRMxXB+Fgo/5c=
144,-77,YYgUgzCasmRLiaFR1WvjPkIHXWY=,3g4tA/RCe+D3A2uRMxXB+Fgo/5c=
150,-77,YYgUgzCasmRLiaFR1WvjPkIHXWY=,3g4tA/RCe+D3A2uRMxXB+Fgo/5c=
149,-77,YYgUgzCasmRLiaFR1WvjPkIHXWY=,3g4tA/RCe+D3A2uRMxXB+Fgo/5c=
147,-80,YYgUgzCasmRLiaFR1WvjPkIHXWY=,3g4tA/RCe+D3A2uRMxXB+Fgo/5c=
146,-79,YYgUgzCasmRLiaFR1WvjPkIHXWY=,3g4tA/RCe+D3A2uRMxXB+Fgo/5c=
146,-80,YYgUgzCasmRLiaFR1WvjPkIHXWY=,3g4tA/RCe+D3A2uRMxXB+Fgo/5c=
152,-78,YYgUgzCasmRLiaFR1WvjPkIHXWY=,dNGtAk5nyb5o667qL1qGAYZxJxI=
148,-77,YYgUgzCasmRLiaFR1WvjPkIHXWY=,3g4tA/RCe+D3A2uRMxXB+Fgo/5c=
151,-80,YYgUgzCasmRLiaFR1WvjPkIHXWY=,3g4tA/RCe+D3A2uRMxXB+Fgo/5c=
144,-79,YYgUgzCasmRLiaFR1WvjPkIHXWY=,3g4tA/RCe+D3A2uRMxXB+Fgo/5c=
146,-77,YYgUgzCasmRLiaFR1WvjPkIHXWY=,3g4tA/RCe+D3A2uRMxXB+Fgo/5c=
148,-80,YYgUgzCasmRLiaFR1WvjPkIHXWY=,3g4tA/RCe+D3A2uRMxXB+Fgo/5c=
147,-77,YYgUgzCasmRLiaFR1WvjPkIHXWY=,3g4tA/RCe+D3A2uRMxXB+Fgo/5c=
152,-79,YYgUgzCasmRLiaFR1WvjPkIHXWY=,dNGtAk5nyb5o667qL1qGAYZxJxI=
145,-77,YYgUgzCasmRLiaFR1WvjPkIHXWY=,3g4tA/RCe+D3A2uRMxXB+Fgo/5c=
145,-80,YYgUgzCasmRLiaFR1WvjPkIHXWY=,3g4tA/RCe+D3A2uRMxXB+Fgo/5c=
154,-78,YYgUgzCasmRLiaFR1WvjPkIHXWY=,dNGtAk5nyb5o667qL1qGAYZxJxI=
153,-78,YYgUgzCasmRLiaFR1WvjPkIHXWY=,dNGtAk5nyb5o667qL1qGAYZxJxI=
155,-78,YYgUgzCasmRLiaFR1WvjPkIHXWY=,dNGtAk5nyb5o667qL1qGAYZxJxI=
154,-79,YYgUgzCasmRLiaFR1WvjPkIHXWY=,dNGtAk5nyb5o667qL1qGAYZxJxI=
153,-79,YYgUgzCasmRLiaFR1WvjPkIHXWY=,dNGtAk5nyb5o667qL1qGAYZxJxI=
153,-77,YYgUgzCasmRLiaFR1WvjPkIHXWY=,dNGtAk5nyb5o667qL1qGAYZxJxI=
144,-80,YYgUgzCasmRLiaFR1WvjPkIHXWY=,3g4tA/RCe+D3A2uRMxXB+Fgo/5c=
155,-79,YYgUgzCasmRLiaFR1WvjPkIHXWY=,dNGtAk5nyb5o667qL1qGAYZxJxI=
154,-77,YYgUgzCasmRLiaFR1WvjPkIHXWY=,dNGtAk5nyb5o667qL1qGAYZxJxI=
155,-80,YYgUgzCasmRLiaFR1WvjPkIHXWY=,dNGtAk5nyb5o667qL1qGAYZxJxI=
155,-77,YYgUgzCasmRLiaFR1WvjPkIHXWY=,dNGtAk5nyb5o667qL1qGAYZxJxI=
144,-76,YYgUgzCasmRLiaFR1WvjPkIHXWY=,3g4tA/RCe+D3A2uRMxXB+Fgo/5c=
145,-73,YYgUgzCasmRLiaFR1WvjPkIHXWY=,3g4tA/RCe+D3A2uRMxXB+Fgo/5c=
154,-80,YYgUgzCasmRLiaFR1WvjPkIHXWY=,dNGtAk5nyb5o667qL1qGAYZxJxI=
147,-73,YYgUgzCasmRLiaFR1WvjPkIHXWY=,3g4tA/RCe+D3A2uRMxXB+Fgo/5c=
146,-73,YYgUgzCasmRLiaFR1WvjPkIHXWY=,3g4tA/RCe+D3A2uRMxXB+Fgo/5c=
145,-74,YYgUgzCasmRLiaFR1WvjPkIHXWY=,3g4tA/RCe+D3A2uRMxXB+Fgo/5c=
147,-75,YYgUgzCasmRLiaFR1WvjPkIHXWY=,3g4tA/RCe+D3A2uRMxXB+Fgo/5c=
147,-74,YYgUgzCasmRLiaFR1WvjPkIHXWY=,3g4tA/RCe+D3A2uRMxXB+Fgo/5c=
153,-80,YYgUgzCasmRLiaFR1WvjPkIHXWY=,dNGtAk5nyb5o667qL1qGAYZxJxI=
146,-74,YYgUgzCasmRLiaFR1WvjPkIHXWY=,3g4tA/RCe+D3A2uRMxXB+Fgo/5c=
144,-73,YYgUgzCasmRLiaFR1WvjPkIHXWY=,3g4tA/RCe+D3A2uRMxXB+Fgo/5c=
144,-74,YYgUgzCasmRLiaFR1WvjPkIHXWY=,3g4tA/RCe+D3A2uRMxXB+Fgo/5c=
144,-66,YYgUgzCasmRLiaFR1WvjPkIHXWY=,GrTF4XInkOUuXBc5/wvZTixrx/M=
146,-75,YYgUgzCasmRLiaFR1WvjPkIHXWY=,3g4tA/RCe+D3A2uRMxXB+Fgo/5c=
145,-65,YYgUgzCasmRLiaFR1WvjPkIHXWY=,GrTF4XInkOUuXBc5/wvZTixrx/M=
145,-76,YYgUgzCasmRLiaFR1WvjPkIHXWY=,3g4tA/RCe+D3A2uRMxXB+Fgo/5c=
144,-75,YYgUgzCasmRLiaFR1WvjPkIHXWY=,3g4tA/RCe+D3A2uRMxXB+Fgo/5c=
146,-76,YYgUgzCasmRLiaFR1WvjPkIHXWY=,3g4tA/RCe+D3A2uRMxXB+Fgo/5c=
146,-65,YYgUgzCasmRLiaFR1WvjPkIHXWY=,GrTF4XInkOUuXBc5/wvZTixrx/M=
147,-65,YYgUgzCasmRLiaFR1WvjPkIHXWY=,GrTF4XInkOUuXBc5/wvZTixrx/M=
147,-76,YYgUgzCasmRLiaFR1WvjPkIHXWY=,3g4tA/RCe+D3A2uRMxXB+Fgo/5c=
145,-71,YYgUgzCasmRLiaFR1WvjPkIHXWY=,GrTF4XInkOUuXBc5/wvZTixrx/M=
145,-75,YYgUgzCasmRLiaFR1WvjPkIHXWY=,3g4tA/RCe+D3A2uRMxXB+Fgo/5c=
146,-71,YYgUgzCasmRLiaFR1WvjPkIHXWY=,GrTF4XInkOUuXBc5/wvZTixrx/M=
147,-71,YYgUgzCasmRLiaFR1WvjPkIHXWY=,GrTF4XInkOUuXBc5/wvZTixrx/M=
147,-70,YYgUgzCasmRLiaFR1WvjPkIHXWY=,GrTF4XInkOUuXBc5/wvZTixrx/M=
146,-70,YYgUgzCasmRLiaFR1WvjPkIHXWY=,GrTF4XInkOUuXBc5/wvZTixrx/M=
145,-70,YYgUgzCasmRLiaFR1WvjPkIHXWY=,GrTF4XInkOUuXBc5/wvZTixrx/M=
144,-67,YYgUgzCasmRLiaFR1WvjPkIHXWY=,GrTF4XInkOUuXBc5/wvZTixrx/M=
145,-67,YYgUgzCasmRLiaFR1WvjPkIHXWY=,GrTF4XInkOUuXBc5/wvZTixrx/M=
146,-69,YYgUgzCasmRLiaFR1WvjPkIHXWY=,GrTF4XInkOUuXBc5/wvZTixrx/M=
147,-69,YYgUgzCasmRLiaFR1WvjPkIHXWY=,GrTF4XInkOUuXBc5/wvZTixrx/M=
145,-68,YYgUgzCasmRLiaFR1WvjPkIHXWY=,GrTF4XInkOUuXBc5/wvZTixrx/M=
147,-67,YYgUgzCasmRLiaFR1WvjPkIHXWY=,GrTF4XInkOUuXBc5/wvZTixrx/M=
145,-72,YYgUgzCasmRLiaFR1WvjPkIHXWY=,GrTF4XInkOUuXBc5/wvZTixrx/M=
146,-72,YYgUgzCasmRLiaFR1WvjPkIHXWY=,GrTF4XInkOUuXBc5/wvZTixrx/M=
147,-68,YYgUgzCasmRLiaFR1WvjPkIHXWY=,GrTF4XInkOUuXBc5/wvZTixrx/M=
146,-68,YYgUgzCasmRLiaFR1WvjPkIHXWY=,GrTF4XInkOUuXBc5/wvZTixrx/M=
146,-67,YYgUgzCasmRLiaFR1WvjPkIHXWY=,GrTF4XInkOUuXBc5/wvZTixrx/M=
145,-66,YYgUgzCasmRLiaFR1WvjPkIHXWY=,GrTF4XInkOUuXBc5/wvZTixrx/M=
147,-72,YYgUgzCasmRLiaFR1WvjPkIHXWY=,GrTF4XInkOUuXBc5/wvZTixrx/M=
144,-70,YYgUgzCasmRLiaFR1WvjPkIHXWY=,GrTF4XInkOUuXBc5/wvZTixrx/M=
144,-72,YYgUgzCasmRLiaFR1WvjPkIHXWY=,GrTF4XInkOUuXBc5/wvZTixrx/M=
144,-71,YYgUgzCasmRLiaFR1WvjPkIHXWY=,GrTF4XInkOUuXBc5/wvZTixrx/M=
145,-69,YYgUgzCasmRLiaFR1WvjPkIHXWY=,GrTF4XInkOUuXBc5/wvZTixrx/M=
146,-66,YYgUgzCasmRLiaFR1WvjPkIHXWY=,GrTF4XInkOUuXBc5/wvZTixrx/M=
147,-66,YYgUgzCasmRLiaFR1WvjPkIHXWY=,GrTF4XInkOUuXBc5/wvZTixrx/M=
144,-68,YYgUgzCasmRLiaFR1WvjPkIHXWY=,GrTF4XInkOUuXBc5/wvZTixrx/M=
144,-65,YYgUgzCasmRLiaFR1WvjPkIHXWY=,GrTF4XInkOUuXBc5/wvZTixrx/M=
144,-69,YYgUgzCasmRLiaFR1WvjPkIHXWY=,GrTF4XInkOUuXBc5/wvZTixrx/M=
158,-79,f7wbBXxTAIuzDk5GV+rpotCZzwU=,dNGtAk5nyb5o667qL1qGAYZxJxI=
157,-77,f7wbBXxTAIuzDk5GV+rpotCZzwU=,dNGtAk5nyb5o667qL1qGAYZxJxI=
156,-77,f7wbBXxTAIuzDk5GV+rpotCZzwU=,dNGtAk5nyb5o667qL1qGAYZxJxI=
159,-80,f7wbBXxTAIuzDk5GV+rpotCZzwU=,dNGtAk5nyb5o667qL1qGAYZxJxI=
157,-79,f7wbBXxTAIuzDk5GV+rpotCZzwU=,dNGtAk5nyb5o667qL1qGAYZxJxI=
156,-79,f7wbBXxTAIuzDk5GV+rpotCZzwU=,dNGtAk5nyb5o667qL1qGAYZxJxI=
158,-77,f7wbBXxTAIuzDk5GV+rpotCZzwU=,dNGtAk5nyb5o667qL1qGAYZxJxI=
158,-78,f7wbBXxTAIuzDk5GV+rpotCZzwU=,dNGtAk5nyb5o667qL1qGAYZxJxI=
156,-78,f7wbBXxTAIuzDk5GV+rpotCZzwU=,dNGtAk5nyb5o667qL1qGAYZxJxI=
157,-76,f7wbBXxTAIuzDk5GV+rpotCZzwU=,dNGtAk5nyb5o667qL1qGAYZxJxI=
157,-78,f7wbBXxTAIuzDk5GV+rpotCZzwU=,dNGtAk5nyb5o667qL1qGAYZxJxI=
156,-76,f7wbBXxTAIuzDk5GV+rpotCZzwU=,dNGtAk5nyb5o667qL1qGAYZxJxI=
159,-73,f7wbBXxTAIuzDk5GV+rpotCZzwU=,dNGtAk5nyb5o667qL1qGAYZxJxI=
159,-70,f7wbBXxTAIuzDk5GV+rpotCZzwU=,+W/8AVGzH5WVB5zgKiz1W2gimR4=
158,-76,f7wbBXxTAIuzDk5GV+rpotCZzwU=,dNGtAk5nyb5o667qL1qGAYZxJxI=
158,-75,f7wbBXxTAIuzDk5GV+rpotCZzwU=,dNGtAk5nyb5o667qL1qGAYZxJxI=
156,-75,f7wbBXxTAIuzDk5GV+rpotCZzwU=,dNGtAk5nyb5o667qL1qGAYZxJxI=
159,-76,f7wbBXxTAIuzDk5GV+rpotCZzwU=,dNGtAk5nyb5o667qL1qGAYZxJxI=
157,-74,f7wbBXxTAIuzDk5GV+rpotCZzwU=,dNGtAk5nyb5o667qL1qGAYZxJxI=
156,-73,f7wbBXxTAIuzDk5GV+rpotCZzwU=,dNGtAk5nyb5o667qL1qGAYZxJxI=
158,-74,f7wbBXxTAIuzDk5GV+rpotCZzwU=,dNGtAk5nyb5o667qL1qGAYZxJxI=
157,-75,f7wbBXxTAIuzDk5GV+rpotCZzwU=,dNGtAk5nyb5o667qL1qGAYZxJxI=
157,-73,f7wbBXxTAIuzDk5GV+rpotCZzwU=,dNGtAk5nyb5o667qL1qGAYZxJxI=
156,-74,f7wbBXxTAIuzDk5GV+rpotCZzwU=,dNGtAk5nyb5o667qL1qGAYZxJxI=
158,-73,f7wbBXxTAIuzDk5GV+rpotCZzwU=,dNGtAk5nyb5o667qL1qGAYZxJxI=
159,-74,f7wbBXxTAIuzDk5GV+rpotCZzwU=,dNGtAk5nyb5o667qL1qGAYZxJxI=
156,-80,f7wbBXxTAIuzDk5GV+rpotCZzwU=,dNGtAk5nyb5o667qL1qGAYZxJxI=
159,-77,f7wbBXxTAIuzDk5GV+rpotCZzwU=,dNGtAk5nyb5o667qL1qGAYZxJxI=
159,-75,f7wbBXxTAIuzDk5GV+rpotCZzwU=,dNGtAk5nyb5o667qL1qGAYZxJxI=
158,-80,f7wbBXxTAIuzDk5GV+rpotCZzwU=,dNGtAk5nyb5o667qL1qGAYZxJxI=
157,-80,f7wbBXxTAIuzDk5GV+rpotCZzwU=,dNGtAk5nyb5o667qL1qGAYZxJxI=
159,-79,f7wbBXxTAIuzDk5GV+rpotCZzwU=,dNGtAk5nyb5o667qL1qGAYZxJxI=
159,-72,f7wbBXxTAIuzDk5GV+rpotCZzwU=,+W/8AVGzH5WVB5zgKiz1W2gimR4=
159,-78,f7wbBXxTAIuzDk5GV+rpotCZzwU=,dNGtAk5nyb5o667qL1qGAYZxJxI=
159,-71,f7wbBXxTAIuzDk5GV+rpotCZzwU=,+W/8AVGzH5WVB5zgKiz1W2gimR4=
157,-69,f7wbBXxTAIuzDk5GV+rpotCZzwU=,+W/8AVGzH5WVB5zgKiz1W2gimR4=
156,-71,f7wbBXxTAIuzDk5GV+rpotCZzwU=,+W/8AVGzH5WVB5zgKiz1W2gimR4=
156,-72,f7wbBXxTAIuzDk5GV+rpotCZzwU=,+W/8AVGzH5WVB5zgKiz1W2gimR4=
157,-72,f7wbBXxTAIuzDk5GV+rpotCZzwU=,+W/8AVGzH5WVB5zgKiz1W2gimR4=
158,-72,f7wbBXxTAIuzDk5GV+rpotCZzwU=,+W/8AVGzH5WVB5zgKiz1W2gimR4=
157,-71,f7wbBXxTAIuzDk5GV+rpotCZzwU=,+W/8AVGzH5WVB5zgKiz1W2gimR4=
156,-70,f7wbBXxTAIuzDk5GV+rpotCZzwU=,+W/8AVGzH5WVB5zgKiz1W2gimR4=
158,-69,f7wbBXxTAIuzDk5GV+rpotCZzwU=,+W/8AVGzH5WVB5zgKiz1W2gimR4=
158,-70,f7wbBXxTAIuzDk5GV+rpotCZzwU=,+W/8AVGzH5WVB5zgKiz1W2gimR4=
156,-69,f7wbBXxTAIuzDk5GV+rpotCZzwU=,+W/8AVGzH5WVB5zgKiz1W2gimR4=
157,-70,f7wbBXxTAIuzDk5GV+rpotCZzwU=,+W/8AVGzH5WVB5zgKiz1W2gimR4=
159,-69,f7wbBXxTAIuzDk5GV+rpotCZzwU=,+W/8AVGzH5WVB5zgKiz1W2gimR4=
158,-71,f7wbBXxTAIuzDk5GV+rpotCZzwU=,+W/8AVGzH5WVB5zgKiz1W2gimR4=
152,-66,f7wbBXxTAIuzDk5GV+rpotCZzwU=,+W/8AVGzH5WVB5zgKiz1W2gimR4=
148,-66,f7wbBXxTAIuzDk5GV+rpotCZzwU=,GrTF4XInkOUuXBc5/wvZTixrx/M=
149,-66,f7wbBXxTAIuzDk5GV+rpotCZzwU=,GrTF4XInkOUuXBc5/wvZTixrx/M=
155,-65,f7wbBXxTAIuzDk5GV+rpotCZzwU=,+W/8AVGzH5WVB5zgKiz1W2gimR4=
150,-65,f7wbBXxTAIuzDk5GV+rpotCZzwU=,GrTF4XInkOUuXBc5/wvZTixrx/M=
154,-65,f7wbBXxTAIuzDk5GV+rpotCZzwU=,+W/8AVGzH5WVB5zgKiz1W2gimR4=
153,-65,f7wbBXxTAIuzDk5GV+rpotCZzwU=,+W/8AVGzH5WVB5zgKiz1W2gimR4=
150,-67,f7wbBXxTAIuzDk5GV+rpotCZzwU=,GrTF4XInkOUuXBc5/wvZTixrx/M=
148,-67,f7wbBXxTAIuzDk5GV+rpotCZzwU=,GrTF4XInkOUuXBc5/wvZTixrx/M=
149,-67,f7wbBXxTAIuzDk5GV+rpotCZzwU=,GrTF4XInkOUuXBc5/wvZTixrx/M=
149,-65,f7wbBXxTAIuzDk5GV+rpotCZzwU=,GrTF4XInkOUuXBc5/wvZTixrx/M=
148,-65,f7wbBXxTAIuzDk5GV+rpotCZzwU=,GrTF4XInkOUuXBc5/wvZTixrx/M=
150,-68,f7wbBXxTAIuzDk5GV+rpotCZzwU=,GrTF4XInkOUuXBc5/wvZTixrx/M=
150,-66,f7wbBXxTAIuzDk5GV+rpotCZzwU=,GrTF4XInkOUuXBc5/wvZTixrx/M=
149,-68,f7wbBXxTAIuzDk5GV+rpotCZzwU=,GrTF4XInkOUuXBc5/wvZTixrx/M=
148,-68,f7wbBXxTAIuzDk5GV+rpotCZzwU=,GrTF4XInkOUuXBc5/wvZTixrx/M=
155,-66,f7wbBXxTAIuzDk5GV+rpotCZzwU=,+W/8AVGzH5WVB5zgKiz1W2gimR4=
154,-66,f7wbBXxTAIuzDk5GV+rpotCZzwU=,+W/8AVGzH5WVB5zgKiz1W2gimR4=
153,-66,f7wbBXxTAIuzDk5GV+rpotCZzwU=,+W/8AVGzH5WVB5zgKiz1W2gimR4=
158,-68,f7wbBXxTAIuzDk5GV+rpotCZzwU=,+W/8AVGzH5WVB5zgKiz1W2gimR4=
152,-68,f7wbBXxTAIuzDk5GV+rpotCZzwU=,+W/8AVGzH5WVB5zgKiz1W2gimR4=
157,-66,f7wbBXxTAIuzDk5GV+rpotCZzwU=,+W/8AVGzH5WVB5zgKiz1W2gimR4=
156,-65,f7wbBXxTAIuzDk5GV+rpotCZzwU=,+W/8AVGzH5WVB5zgKiz1W2gimR4=
154,-68,f7wbBXxTAIuzDk5GV+rpotCZzwU=,+W/8AVGzH5WVB5zgKiz1W2gimR4=
158,-66,f7wbBXxTAIuzDk5GV+rpotCZzwU=,+W/8AVGzH5WVB5zgKiz1W2gimR4=
156,-66,f7wbBXxTAIuzDk5GV+rpotCZzwU=,+W/8AVGzH5WVB5zgKiz1W2gimR4=
153,-67,f7wbBXxTAIuzDk5GV+rpotCZzwU=,+W/8AVGzH5WVB5zgKiz1W2gimR4=
151,-67,f7wbBXxTAIuzDk5GV+rpotCZzwU=,GrTF4XInkOUuXBc5/wvZTixrx/M=
154,-67,f7wbBXxTAIuzDk5GV+rpotCZzwU=,+W/8AVGzH5WVB5zgKiz1W2gimR4=
155,-68,f7wbBXxTAIuzDk5GV+rpotCZzwU=,+W/8AVGzH5WVB5zgKiz1W2gimR4=
152,-67,f7wbBXxTAIuzDk5GV+rpotCZzwU=,+W/8AVGzH5WVB5zgKiz1W2gimR4=
153,-68,f7wbBXxTAIuzDk5GV+rpotCZzwU=,+W/8AVGzH5WVB5zgKiz1W2gimR4=
155,-67,f7wbBXxTAIuzDk5GV+rpotCZzwU=,+W/8AVGzH5WVB5zgKiz1W2gimR4=
151,-66,f7wbBXxTAIuzDk5GV+rpotCZzwU=,GrTF4XInkOUuXBc5/wvZTixrx/M=
156,-67,f7wbBXxTAIuzDk5GV+rpotCZzwU=,+W/8AVGzH5WVB5zgKiz1W2gimR4=
157,-67,f7wbBXxTAIuzDk5GV+rpotCZzwU=,+W/8AVGzH5WVB5zgKiz1W2gimR4=
156,-68,f7wbBXxTAIuzDk5GV+rpotCZzwU=,+W/8AVGzH5WVB5zgKiz1W2gimR4=
159,-68,f7wbBXxTAIuzDk5GV+rpotCZzwU=,+W/8AVGzH5WVB5zgKiz1W2gimR4=
151,-65,f7wbBXxTAIuzDk5GV+rpotCZzwU=,GrTF4XInkOUuXBc5/wvZTixrx/M=
158,-67,f7wbBXxTAIuzDk5GV+rpotCZzwU=,+W/8AVGzH5WVB5zgKiz1W2gimR4=
159,-67,f7wbBXxTAIuzDk5GV+rpotCZzwU=,+W/8AVGzH5WVB5zgKiz1W2gimR4=
157,-68,f7wbBXxTAIuzDk5GV+rpotCZzwU=,+W/8AVGzH5WVB5zgKiz1W2gimR4=
151,-68,f7wbBXxTAIuzDk5GV+rpotCZzwU=,GrTF4XInkOUuXBc5/wvZTixrx/M=
159,-66,f7wbBXxTAIuzDk5GV+rpotCZzwU=,+W/8AVGzH5WVB5zgKiz1W2gimR4=
159,-65,f7wbBXxTAIuzDk5GV+rpotCZzwU=,+W/8AVGzH5WVB5zgKiz1W2gimR4=
158,-65,f7wbBXxTAIuzDk5GV+rpotCZzwU=,+W/8AVGzH5WVB5zgKiz1W2gimR4=
152,-65,f7wbBXxTAIuzDk5GV+rpotCZzwU=,+W/8AVGzH5WVB5zgKiz1W2gimR4=
157,-65,f7wbBXxTAIuzDk5GV+rpotCZzwU=,+W/8AVGzH5WVB5zgKiz1W2gimR4=
144,-89,d03kRGYL9ipv3CTKHJMJMJHtq8o=,0DrTN1XkS5dwUw/4ByEUK64rMuA=
145,-89,d03kRGYL9ipv3CTKHJMJMJHtq8o=,0DrTN1XkS5dwUw/4ByEUK64rMuA=
146,-89,d03kRGYL9ipv3CTKHJMJMJHtq8o=,0DrTN1XkS5dwUw/4ByEUK64rMuA=
150,-89,d03kRGYL9ipv3CTKHJMJMJHtq8o=,0DrTN1XkS5dwUw/4ByEUK64rMuA=
152,-89,d03kRGYL9ipv3CTKHJMJMJHtq8o=,BeGWhSZvcXdqgV8Qvo79CQknGrg=
151,-88,d03kRGYL9ipv3CTKHJMJMJHtq8o=,XwWqbnO+/XLY4JSHKyLZ3AXyUEw=
147,-89,d03kRGYL9ipv3CTKHJMJMJHtq8o=,0DrTN1XkS5dwUw/4ByEUK64rMuA=
151,-90,d03kRGYL9ipv3CTKHJMJMJHtq8o=,0DrTN1XkS5dwUw/4ByEUK64rMuA=
149,-89,d03kRGYL9ipv3CTKHJMJMJHtq8o=,0DrTN1XkS5dwUw/4ByEUK64rMuA=
150,-90,d03kRGYL9ipv3CTKHJMJMJHtq8o=,0DrTN1XkS5dwUw/4ByEUK64rMuA=
153,-88,d03kRGYL9ipv3CTKHJMJMJHtq8o=,gbeUIJMC9HUE4cv+g6b2HLDRMmQ=
148,-89,d03kRGYL9ipv3CTKHJMJMJHtq8o=,0DrTN1XkS5dwUw/4ByEUK64rMuA=
153,-92,d03kRGYL9ipv3CTKHJMJMJHtq8o=,BeGWhSZvcXdqgV8Qvo79CQknGrg=
154,-92,d03kRGYL9ipv3CTKHJMJMJHtq8o=,BeGWhSZvcXdqgV8Qvo79CQknGrg=
155,-92,d03kRGYL9ipv3CTKHJMJMJHtq8o=,BeGWhSZvcXdqgV8Qvo79CQknGrg=
147,-90,d03kRGYL9ipv3CTKHJMJMJHtq8o=,0DrTN1XkS5dwUw/4ByEUK64rMuA=
152,-90,d03kRGYL9ipv3CTKHJMJMJHtq8o=,BeGWhSZvcXdqgV8Qvo79CQknGrg=
148,-90,d03kRGYL9ipv3CTKHJMJMJHtq8o=,0DrTN1XkS5dwUw/4ByEUK64rMuA=
145,-90,d03kRGYL9ipv3CTKHJMJMJHtq8o=,0DrTN1XkS5dwUw/4ByEUK64rMuA=
146,-90,d03kRGYL9ipv3CTKHJMJMJHtq8o=,0DrTN1XkS5dwUw/4ByEUK64rMuA=
155,-87,d03kRGYL9ipv3CTKHJMJMJHtq8o=,gbeUIJMC9HUE4cv+g6b2HLDRMmQ=
153,-91,d03kRGYL9ipv3CTKHJMJMJHtq8o=,BeGWhSZvcXdqgV8Qvo79CQknGrg=
149,-90,d03kRGYL9ipv3CTKHJMJMJHtq8o=,0DrTN1XkS5dwUw/4ByEUK64rMuA=
151,-89,d03kRGYL9ipv3CTKHJMJMJHtq8o=,0DrTN1XkS5dwUw/4ByEUK64rMuA=
150,-88,d03kRGYL9ipv3CTKHJMJMJHtq8o=,XwWqbnO+/XLY4JSHKyLZ3AXyUEw=
152,-88,d03kRGYL9ipv3CTKHJMJMJHtq8o=,gbeUIJMC9HUE4cv+g6b2HLDRMmQ=
155,-91,d03kRGYL9ipv3CTKHJMJMJHtq8o=,BeGWhSZvcXdqgV8Qvo79CQknGrg=
144,-90,d03kRGYL9ipv3CTKHJMJMJHtq8o=,0DrTN1XkS5dwUw/4ByEUK64rMuA=
151,-91,d03kRGYL9ipv3CTKHJMJMJHtq8o=,0DrTN1XkS5dwUw/4ByEUK64rMuA=
149,-91,d03kRGYL9ipv3CTKHJMJMJHtq8o=,0DrTN1XkS5dwUw/4ByEUK64rMuA=
150,-91,d03kRGYL9ipv3CTKHJMJMJHtq8o=,0DrTN1XkS5dwUw/4ByEUK64rMuA=
148,-91,QCxQfSTrKmeOjPvyMNq5NmbvKgI=,0DrTN1XkS5dwUw/4ByEUK64rMuA=
147,-91,QCxQfSTrKmeOjPvyMNq5NmbvKgI=,0DrTN1XkS5dwUw/4ByEUK64rMuA=
154,-90,QCxQfSTrKmeOjPvyMNq5NmbvKgI=,BeGWhSZvcXdqgV8Qvo79CQknGrg=
145,-87,QCxQfSTrKmeOjPvyMNq5NmbvKgI=,XwWqbnO+/XLY4JSHKyLZ3AXyUEw=
145,-91,QCxQfSTrKmeOjPvyMNq5NmbvKgI=,0DrTN1XkS5dwUw/4ByEUK64rMuA=
152,-91,QCxQfSTrKmeOjPvyMNq5NmbvKgI=,BeGWhSZvcXdqgV8Qvo79CQknGrg=
152,-92,QCxQfSTrKmeOjPvyMNq5NmbvKgI=,BeGWhSZvcXdqgV8Qvo79CQknGrg=
149,-88,QCxQfSTrKmeOjPvyMNq5NmbvKgI=,XwWqbnO+/XLY4JSHKyLZ3AXyUEw=
155,-90,QCxQfSTrKmeOjPvyMNq5NmbvKgI=,BeGWhSZvcXdqgV8Qvo79CQknGrg=
154,-88,QCxQfSTrKmeOjPvyMNq5NmbvKgI=,gbeUIJMC9HUE4cv+g6b2HLDRMmQ=
152,-86,QCxQfSTrKmeOjPvyMNq5NmbvKgI=,gbeUIJMC9HUE4cv+g6b2HLDRMmQ=
146,-87,QCxQfSTrKmeOjPvyMNq5NmbvKgI=,XwWqbnO+/XLY4JSHKyLZ3AXyUEw=
152,-85,QCxQfSTrKmeOjPvyMNq5NmbvKgI=,gbeUIJMC9HUE4cv+g6b2HLDRMmQ=
155,-85,QCxQfSTrKmeOjPvyMNq5NmbvKgI=,gbeUIJMC9HUE4cv+g6b2HLDRMmQ=
155,-88,QCxQfSTrKmeOjPvyMNq5NmbvKgI=,gbeUIJMC9HUE4cv+g6b2HLDRMmQ=
154,-91,QCxQfSTrKmeOjPvyMNq5NmbvKgI=,BeGWhSZvcXdqgV8Qvo79CQknGrg=
146,-91,QCxQfSTrKmeOjPvyMNq5NmbvKgI=,0DrTN1XkS5dwUw/4ByEUK64rMuA=
154,-87,QCxQfSTrKmeOjPvyMNq5NmbvKgI=,gbeUIJMC9HUE4cv+g6b2HLDRMmQ=
153,-90,QCxQfSTrKmeOjPvyMNq5NmbvKgI=,BeGWhSZvcXdqgV8Qvo79CQknGrg=
152,-87,QCxQfSTrKmeOjPvyMNq5NmbvKgI=,gbeUIJMC9HUE4cv+g6b2HLDRMmQ=
153,-87,QCxQfSTrKmeOjPvyMNq5NmbvKgI=,gbeUIJMC9HUE4cv+g6b2HLDRMmQ=
144,-91,QCxQfSTrKmeOjPvyMNq5NmbvKgI=,0DrTN1XkS5dwUw/4ByEUK64rMuA=
153,-86,QCxQfSTrKmeOjPvyMNq5NmbvKgI=,gbeUIJMC9HUE4cv+g6b2HLDRMmQ=
154,-86,QCxQfSTrKmeOjPvyMNq5NmbvKgI=,gbeUIJMC9HUE4cv+g6b2HLDRMmQ=
153,-85,QCxQfSTrKmeOjPvyMNq5NmbvKgI=,gbeUIJMC9HUE4cv+g6b2HLDRMmQ=
154,-89,QCxQfSTrKmeOjPvyMNq5NmbvKgI=,BeGWhSZvcXdqgV8Qvo79CQknGrg=
147,-87,QCxQfSTrKmeOjPvyMNq5NmbvKgI=,XwWqbnO+/XLY4JSHKyLZ3AXyUEw=
148,-88,QCxQfSTrKmeOjPvyMNq5NmbvKgI=,XwWqbnO+/XLY4JSHKyLZ3AXyUEw=
153,-89,QCxQfSTrKmeOjPvyMNq5NmbvKgI=,BeGWhSZvcXdqgV8Qvo79CQknGrg=
144,-92,QCxQfSTrKmeOjPvyMNq5NmbvKgI=,0DrTN1XkS5dwUw/4ByEUK64rMuA=
155,-86,QCxQfSTrKmeOjPvyMNq5NmbvKgI=,gbeUIJMC9HUE4cv+g6b2HLDRMmQ=
155,-89,QCxQfSTrKmeOjPvyMNq5NmbvKgI=,BeGWhSZvcXdqgV8Qvo79CQknGrg=
148,-87,QCxQfSTrKmeOjPvyMNq5NmbvKgI=,XwWqbnO+/XLY4JSHKyLZ3AXyUEw=
154,-85,QCxQfSTrKmeOjPvyMNq5NmbvKgI=,gbeUIJMC9HUE4cv+g6b2HLDRMmQ=
145,-92,QCxQfSTrKmeOjPvyMNq5NmbvKgI=,0DrTN1XkS5dwUw/4ByEUK64rMuA=
145,-86,QCxQfSTrKmeOjPvyMNq5NmbvKgI=,XwWqbnO+/XLY4JSHKyLZ3AXyUEw=
151,-92,QCxQfSTrKmeOjPvyMNq5NmbvKgI=,0DrTN1XkS5dwUw/4ByEUK64rMuA=
147,-92,QCxQfSTrKmeOjPvyMNq5NmbvKgI=,0DrTN1XkS5dwUw/4ByEUK64rMuA=
148,-92,QCxQfSTrKmeOjPvyMNq5NmbvKgI=,0DrTN1XkS5dwUw/4ByEUK64rMuA=
146,-92,QCxQfSTrKmeOjPvyMNq5NmbvKgI=,0DrTN1XkS5dwUw/4ByEUK64rMuA=
150,-87,QCxQfSTrKmeOjPvyMNq5NmbvKgI=,XwWqbnO+/XLY4JSHKyLZ3AXyUEw=
147,-88,QCxQfSTrKmeOjPvyMNq5NmbvKgI=,XwWqbnO+/XLY4JSHKyLZ3AXyUEw=
149,-87,QCxQfSTrKmeOjPvyMNq5NmbvKgI=,XwWqbnO+/XLY4JSHKyLZ3AXyUEw=
150,-92,QCxQfSTrKmeOjPvyMNq5NmbvKgI=,0DrTN1XkS5dwUw/4ByEUK64rMuA=
149,-92,QCxQfSTrKmeOjPvyMNq5NmbvKgI=,0DrTN1XkS5dwUw/4ByEUK64rMuA=
146,-85,QCxQfSTrKmeOjPvyMNq5NmbvKgI=,XwWqbnO+/XLY4JSHKyLZ3AXyUEw=
149,-85,QCxQfSTrKmeOjPvyMNq5NmbvKgI=,XwWqbnO+/XLY4JSHKyLZ3AXyUEw=
147,-85,QCxQfSTrKmeOjPvyMNq5NmbvKgI=,XwWqbnO+/XLY4JSHKyLZ3AXyUEw=
150,-85,QCxQfSTrKmeOjPvyMNq5NmbvKgI=,XwWqbnO+/XLY4JSHKyLZ3AXyUEw=
146,-86,QCxQfSTrKmeOjPvyMNq5NmbvKgI=,XwWqbnO+/XLY4JSHKyLZ3AXyUEw=
147,-86,QCxQfSTrKmeOjPvyMNq5NmbvKgI=,XwWqbnO+/XLY4JSHKyLZ3AXyUEw=
150,-86,QCxQfSTrKmeOjPvyMNq5NmbvKgI=,XwWqbnO+/XLY4JSHKyLZ3AXyUEw=
148,-85,QCxQfSTrKmeOjPvyMNq5NmbvKgI=,XwWqbnO+/XLY4JSHKyLZ3AXyUEw=
151,-87,QCxQfSTrKmeOjPvyMNq5NmbvKgI=,XwWqbnO+/XLY4JSHKyLZ3AXyUEw=
148,-86,QCxQfSTrKmeOjPvyMNq5NmbvKgI=,XwWqbnO+/XLY4JSHKyLZ3AXyUEw=
149,-86,QCxQfSTrKmeOjPvyMNq5NmbvKgI=,XwWqbnO+/XLY4JSHKyLZ3AXyUEw=
146,-88,QCxQfSTrKmeOjPvyMNq5NmbvKgI=,XwWqbnO+/XLY4JSHKyLZ3AXyUEw=
151,-86,QCxQfSTrKmeOjPvyMNq5NmbvKgI=,XwWqbnO+/XLY4JSHKyLZ3AXyUEw=
151,-85,QCxQfSTrKmeOjPvyMNq5NmbvKgI=,XwWqbnO+/XLY4JSHKyLZ3AXyUEw=
145,-85,QCxQfSTrKmeOjPvyMNq5NmbvKgI=,XwWqbnO+/XLY4JSHKyLZ3AXyUEw=
144,-86,QCxQfSTrKmeOjPvyMNq5NmbvKgI=,XwWqbnO+/XLY4JSHKyLZ3AXyUEw=
144,-88,QCxQfSTrKmeOjPvyMNq5NmbvKgI=,XwWqbnO+/XLY4JSHKyLZ3AXyUEw=
145,-88,QCxQfSTrKmeOjPvyMNq5NmbvKgI=,XwWqbnO+/XLY4JSHKyLZ3AXyUEw=
144,-87,QCxQfSTrKmeOjPvyMNq5NmbvKgI=,XwWqbnO+/XLY4JSHKyLZ3AXyUEw=
144,-85,QCxQfSTrKmeOjPvyMNq5NmbvKgI=,XwWqbnO+/XLY4JSHKyLZ3AXyUEw=
144,-81,QCxQfSTrKmeOjPvyMNq5NmbvKgI=,XwWqbnO+/XLY4JSHKyLZ3AXyUEw=
145,-81,QCxQfSTrKmeOjPvyMNq5NmbvKgI=,XwWqbnO+/XLY4JSHKyLZ3AXyUEw=
144,-83,QCxQfSTrKmeOjPvyMNq5NmbvKgI=,XwWqbnO+/XLY4JSHKyLZ3AXyUEw=
145,-83,QCxQfSTrKmeOjPvyMNq5NmbvKgI=,XwWqbnO+/XLY4JSHKyLZ3AXyUEw=
147,-82,QCxQfSTrKmeOjPvyMNq5NmbvKgI=,XwWqbnO+/XLY4JSHKyLZ3AXyUEw=
146,-81,QCxQfSTrKmeOjPvyMNq5NmbvKgI=,XwWqbnO+/XLY4JSHKyLZ3AXyUEw=
147,-84,QCxQfSTrKmeOjPvyMNq5NmbvKgI=,XwWqbnO+/XLY4JSHKyLZ3AXyUEw=
146,-84,QCxQfSTrKmeOjPvyMNq5NmbvKgI=,XwWqbnO+/XLY4JSHKyLZ3AXyUEw=
147,-83,QCxQfSTrKmeOjPvyMNq5NmbvKgI=,XwWqbnO+/XLY4JSHKyLZ3AXyUEw=
145,-84,QCxQfSTrKmeOjPvyMNq5NmbvKgI=,XwWqbnO+/XLY4JSHKyLZ3AXyUEw=
145,-82,QCxQfSTrKmeOjPvyMNq5NmbvKgI=,XwWqbnO+/XLY4JSHKyLZ3AXyUEw=
146,-83,QCxQfSTrKmeOjPvyMNq5NmbvKgI=,XwWqbnO+/XLY4JSHKyLZ3AXyUEw=
146,-82,QCxQfSTrKmeOjPvyMNq5NmbvKgI=,XwWqbnO+/XLY4JSHKyLZ3AXyUEw=
144,-82,QCxQfSTrKmeOjPvyMNq5NmbvKgI=,XwWqbnO+/XLY4JSHKyLZ3AXyUEw=
144,-84,QCxQfSTrKmeOjPvyMNq5NmbvKgI=,XwWqbnO+/XLY4JSHKyLZ3AXyUEw=
147,-81,QCxQfSTrKmeOjPvyMNq5NmbvKgI=,XwWqbnO+/XLY4JSHKyLZ3AXyUEw=
152,-96,QCxQfSTrKmeOjPvyMNq5NmbvKgI=,BeGWhSZvcXdqgV8Qvo79CQknGrg=
148,-96,QCxQfSTrKmeOjPvyMNq5NmbvKgI=,0DrTN1XkS5dwUw/4ByEUK64rMuA=
149,-96,QCxQfSTrKmeOjPvyMNq5NmbvKgI=,0DrTN1XkS5dwUw/4ByEUK64rMuA=
150,-96,QCxQfSTrKmeOjPvyMNq5NmbvKgI=,0DrTN1XkS5dwUw/4ByEUK64rMuA=
151,-96,QCxQfSTrKmeOjPvyMNq5NmbvKgI=,0DrTN1XkS5dwUw/4ByEUK64rMuA=
144,-95,QCxQfSTrKmeOjPvyMNq5NmbvKgI=,0DrTN1XkS5dwUw/4ByEUK64rMuA=
148,-95,QCxQfSTrKmeOjPvyMNq5NmbvKgI=,0DrTN1XkS5dwUw/4ByEUK64rMuA=
147,-96,QCxQfSTrKmeOjPvyMNq5NmbvKgI=,0DrTN1XkS5dwUw/4ByEUK64rMuA=
149,-95,QCxQfSTrKmeOjPvyMNq5NmbvKgI=,0DrTN1XkS5dwUw/4ByEUK64rMuA=
146,-96,QCxQfSTrKmeOjPvyMNq5NmbvKgI=,0DrTN1XkS5dwUw/4ByEUK64rMuA=
153,-95,QCxQfSTrKmeOjPvyMNq5NmbvKgI=,BeGWhSZvcXdqgV8Qvo79CQknGrg=
145,-96,QCxQfSTrKmeOjPvyMNq5NmbvKgI=,0DrTN1XkS5dwUw/4ByEUK64rMuA=
144,-96,QCxQfSTrKmeOjPvyMNq5NmbvKgI=,0DrTN1XkS5dwUw/4ByEUK64rMuA=
150,-95,QCxQfSTrKmeOjPvyMNq5NmbvKgI=,0DrTN1XkS5dwUw/4ByEUK64rMuA=
152,-93,QCxQfSTrKmeOjPvyMNq5NmbvKgI=,BeGWhSZvcXdqgV8Qvo79CQknGrg=
154,-95,QCxQfSTrKmeOjPvyMNq5NmbvKgI=,BeGWhSZvcXdqgV8Qvo79CQknGrg=
153,-94,QCxQfSTrKmeOjPvyMNq5NmbvKgI=,BeGWhSZvcXdqgV8Qvo79CQknGrg=
145,-95,QCxQfSTrKmeOjPvyMNq5NmbvKgI=,0DrTN1XkS5dwUw/4ByEUK64rMuA=
155,-95,QCxQfSTrKmeOjPvyMNq5NmbvKgI=,BeGWhSZvcXdqgV8Qvo79CQknGrg=
151,-95,QCxQfSTrKmeOjPvyMNq5NmbvKgI=,0DrTN1XkS5dwUw/4ByEUK64rMuA=
144,-94,QCxQfSTrKmeOjPvyMNq5NmbvKgI=,0DrTN1XkS5dwUw/4ByEUK64rMuA=
154,-94,QCxQfSTrKmeOjPvyMNq5NmbvKgI=,BeGWhSZvcXdqgV8Qvo79CQknGrg=
152,-94,QCxQfSTrKmeOjPvyMNq5NmbvKgI=,BeGWhSZvcXdqgV8Qvo79CQknGrg=
153,-93,QCxQfSTrKmeOjPvyMNq5NmbvKgI=,BeGWhSZvcXdqgV8Qvo79CQknGrg=
154,-93,QCxQfSTrKmeOjPvyMNq5NmbvKgI=,BeGWhSZvcXdqgV8Qvo79CQknGrg=
153,-96,QCxQfSTrKmeOjPvyMNq5NmbvKgI=,BeGWhSZvcXdqgV8Qvo79CQknGrg=
155,-94,QCxQfSTrKmeOjPvyMNq5NmbvKgI=,BeGWhSZvcXdqgV8Qvo79CQknGrg=
155,-93,QCxQfSTrKmeOjPvyMNq5NmbvKgI=,BeGWhSZvcXdqgV8Qvo79CQknGrg=
145,-94,QCxQfSTrKmeOjPvyMNq5NmbvKgI=,0DrTN1XkS5dwUw/4ByEUK64rMuA=
146,-95,QCxQfSTrKmeOjPvyMNq5NmbvKgI=,0DrTN1XkS5dwUw/4ByEUK64rMuA=
154,-96,QCxQfSTrKmeOjPvyMNq5NmbvKgI=,BeGWhSZvcXdqgV8Qvo79CQknGrg=
146,-94,QCxQfSTrKmeOjPvyMNq5NmbvKgI=,0DrTN1XkS5dwUw/4ByEUK64rMuA=
147,-94,QCxQfSTrKmeOjPvyMNq5NmbvKgI=,0DrTN1XkS5dwUw/4ByEUK64rMuA=
152,-95,QCxQfSTrKmeOjPvyMNq5NmbvKgI=,BeGWhSZvcXdqgV8Qvo79CQknGrg=
155,-96,wTbkSw/yQcVR9PbsdohOWDd4N7I=,BeGWhSZvcXdqgV8Qvo79CQknGrg=
149,-94,wTbkSw/yQcVR9PbsdohOWDd4N7I=,0DrTN1XkS5dwUw/4ByEUK64rMuA=
150,-94,wTbkSw/yQcVR9PbsdohOWDd4N7I=,0DrTN1XkS5dwUw/4ByEUK64rMuA=
144,-93,wTbkSw/yQcVR9PbsdohOWDd4N7I=,0DrTN1XkS5dwUw/4ByEUK64rMuA=
151,-93,wTbkSw/yQcVR9PbsdohOWDd4N7I=,0DrTN1XkS5dwUw/4ByEUK64rMuA=
146,-93,wTbkSw/yQcVR9PbsdohOWDd4N7I=,0DrTN1XkS5dwUw/4ByEUK64rMuA=
147,-95,wTbkSw/yQcVR9PbsdohOWDd4N7I=,0DrTN1XkS5dwUw/4ByEUK64rMuA=
147,-93,wTbkSw/yQcVR9PbsdohOWDd4N7I=,0DrTN1XkS5dwUw/4ByEUK64rMuA=
148,-94,wTbkSw/yQcVR9PbsdohOWDd4N7I=,0DrTN1XkS5dwUw/4ByEUK64rMuA=
150,-93,wTbkSw/yQcVR9PbsdohOWDd4N7I=,0DrTN1XkS5dwUw/4ByEUK64rMuA=
148,-93,wTbkSw/yQcVR9PbsdohOWDd4N7I=,0DrTN1XkS5dwUw/4ByEUK64rMuA=
149,-93,wTbkSw/yQcVR9PbsdohOWDd4N7I=,0DrTN1XkS5dwUw/4ByEUK64rMuA=
145,-93,wTbkSw/yQcVR9PbsdohOWDd4N7I=,0DrTN1XkS5dwUw/4ByEUK64rMuA=
151,-94,wTbkSw/yQcVR9PbsdohOWDd4N7I=,0DrTN1XkS5dwUw/4ByEUK64rMuA=
159,-93,wTbkSw/yQcVR9PbsdohOWDd4N7I=,BeGWhSZvcXdqgV8Qvo79CQknGrg=
157,-93,wTbkSw/yQcVR9PbsdohOWDd4N7I=,BeGWhSZvcXdqgV8Qvo79CQknGrg=
158,-94,wTbkSw/yQcVR9PbsdohOWDd4N7I=,BeGWhSZvcXdqgV8Qvo79CQknGrg=
156,-94,wTbkSw/yQcVR9PbsdohOWDd4N7I=,BeGWhSZvcXdqgV8Qvo79CQknGrg=
157,-96,wTbkSw/yQcVR9PbsdohOWDd4N7I=,BeGWhSZvcXdqgV8Qvo79CQknGrg=
159,-96,wTbkSw/yQcVR9PbsdohOWDd4N7I=,BeGWhSZvcXdqgV8Qvo79CQknGrg=
156,-95,wTbkSw/yQcVR9PbsdohOWDd4N7I=,BeGWhSZvcXdqgV8Qvo79CQknGrg=
157,-94,wTbkSw/yQcVR9PbsdohOWDd4N7I=,BeGWhSZvcXdqgV8Qvo79CQknGrg=
156,-96,wTbkSw/yQcVR9PbsdohOWDd4N7I=,BeGWhSZvcXdqgV8Qvo79CQknGrg=
157,-95,wTbkSw/yQcVR9PbsdohOWDd4N7I=,BeGWhSZvcXdqgV8Qvo79CQknGrg=
159,-95,wTbkSw/yQcVR9PbsdohOWDd4N7I=,BeGWhSZvcXdqgV8Qvo79CQknGrg=
156,-93,wTbkSw/yQcVR9PbsdohOWDd4N7I=,BeGWhSZvcXdqgV8Qvo79CQknGrg=
158,-96,wTbkSw/yQcVR9PbsdohOWDd4N7I=,BeGWhSZvcXdqgV8Qvo79CQknGrg=
158,-95,wTbkSw/yQcVR9PbsdohOWDd4N7I=,BeGWhSZvcXdqgV8Qvo79CQknGrg=
158,-93,wTbkSw/yQcVR9PbsdohOWDd4N7I=,BeGWhSZvcXdqgV8Qvo79CQknGrg=
159,-94,wTbkSw/yQcVR9PbsdohOWDd4N7I=,BeGWhSZvcXdqgV8Qvo79CQknGrg=
159,-85,wTbkSw/yQcVR9PbsdohOWDd4N7I=,gbeUIJMC9HUE4cv+g6b2HLDRMmQ=
158,-85,wTbkSw/yQcVR9PbsdohOWDd4N7I=,gbeUIJMC9HUE4cv+g6b2HLDRMmQ=
157,-85,wTbkSw/yQcVR9PbsdohOWDd4N7I=,gbeUIJMC9HUE4cv+g6b2HLDRMmQ=
159,-86,wTbkSw/yQcVR9PbsdohOWDd4N7I=,gbeUIJMC9HUE4cv+g6b2HLDRMmQ=
156,-87,wTbkSw/yQcVR9PbsdohOWDd4N7I=,gbeUIJMC9HUE4cv+g6b2HLDRMmQ=
156,-85,wTbkSw/yQcVR9PbsdohOWDd4N7I=,gbeUIJMC9HUE4cv+g6b2HLDRMmQ=
157,-87,wTbkSw/yQcVR9PbsdohOWDd4N7I=,gbeUIJMC9HUE4cv+g6b2HLDRMmQ=
159,-89,wTbkSw/yQcVR9PbsdohOWDd4N7I=,BeGWhSZvcXdqgV8Qvo79CQknGrg=
156,-88,wTbkSw/yQcVR9PbsdohOWDd4N7I=,gbeUIJMC9HUE4cv+g6b2HLDRMmQ=
159,-90,wTbkSw/yQcVR9PbsdohOWDd4N7I=,BeGWhSZvcXdqgV8Qvo79CQknGrg=
157,-88,wTbkSw/yQcVR9PbsdohOWDd4N7I=,gbeUIJMC9HUE4cv+g6b2HLDRMmQ=
157,-86,wTbkSw/yQcVR9PbsdohOWDd4N7I=,gbeUIJMC9HUE4cv+g6b2HLDRMmQ=
157,-92,wTbkSw/yQcVR9PbsdohOWDd4N7I=,BeGWhSZvcXdqgV8Qvo79CQknGrg=
158,-92,wTbkSw/yQcVR9PbsdohOWDd4N7I=,BeGWhSZvcXdqgV8Qvo79CQknGrg=
156,-86,wTbkSw/yQcVR9PbsdohOWDd4N7I=,gbeUIJMC9HUE4cv+g6b2HLDRMmQ=
156,-92,wTbkSw/yQcVR9PbsdohOWDd4N7I=,BeGWhSZvcXdqgV8Qvo79CQknGrg=
158,-87,wTbkSw/yQcVR9PbsdohOWDd4N7I=,gbeUIJMC9HUE4cv+g6b2HLDRMmQ=
157,-81,wTbkSw/yQcVR9PbsdohOWDd4N7I=,gbeUIJMC9HUE4cv+g6b2HLDRMmQ=
151,-81,wTbkSw/yQcVR9PbsdohOWDd4N7I=,XwWqbnO+/XLY4JSHKyLZ3AXyUEw=
158,-86,wTbkSw/yQcVR9PbsdohOWDd4N7I=,gbeUIJMC9HUE4cv+g6b2HLDRMmQ=
148,-82,wTbkSw/yQcVR9PbsdohOWDd4N7I=,XwWqbnO+/XLY4JSHKyLZ3AXyUEw=
158,-88,wTbkSw/yQcVR9PbsdohOWDd4N7I=,gbeUIJMC9HUE4cv+g6b2HLDRMmQ=
149,-82,wTbkSw/yQcVR9PbsdohOWDd4N7I=,XwWqbnO+/XLY4JSHKyLZ3AXyUEw=
159,-88,wTbkSw/yQcVR9PbsdohOWDd4N7I=,gbeUIJMC9HUE4cv+g6b2HLDRMmQ=
158,-81,wTbkSw/yQcVR9PbsdohOWDd4N7I=,gbeUIJMC9HUE4cv+g6b2HLDRMmQ=
156,-91,wTbkSw/yQcVR9PbsdohOWDd4N7I=,BeGWhSZvcXdqgV8Qvo79CQknGrg=
159,-91,wTbkSw/yQcVR9PbsdohOWDd4N7I=,BeGWhSZvcXdqgV8Qvo79CQknGrg=
148,-81,wTbkSw/yQcVR9PbsdohOWDd4N7I=,XwWqbnO+/XLY4JSHKyLZ3AXyUEw=
150,-81,wTbkSw/yQcVR9PbsdohOWDd4N7I=,XwWqbnO+/XLY4JSHKyLZ3AXyUEw=
150,-82,wTbkSw/yQcVR9PbsdohOWDd4N7I=,XwWqbnO+/XLY4JSHKyLZ3AXyUEw=
149,-81,wTbkSw/yQcVR9PbsdohOWDd4N7I=,XwWqbnO+/XLY4JSHKyLZ3AXyUEw=
159,-81,wTbkSw/yQcVR9PbsdohOWDd4N7I=,gbeUIJMC9HUE4cv+g6b2HLDRMmQ=
148,-84,wTbkSw/yQcVR9PbsdohOWDd4N7I=,XwWqbnO+/XLY4JSHKyLZ3AXyUEw=
157,-91,wTbkSw/yQcVR9PbsdohOWDd4N7I=,BeGWhSZvcXdqgV8Qvo79CQknGrg=
158,-91,wTbkSw/yQcVR9PbsdohOWDd4N7I=,BeGWhSZvcXdqgV8Qvo79CQknGrg=
159,-87,wTbkSw/yQcVR9PbsdohOWDd4N7I=,gbeUIJMC9HUE4cv+g6b2HLDRMmQ=
156,-90,wTbkSw/yQcVR9PbsdohOWDd4N7I=,BeGWhSZvcXdqgV8Qvo79CQknGrg=
157,-90,wTbkSw/yQcVR9PbsdohOWDd4N7I=,BeGWhSZvcXdqgV8Qvo79CQknGrg=
151,-83,wTbkSw/yQcVR9PbsdohOWDd4N7I=,XwWqbnO+/XLY4JSHKyLZ3AXyUEw=
150,-84,wTbkSw/yQcVR9PbsdohOWDd4N7I=,XwWqbnO+/XLY4JSHKyLZ3AXyUEw=
149,-83,wTbkSw/yQcVR9PbsdohOWDd4N7I=,XwWqbnO+/XLY4JSHKyLZ3AXyUEw=
148,-83,wTbkSw/yQcVR9PbsdohOWDd4N7I=,XwWqbnO+/XLY4JSHKyLZ3AXyUEw=
150,-83,wTbkSw/yQcVR9PbsdohOWDd4N7I=,XwWqbnO+/XLY4JSHKyLZ3AXyUEw=
158,-84,wTbkSw/yQcVR9PbsdohOWDd4N7I=,gbeUIJMC9HUE4cv+g6b2HLDRMmQ=
156,-81,wTbkSw/yQcVR9PbsdohOWDd4N7I=,gbeUIJMC9HUE4cv+g6b2HLDRMmQ=
151,-84,wTbkSw/yQcVR9PbsdohOWDd4N7I=,XwWqbnO+/XLY4JSHKyLZ3AXyUEw=
159,-92,wTbkSw/yQcVR9PbsdohOWDd4N7I=,BeGWhSZvcXdqgV8Qvo79CQknGrg=
149,-84,wTbkSw/yQcVR9PbsdohOWDd4N7I=,XwWqbnO+/XLY4JSHKyLZ3AXyUEw=
158,-90,wTbkSw/yQcVR9PbsdohOWDd4N7I=,BeGWhSZvcXdqgV8Qvo79CQknGrg=
156,-89,wTbkSw/yQcVR9PbsdohOWDd4N7I=,BeGWhSZvcXdqgV8Qvo79CQknGrg=
151,-82,wTbkSw/yQcVR9PbsdohOWDd4N7I=,XwWqbnO+/XLY4JSHKyLZ3AXyUEw=
157,-89,wTbkSw/yQcVR9PbsdohOWDd4N7I=,BeGWhSZvcXdqgV8Qvo79CQknGrg=
158,-89,wTbkSw/yQcVR9PbsdohOWDd4N7I=,BeGWhSZvcXdqgV8Qvo79CQknGrg=
152,-82,wTbkSw/yQcVR9PbsdohOWDd4N7I=,gbeUIJMC9HUE4cv+g6b2HLDRMmQ=
155,-81,wTbkSw/yQcVR9PbsdohOWDd4N7I=,gbeUIJMC9HUE4cv+g6b2HLDRMmQ=
154,-82,wTbkSw/yQcVR9PbsdohOWDd4N7I=,gbeUIJMC9HUE4cv+g6b2HLDRMmQ=
157,-82,wTbkSw/yQcVR9PbsdohOWDd4N7I=,gbeUIJMC9HUE4cv+g6b2HLDRMmQ=
153,-82,wTbkSw/yQcVR9PbsdohOWDd4N7I=,gbeUIJMC9HUE4cv+g6b2HLDRMmQ=
155,-82,wTbkSw/yQcVR9PbsdohOWDd4N7I=,gbeUIJMC9HUE4cv+g6b2HLDRMmQ=
154,-83,wTbkSw/yQcVR9PbsdohOWDd4N7I=,gbeUIJMC9HUE4cv+g6b2HLDRMmQ=
156,-82,wTbkSw/yQcVR9PbsdohOWDd4N7I=,gbeUIJMC9HUE4cv+g6b2HLDRMmQ=
156,-83,wTbkSw/yQcVR9PbsdohOWDd4N7I=,gbeUIJMC9HUE4cv+g6b2HLDRMmQ=
154,-81,wTbkSw/yQcVR9PbsdohOWDd4N7I=,gbeUIJMC9HUE4cv+g6b2HLDRMmQ=
152,-83,wTbkSw/yQcVR9PbsdohOWDd4N7I=,gbeUIJMC9HUE4cv+g6b2HLDRMmQ=
157,-83,wTbkSw/yQcVR9PbsdohOWDd4N7I=,gbeUIJMC9HUE4cv+g6b2HLDRMmQ=
158,-83,wTbkSw/yQcVR9PbsdohOWDd4N7I=,gbeUIJMC9HUE4cv+g6b2HLDRMmQ=
152,-84,wTbkSw/yQcVR9PbsdohOWDd4N7I=,gbeUIJMC9HUE4cv+g6b2HLDRMmQ=
155,-83,wTbkSw/yQcVR9PbsdohOWDd4N7I=,gbeUIJMC9HUE4cv+g6b2HLDRMmQ=
158,-82,wTbkSw/yQcVR9PbsdohOWDd4N7I=,gbeUIJMC9HUE4cv+g6b2HLDRMmQ=
157,-84,wTbkSw/yQcVR9PbsdohOWDd4N7I=,gbeUIJMC9HUE4cv+g6b2HLDRMmQ=
153,-83,wTbkSw/yQcVR9PbsdohOWDd4N7I=,gbeUIJMC9HUE4cv+g6b2HLDRMmQ=
159,-82,wTbkSw/yQcVR9PbsdohOWDd4N7I=,gbeUIJMC9HUE4cv+g6b2HLDRMmQ=
153,-81,wTbkSw/yQcVR9PbsdohOWDd4N7I=,gbeUIJMC9HUE4cv+g6b2HLDRMmQ=
156,-84,wTbkSw/yQcVR9PbsdohOWDd4N7I=,gbeUIJMC9HUE4cv+g6b2HLDRMmQ=
159,-84,wTbkSw/yQcVR9PbsdohOWDd4N7I=,gbeUIJMC9HUE4cv+g6b2HLDRMmQ=
159,-83,wTbkSw/yQcVR9PbsdohOWDd4N7I=,gbeUIJMC9HUE4cv+g6b2HLDRMmQ=
152,-81,wTbkSw/yQcVR9PbsdohOWDd4N7I=,gbeUIJMC9HUE4cv+g6b2HLDRMmQ=
153,-84,wTbkSw/yQcVR9PbsdohOWDd4N7I=,gbeUIJMC9HUE4cv+g6b2HLDRMmQ=
154,-84,wTbkSw/yQcVR9PbsdohOWDd4N7I=,gbeUIJMC9HUE4cv+g6b2HLDRMmQ=
155,-84,wTbkSw/yQcVR9PbsdohOWDd4N7I=,gbeUIJMC9HUE4cv+g6b2HLDRMmQ=
132,-88,u+x51klE+Cg7DZd/h7PUZJTmLXM=,0axR05O2Gmi8Vuc4fMQfr1j2GMg=
136,-90,u+x51klE+Cg7DZd/h7PUZJTmLXM=,OI9JDAGTfm9/Ii/Bh2nSgxbkCg0=
138,-91,u+x51klE+Cg7DZd/h7PUZJTmLXM=,OI9JDAGTfm9/Ii/Bh2nSgxbkCg0=
137,-91,u+x51klE+Cg7DZd/h7PUZJTmLXM=,OI9JDAGTfm9/Ii/Bh2nSgxbkCg0=
133,-87,u+x51klE+Cg7DZd/h7PUZJTmLXM=,0axR05O2Gmi8Vuc4fMQfr1j2GMg=
132,-87,u+x51klE+Cg7DZd/h7PUZJTmLXM=,0axR05O2Gmi8Vuc4fMQfr1j2GMg=
136,-91,u+x51klE+Cg7DZd/h7PUZJTmLXM=,OI9JDAGTfm9/Ii/Bh2nSgxbkCg0=
137,-92,u+x51klE+Cg7DZd/h7PUZJTmLXM=,OI9JDAGTfm9/Ii/Bh2nSgxbkCg0=
134,-87,u+x51klE+Cg7DZd/h7PUZJTmLXM=,0axR05O2Gmi8Vuc4fMQfr1j2GMg=
136,-88,u+x51klE+Cg7DZd/h7PUZJTmLXM=,VVpLq33aUyr0okpAv/4N8EvnE04=
138,-92,u+x51klE+Cg7DZd/h7PUZJTmLXM=,OI9JDAGTfm9/Ii/Bh2nSgxbkCg0=
134,-86,u+x51klE+Cg7DZd/h7PUZJTmLXM=,0axR05O2Gmi8Vuc4fMQfr1j2GMg=
139,-92,u+x51klE+Cg7DZd/h7PUZJTmLXM=,OI9JDAGTfm9/Ii/Bh2nSgxbkCg0=
133,-86,u+x51klE+Cg7DZd/h7PUZJTmLXM=,0axR05O2Gmi8Vuc4fMQfr1j2GMg=
132,-86,u+x51klE+Cg7DZd/h7PUZJTmLXM=,0axR05O2Gmi8Vuc4fMQfr1j2GMg=
135,-89,u+x51klE+Cg7DZd/h7PUZJTmLXM=,+J31IwdYKFtrm6BbPynnk5rLDlQ=
137,-89,u+x51klE+Cg7DZd/h7PUZJTmLXM=,OI9JDAGTfm9/Ii/Bh2nSgxbkCg0=
139,-91,u+x51klE+Cg7DZd/h7PUZJTmLXM=,OI9JDAGTfm9/Ii/Bh2nSgxbkCg0=
139,-90,u+x51klE+Cg7DZd/h7PUZJTmLXM=,OI9JDAGTfm9/Ii/Bh2nSgxbkCg0=
133,-89,u+x51klE+Cg7DZd/h7PUZJTmLXM=,+J31IwdYKFtrm6BbPynnk5rLDlQ=
135,-85,u+x51klE+Cg7DZd/h7PUZJTmLXM=,0axR05O2Gmi8Vuc4fMQfr1j2GMg=
138,-89,u+x51klE+Cg7DZd/h7PUZJTmLXM=,OI9JDAGTfm9/Ii/Bh2nSgxbkCg0=
137,-90,u+x51klE+Cg7DZd/h7PUZJTmLXM=,OI9JDAGTfm9/Ii/Bh2nSgxbkCg0=
138,-90,u+x51klE+Cg7DZd/h7PUZJTmLXM=,OI9JDAGTfm9/Ii/Bh2nSgxbkCg0=
136,-92,u+x51klE+Cg7DZd/h7PUZJTmLXM=,OI9JDAGTfm9/Ii/Bh2nSgxbkCg0=
132,-89,u+x51klE+Cg7DZd/h7PUZJTmLXM=,+J31IwdYKFtrm6BbPynnk5rLDlQ=
135,-90,u+x51klE+Cg7DZd/h7PUZJTmLXM=,+J31IwdYKFtrm6BbPynnk5rLDlQ=
133,-92,u+x51klE+Cg7DZd/h7PUZJTmLXM=,+J31IwdYKFtrm6BbPynnk5rLDlQ=
139,-89,u+x51klE+Cg7DZd/h7PUZJTmLXM=,OI9JDAGTfm9/Ii/Bh2nSgxbkCg0=
134,-89,u+x51klE+Cg7DZd/h7PUZJTmLXM=,+J31IwdYKFtrm6BbPynnk5rLDlQ=
134,-90,u+x51klE+Cg7DZd/h7PUZJTmLXM=,+J31IwdYKFtrm6BbPynnk5rLDlQ=
132,-90,u+x51klE+Cg7DZd/h7PUZJTmLXM=,+J31IwdYKFtrm6BbPynnk5rLDlQ=
133,-90,u+x51klE+Cg7DZd/h7PUZJTmLXM=,+J31IwdYKFtrm6BbPynnk5rLDlQ=
139,-88,u+x51klE+Cg7DZd/h7PUZJTmLXM=,VVpLq33aUyr0okpAv/4N8EvnE04=
134,-91,u+x51klE+Cg7DZd/h7PUZJTmLXM=,+J31IwdYKFtrm6BbPynnk5rLDlQ=
132,-85,u+x51klE+Cg7DZd/h7PUZJTmLXM=,0axR05O2Gmi8Vuc4fMQfr1j2GMg=
135,-88,u+x51klE+Cg7DZd/h7PUZJTmLXM=,0axR05O2Gmi8Vuc4fMQfr1j2GMg=
133,-91,u+x51klE+Cg7DZd/h7PUZJTmLXM=,+J31IwdYKFtrm6BbPynnk5rLDlQ=
135,-86,u+x51klE+Cg7DZd/h7PUZJTmLXM=,0axR05O2Gmi8Vuc4fMQfr1j2GMg=
132,-92,u+x51klE+Cg7DZd/h7PUZJTmLXM=,+J31IwdYKFtrm6BbPynnk5rLDlQ=
132,-91,u+x51klE+Cg7DZd/h7PUZJTmLXM=,+J31IwdYKFtrm6BbPynnk5rLDlQ=
133,-85,u+x51klE+Cg7DZd/h7PUZJTmLXM=,0axR05O2Gmi8Vuc4fMQfr1j2GMg=
135,-91,u+x51klE+Cg7DZd/h7PUZJTmLXM=,+J31IwdYKFtrm6BbPynnk5rLDlQ=
135,-92,u+x51klE+Cg7DZd/h7PUZJTmLXM=,+J31IwdYKFtrm6BbPynnk5rLDlQ=
136,-89,u+x51klE+Cg7DZd/h7PUZJTmLXM=,OI9JDAGTfm9/Ii/Bh2nSgxbkCg0=
138,-88,u+x51klE+Cg7DZd/h7PUZJTmLXM=,VVpLq33aUyr0okpAv/4N8EvnE04=
136,-85,u+x51klE+Cg7DZd/h7PUZJTmLXM=,VVpLq33aUyr0okpAv/4N8EvnE04=
135,-87,u+x51klE+Cg7DZd/h7PUZJTmLXM=,0axR05O2Gmi8Vuc4fMQfr1j2GMg=
134,-92,u+x51klE+Cg7DZd/h7PUZJTmLXM=,+J31IwdYKFtrm6BbPynnk5rLDlQ=
136,-86,u+x51klE+Cg7DZd/h7PUZJTmLXM=,VVpLq33aUyr0okpAv/4N8EvnE04=
133,-88,u+x51klE+Cg7DZd/h7PUZJTmLXM=,0axR05O2Gmi8Vuc4fMQfr1j2GMg=
134,-85,u+x51klE+Cg7DZd/h7PUZJTmLXM=,0axR05O2Gmi8Vuc4fMQfr1j2GMg=
134,-88,u+x51klE+Cg7DZd/h7PUZJTmLXM=,0axR05O2Gmi8Vuc4fMQfr1j2GMg=
136,-87,u+x51klE+Cg7DZd/h7PUZJTmLXM=,VVpLq33aUyr0okpAv/4N8EvnE04=
137,-88,u+x51klE+Cg7DZd/h7PUZJTmLXM=,VVpLq33aUyr0okpAv/4N8EvnE04=
137,-86,u+x51klE+Cg7DZd/h7PUZJTmLXM=,VVpLq33aUyr0okpAv/4N8EvnE04=
137,-85,u+x51klE+Cg7DZd/h7PUZJTmLXM=,VVpLq33aUyr0okpAv/4N8EvnE04=
137,-87,u+x51klE+Cg7DZd/h7PUZJTmLXM=,VVpLq33aUyr0okpAv/4N8EvnE04=
138,-85,u+x51klE+Cg7DZd/h7PUZJTmLXM=,VVpLq33aUyr0okpAv/4N8EvnE04=
138,-87,u+x51klE+Cg7DZd/h7PUZJTmLXM=,VVpLq33aUyr0okpAv/4N8EvnE04=
139,-85,u+x51klE+Cg7DZd/h7PUZJTmLXM=,VVpLq33aUyr0okpAv/4N8EvnE04=
138,-86,u+x51klE+Cg7DZd/h7PUZJTmLXM=,VVpLq33aUyr0okpAv/4N8EvnE04=
139,-87,u+x51klE+Cg7DZd/h7PUZJTmLXM=,VVpLq33aUyr0okpAv/4N8EvnE04=
139,-86,u+x51klE+Cg7DZd/h7PUZJTmLXM=,VVpLq33aUyr0okpAv/4N8EvnE04=
128,-89,Jez8FEVz8ONfDidwvoXcLT6M9+c=,+J31IwdYKFtrm6BbPynnk5rLDlQ=
128,-91,Jez8FEVz8ONfDidwvoXcLT6M9+c=,+J31IwdYKFtrm6BbPynnk5rLDlQ=
129,-85,Jez8FEVz8ONfDidwvoXcLT6M9+c=,0axR05O2Gmi8Vuc4fMQfr1j2GMg=
128,-85,Jez8FEVz8ONfDidwvoXcLT6M9+c=,0axR05O2Gmi8Vuc4fMQfr1j2GMg=
128,-90,Jez8FEVz8ONfDidwvoXcLT6M9+c=,+J31IwdYKFtrm6BbPynnk5rLDlQ=
129,-86,Jez8FEVz8ONfDidwvoXcLT6M9+c=,0axR05O2Gmi8Vuc4fMQfr1j2GMg=
128,-86,Jez8FEVz8ONfDidwvoXcLT6M9+c=,0axR05O2Gmi8Vuc4fMQfr1j2GMg=
130,-85,Jez8FEVz8ONfDidwvoXcLT6M9+c=,0axR05O2Gmi8Vuc4fMQfr1j2GMg=
128,-87,Jez8FEVz8ONfDidwvoXcLT6M9+c=,0axR05O2Gmi8Vuc4fMQfr1j2GMg=
130,-86,Jez8FEVz8ONfDidwvoXcLT6M9+c=,0axR05O2Gmi8Vuc4fMQfr1j2GMg=
129,-87,Jez8FEVz8ONfDidwvoXcLT6M9+c=,0axR05O2Gmi8Vuc4fMQfr1j2GMg=
131,-85,Jez8FEVz8ONfDidwvoXcLT6M9+c=,0axR05O2Gmi8Vuc4fMQfr1j2GMg=
131,-86,Jez8FEVz8ONfDidwvoXcLT6M9+c=,0axR05O2Gmi8Vuc4fMQfr1j2GMg=
131,-89,Jez8FEVz8ONfDidwvoXcLT6M9+c=,+J31IwdYKFtrm6BbPynnk5rLDlQ=
130,-87,Jez8FEVz8ONfDidwvoXcLT6M9+c=,0axR05O2Gmi8Vuc4fMQfr1j2GMg=
130,-89,Jez8FEVz8ONfDidwvoXcLT6M9+c=,+J31IwdYKFtrm6BbPynnk5rLDlQ=
131,-87,Jez8FEVz8ONfDidwvoXcLT6M9+c=,0axR05O2Gmi8Vuc4fMQfr1j2GMg=
129,-89,Jez8FEVz8ONfDidwvoXcLT6M9+c=,+J31IwdYKFtrm6BbPynnk5rLDlQ=
131,-88,Jez8FEVz8ONfDidwvoXcLT6M9+c=,0axR05O2Gmi8Vuc4fMQfr1j2GMg=
128,-92,Jez8FEVz8ONfDidwvoXcLT6M9+c=,+J31IwdYKFtrm6BbPynnk5rLDlQ=
131,-90,Jez8FEVz8ONfDidwvoXcLT6M9+c=,+J31IwdYKFtrm6BbPynnk5rLDlQ=
130,-90,Jez8FEVz8ONfDidwvoXcLT6M9+c=,+J31IwdYKFtrm6BbPynnk5rLDlQ=
129,-88,Jez8FEVz8ONfDidwvoXcLT6M9+c=,0axR05O2Gmi8Vuc4fMQfr1j2GMg=
131,-91,Jez8FEVz8ONfDidwvoXcLT6M9+c=,+J31IwdYKFtrm6BbPynnk5rLDlQ=
131,-92,Jez8FEVz8ONfDidwvoXcLT6M9+c=,+J31IwdYKFtrm6BbPynnk5rLDlQ=
129,-91,Jez8FEVz8ONfDidwvoXcLT6M9+c=,+J31IwdYKFtrm6BbPynnk5rLDlQ=
128,-88,Jez8FEVz8ONfDidwvoXcLT6M9+c=,0axR05O2Gmi8Vuc4fMQfr1j2GMg=
130,-91,Jez8FEVz8ONfDidwvoXcLT6M9+c=,+J31IwdYKFtrm6BbPynnk5rLDlQ=
129,-90,Jez8FEVz8ONfDidwvoXcLT6M9+c=,+J31IwdYKFtrm6BbPynnk5rLDlQ=
130,-92,Jez8FEVz8ONfDidwvoXcLT6M9+c=,+J31IwdYKFtrm6BbPynnk5rLDlQ=
129,-92,Jez8FEVz8ONfDidwvoXcLT6M9+c=,+J31IwdYKFtrm6BbPynnk5rLDlQ=
130,-88,Jez8FEVz8ONfDidwvoXcLT6M9+c=,0axR05O2Gmi8Vuc4fMQfr1j2GMg=
134,-96,Jez8FEVz8ONfDidwvoXcLT6M9+c=,+J31IwdYKFtrm6BbPynnk5rLDlQ=
134,-95,Jez8FEVz8ONfDidwvoXcLT6M9+c=,+J31IwdYKFtrm6BbPynnk5rLDlQ=
133,-96,Jez8FEVz8ONfDidwvoXcLT6M9+c=,+J31IwdYKFtrm6BbPynnk5rLDlQ=
133,-93,Jez8FEVz8ONfDidwvoXcLT6M9+c=,+J31IwdYKFtrm6BbPynnk5rLDlQ=
135,-93,Jez8FEVz8ONfDidwvoXcLT6M9+c=,+J31IwdYKFtrm6BbPynnk5rLDlQ=
132,-93,Jez8FEVz8ONfDidwvoXcLT6M9+c=,+J31IwdYKFtrm6BbPynnk5rLDlQ=
133,-95,Jez8FEVz8ONfDidwvoXcLT6M9+c=,+J31IwdYKFtrm6BbPynnk5rLDlQ=
134,-94,Jez8FEVz8ONfDidwvoXcLT6M9+c=,+J31IwdYKFtrm6BbPynnk5rLDlQ=
132,-96,Jez8FEVz8ONfDidwvoXcLT6M9+c=,+J31IwdYKFtrm6BbPynnk5rLDlQ=
135,-94,Jez8FEVz8ONfDidwvoXcLT6M9+c=,+J31IwdYKFtrm6BbPynnk5rLDlQ=
133,-94,Jez8FEVz8ONfDidwvoXcLT6M9+c=,+J31IwdYKFtrm6BbPynnk5rLDlQ=
134,-93,Jez8FEVz8ONfDidwvoXcLT6M9+c=,+J31IwdYKFtrm6BbPynnk5rLDlQ=
132,-95,Jez8FEVz8ONfDidwvoXcLT6M9+c=,+J31IwdYKFtrm6BbPynnk5rLDlQ=
135,-95,Jez8FEVz8ONfDidwvoXcLT6M9+c=,+J31IwdYKFtrm6BbPynnk5rLDlQ=
136,-96,Jez8FEVz8ONfDidwvoXcLT6M9+c=,OI9JDAGTfm9/Ii/Bh2nSgxbkCg0=
132,-94,Jez8FEVz8ONfDidwvoXcLT6M9+c=,+J31IwdYKFtrm6BbPynnk5rLDlQ=
137,-95,Jez8FEVz8ONfDidwvoXcLT6M9+c=,OI9JDAGTfm9/Ii/Bh2nSgxbkCg0=
135,-96,Jez8FEVz8ONfDidwvoXcLT6M9+c=,+J31IwdYKFtrm6BbPynnk5rLDlQ=
137,-93,Jez8FEVz8ONfDidwvoXcLT6M9+c=,OI9JDAGTfm9/Ii/Bh2nSgxbkCg0=
138,-95,Jez8FEVz8ONfDidwvoXcLT6M9+c=,OI9JDAGTfm9/Ii/Bh2nSgxbkCg0=
138,-94,Jez8FEVz8ONfDidwvoXcLT6M9+c=,OI9JDAGTfm9/Ii/Bh2nSgxbkCg0=
139,-96,Jez8FEVz8ONfDidwvoXcLT6M9+c=,OI9JDAGTfm9/Ii/Bh2nSgxbkCg0=
139,-93,Jez8FEVz8ONfDidwvoXcLT6M9+c=,OI9JDAGTfm9/Ii/Bh2nSgxbkCg0=
139,-95,Jez8FEVz8ONfDidwvoXcLT6M9+c=,OI9JDAGTfm9/Ii/Bh2nSgxbkCg0=
136,-94,Jez8FEVz8ONfDidwvoXcLT6M9+c=,OI9JDAGTfm9/Ii/Bh2nSgxbkCg0=
136,-95,Jez8FEVz8ONfDidwvoXcLT6M9+c=,OI9JDAGTfm9/Ii/Bh2nSgxbkCg0=
136,-93,Jez8FEVz8ONfDidwvoXcLT6M9+c=,OI9JDAGTfm9/Ii/Bh2nSgxbkCg0=
137,-96,Jez8FEVz8ONfDidwvoXcLT6M9+c=,OI9JDAGTfm9/Ii/Bh2nSgxbkCg0=
143,-89,Jez8FEVz8ONfDidwvoXcLT6M9+c=,OI9JDAGTfm9/Ii/Bh2nSgxbkCg0=
143,-90,Jez8FEVz8ONfDidwvoXcLT6M9+c=,OI9JDAGTfm9/Ii/Bh2nSgxbkCg0=
143,-88,Jez8FEVz8ONfDidwvoXcLT6M9+c=,VVpLq33aUyr0okpAv/4N8EvnE04=
141,-95,Jez8FEVz8ONfDidwvoXcLT6M9+c=,OI9JDAGTfm9/Ii/Bh2nSgxbkCg0=
140,-95,Jez8FEVz8ONfDidwvoXcLT6M9+c=,OI9JDAGTfm9/Ii/Bh2nSgxbkCg0=
143,-96,Jez8FEVz8ONfDidwvoXcLT6M9+c=,OI9JDAGTfm9/Ii/Bh2nSgxbkCg0=
142,-95,Jez8FEVz8ONfDidwvoXcLT6M9+c=,OI9JDAGTfm9/Ii/Bh2nSgxbkCg0=
140,-94,Jez8FEVz8ONfDidwvoXcLT6M9+c=,OI9JDAGTfm9/Ii/Bh2nSgxbkCg0=
143,-92,Jez8FEVz8ONfDidwvoXcLT6M9+c=,OI9JDAGTfm9/Ii/Bh2nSgxbkCg0=
143,-91,Jez8FEVz8ONfDidwvoXcLT6M9+c=,OI9JDAGTfm9/Ii/Bh2nSgxbkCg0=
137,-94,Jez8FEVz8ONfDidwvoXcLT6M9+c=,OI9JDAGTfm9/Ii/Bh2nSgxbkCg0=
141,-94,Jez8FEVz8ONfDidwvoXcLT6M9+c=,OI9JDAGTfm9/Ii/Bh2nSgxbkCg0=
143,-93,Jez8FEVz8ONfDidwvoXcLT6M9+c=,OI9JDAGTfm9/Ii/Bh2nSgxbkCg0=
142,-94,Jez8FEVz8ONfDidwvoXcLT6M9+c=,OI9JDAGTfm9/Ii/Bh2nSgxbkCg0=
141,-87,Jez8FEVz8ONfDidwvoXcLT6M9+c=,VVpLq33aUyr0okpAv/4N8EvnE04=
138,-96,Jez8FEVz8ONfDidwvoXcLT6M9+c=,OI9JDAGTfm9/Ii/Bh2nSgxbkCg0=
140,-87,Jez8FEVz8ONfDidwvoXcLT6M9+c=,VVpLq33aUyr0okpAv/4N8EvnE04=
141,-93,Jez8FEVz8ONfDidwvoXcLT6M9+c=,OI9JDAGTfm9/Ii/Bh2nSgxbkCg0=
142,-93,Jez8FEVz8ONfDidwvoXcLT6M9+c=,OI9JDAGTfm9/Ii/Bh2nSgxbkCg0=
142,-87,Jez8FEVz8ONfDidwvoXcLT6M9+c=,VVpLq33aUyr0okpAv/4N8EvnE04=
143,-86,Jez8FEVz8ONfDidwvoXcLT6M9+c=,VVpLq33aUyr0okpAv/4N8EvnE04=
140,-85,Jez8FEVz8ONfDidwvoXcLT6M9+c=,VVpLq33aUyr0okpAv/4N8EvnE04=
140,-93,Jez8FEVz8ONfDidwvoXcLT6M9+c=,OI9JDAGTfm9/Ii/Bh2nSgxbkCg0=
143,-94,Jez8FEVz8ONfDidwvoXcLT6M9+c=,OI9JDAGTfm9/Ii/Bh2nSgxbkCg0=
140,-92,Jez8FEVz8ONfDidwvoXcLT6M9+c=,OI9JDAGTfm9/Ii/Bh2nSgxbkCg0=
142,-85,Jez8FEVz8ONfDidwvoXcLT6M9+c=,VVpLq33aUyr0okpAv/4N8EvnE04=
141,-92,Jez8FEVz8ONfDidwvoXcLT6M9+c=,OI9JDAGTfm9/Ii/Bh2nSgxbkCg0=
142,-92,Jez8FEVz8ONfDidwvoXcLT6M9+c=,OI9JDAGTfm9/Ii/Bh2nSgxbkCg0=
140,-91,Jez8FEVz8ONfDidwvoXcLT6M9+c=,OI9JDAGTfm9/Ii/Bh2nSgxbkCg0=
140,-86,Jez8FEVz8ONfDidwvoXcLT6M9+c=,VVpLq33aUyr0okpAv/4N8EvnE04=
142,-86,Jez8FEVz8ONfDidwvoXcLT6M9+c=,VVpLq33aUyr0okpAv/4N8EvnE04=
141,-86,Jez8FEVz8ONfDidwvoXcLT6M9+c=,VVpLq33aUyr0okpAv/4N8EvnE04=
143,-95,Jez8FEVz8ONfDidwvoXcLT6M9+c=,OI9JDAGTfm9/Ii/Bh2nSgxbkCg0=
140,-90,Jez8FEVz8ONfDidwvoXcLT6M9+c=,OI9JDAGTfm9/Ii/Bh2nSgxbkCg0=
142,-91,Jez8FEVz8ONfDidwvoXcLT6M9+c=,OI9JDAGTfm9/Ii/Bh2nSgxbkCg0=
141,-90,Jez8FEVz8ONfDidwvoXcLT6M9+c=,OI9JDAGTfm9/Ii/Bh2nSgxbkCg0=
141,-85,Jez8FEVz8ONfDidwvoXcLT6M9+c=,VVpLq33aUyr0okpAv/4N8EvnE04=
140,-88,Jez8FEVz8ONfDidwvoXcLT6M9+c=,VVpLq33aUyr0okpAv/4N8EvnE04=
143,-85,Jez8FEVz8ONfDidwvoXcLT6M9+c=,VVpLq33aUyr0okpAv/4N8EvnE04=
142,-90,Jez8FEVz8ONfDidwvoXcLT6M9+c=,OI9JDAGTfm9/Ii/Bh2nSgxbkCg0=
142,-89,Jez8FEVz8ONfDidwvoXcLT6M9+c=,OI9JDAGTfm9/Ii/Bh2nSgxbkCg0=
141,-89,Jez8FEVz8ONfDidwvoXcLT6M9+c=,OI9JDAGTfm9/Ii/Bh2nSgxbkCg0=
140,-96,Jez8FEVz8ONfDidwvoXcLT6M9+c=,OI9JDAGTfm9/Ii/Bh2nSgxbkCg0=
142,-88,Jez8FEVz8ONfDidwvoXcLT6M9+c=,VVpLq33aUyr0okpAv/4N8EvnE04=
143,-87,Jez8FEVz8ONfDidwvoXcLT6M9+c=,VVpLq33aUyr0okpAv/4N8EvnE04=
140,-89,Jez8FEVz8ONfDidwvoXcLT6M9+c=,OI9JDAGTfm9/Ii/Bh2nSgxbkCg0=
142,-96,Jez8FEVz8ONfDidwvoXcLT6M9+c=,OI9JDAGTfm9/Ii/Bh2nSgxbkCg0=
128,-96,Jez8FEVz8ONfDidwvoXcLT6M9+c=,+J31IwdYKFtrm6BbPynnk5rLDlQ=
130,-94,Jez8FEVz8ONfDidwvoXcLT6M9+c=,+J31IwdYKFtrm6BbPynnk5rLDlQ=
141,-88,Jez8FEVz8ONfDidwvoXcLT6M9+c=,VVpLq33aUyr0okpAv/4N8EvnE04=
131,-95,Jez8FEVz8ONfDidwvoXcLT6M9+c=,+J31IwdYKFtrm6BbPynnk5rLDlQ=
141,-96,Jez8FEVz8ONfDidwvoXcLT6M9+c=,OI9JDAGTfm9/Ii/Bh2nSgxbkCg0=
131,-93,Jez8FEVz8ONfDidwvoXcLT6M9+c=,+J31IwdYKFtrm6BbPynnk5rLDlQ=
129,-95,Jez8FEVz8ONfDidwvoXcLT6M9+c=,+J31IwdYKFtrm6BbPynnk5rLDlQ=
129,-94,Jez8FEVz8ONfDidwvoXcLT6M9+c=,+J31IwdYKFtrm6BbPynnk5rLDlQ=
130,-93,Jez8FEVz8ONfDidwvoXcLT6M9+c=,+J31IwdYKFtrm6BbPynnk5rLDlQ=
129,-93,Jez8FEVz8ONfDidwvoXcLT6M9+c=,+J31IwdYKFtrm6BbPynnk5rLDlQ=
141,-91,Jez8FEVz8ONfDidwvoXcLT6M9+c=,OI9JDAGTfm9/Ii/Bh2nSgxbkCg0=
130,-95,Jez8FEVz8ONfDidwvoXcLT6M9+c=,+J31IwdYKFtrm6BbPynnk5rLDlQ=
128,-93,Jez8FEVz8ONfDidwvoXcLT6M9+c=,+J31IwdYKFtrm6BbPynnk5rLDlQ=
128,-95,Jez8FEVz8ONfDidwvoXcLT6M9+c=,+J31IwdYKFtrm6BbPynnk5rLDlQ=
138,-93,Jez8FEVz8ONfDidwvoXcLT6M9+c=,OI9JDAGTfm9/Ii/Bh2nSgxbkCg0=
129,-96,Jez8FEVz8ONfDidwvoXcLT6M9+c=,+J31IwdYKFtrm6BbPynnk5rLDlQ=
131,-96,Jez8FEVz8ONfDidwvoXcLT6M9+c=,+J31IwdYKFtrm6BbPynnk5rLDlQ=
131,-94,Jez8FEVz8ONfDidwvoXcLT6M9+c=,+J31IwdYKFtrm6BbPynnk5rLDlQ=
130,-96,Jez8FEVz8ONfDidwvoXcLT6M9+c=,+J31IwdYKFtrm6BbPynnk5rLDlQ=
128,-94,Jez8FEVz8ONfDidwvoXcLT6M9+c=,+J31IwdYKFtrm6BbPynnk5rLDlQ=
139,-94,Jez8FEVz8ONfDidwvoXcLT6M9+c=,OI9JDAGTfm9/Ii/Bh2nSgxbkCg0=
128,-81,Jez8FEVz8ONfDidwvoXcLT6M9+c=,0axR05O2Gmi8Vuc4fMQfr1j2GMg=
130,-81,Jez8FEVz8ONfDidwvoXcLT6M9+c=,0axR05O2Gmi8Vuc4fMQfr1j2GMg=
131,-83,Jez8FEVz8ONfDidwvoXcLT6M9+c=,0axR05O2Gmi8Vuc4fMQfr1j2GMg=
131,-81,Jez8FEVz8ONfDidwvoXcLT6M9+c=,0axR05O2Gmi8Vuc4fMQfr1j2GMg=
131,-84,Jez8FEVz8ONfDidwvoXcLT6M9+c=,0axR05O2Gmi8Vuc4fMQfr1j2GMg=
130,-82,Jez8FEVz8ONfDidwvoXcLT6M9+c=,0axR05O2Gmi8Vuc4fMQfr1j2GMg=
128,-84,Jez8FEVz8ONfDidwvoXcLT6M9+c=,0axR05O2Gmi8Vuc4fMQfr1j2GMg=
129,-82,Jez8FEVz8ONfDidwvoXcLT6M9+c=,0axR05O2Gmi8Vuc4fMQfr1j2GMg=
129,-81,Jez8FEVz8ONfDidwvoXcLT6M9+c=,0axR05O2Gmi8Vuc4fMQfr1j2GMg=
129,-83,Jez8FEVz8ONfDidwvoXcLT6M9+c=,0axR05O2Gmi8Vuc4fMQfr1j2GMg=
131,-82,Jez8FEVz8ONfDidwvoXcLT6M9+c=,0axR05O2Gmi8Vuc4fMQfr1j2GMg=
130,-84,Jez8FEVz8ONfDidwvoXcLT6M9+c=,0axR05O2Gmi8Vuc4fMQfr1j2GMg=
130,-83,Jez8FEVz8ONfDidwvoXcLT6M9+c=,0axR05O2Gmi8Vuc4fMQfr1j2GMg=
128,-83,Jez8FEVz8ONfDidwvoXcLT6M9+c=,0axR05O2Gmi8Vuc4fMQfr1j2GMg=
129,-84,Jez8FEVz8ONfDidwvoXcLT6M9+c=,0axR05O2Gmi8Vuc4fMQfr1j2GMg=
128,-82,Jez8FEVz8ONfDidwvoXcLT6M9+c=,0axR05O2Gmi8Vuc4fMQfr1j2GMg=
142,-83,Jez8FEVz8ONfDidwvoXcLT6M9+c=,VVpLq33aUyr0okpAv/4N8EvnE04=
137,-81,Jez8FEVz8ONfDidwvoXcLT6M9+c=,VVpLq33aUyr0okpAv/4N8EvnE04=
134,-81,Jez8FEVz8ONfDidwvoXcLT6M9+c=,0axR05O2Gmi8Vuc4fMQfr1j2GMg=
138,-81,Jez8FEVz8ONfDidwvoXcLT6M9+c=,VVpLq33aUyr0okpAv/4N8EvnE04=
135,-81,Jez8FEVz8ONfDidwvoXcLT6M9+c=,0axR05O2Gmi8Vuc4fMQfr1j2GMg=
134,-82,Jez8FEVz8ONfDidwvoXcLT6M9+c=,0axR05O2Gmi8Vuc4fMQfr1j2GMg=
132,-83,Jez8FEVz8ONfDidwvoXcLT6M9+c=,0axR05O2Gmi8Vuc4fMQfr1j2GMg=
132,-84,Jez8FEVz8ONfDidwvoXcLT6M9+c=,0axR05O2Gmi8Vuc4fMQfr1j2GMg=
133,-84,Jez8FEVz8ONfDidwvoXcLT6M9+c=,0axR05O2Gmi8Vuc4fMQfr1j2GMg=
133,-82,Jez8FEVz8ONfDidwvoXcLT6M9+c=,0axR05O2Gmi8Vuc4fMQfr1j2GMg=
133,-81,Jez8FEVz8ONfDidwvoXcLT6M9+c=,0axR05O2Gmi8Vuc4fMQfr1j2GMg=
134,-83,Jez8FEVz8ONfDidwvoXcLT6M9+c=,0axR05O2Gmi8Vuc4fMQfr1j2GMg=
132,-81,Jez8FEVz8ONfDidwvoXcLT6M9+c=,0axR05O2Gmi8Vuc4fMQfr1j2GMg=
141,-81,Jez8FEVz8ONfDidwvoXcLT6M9+c=,VVpLq33aUyr0okpAv/4N8EvnE04=
132,-82,Jez8FEVz8ONfDidwvoXcLT6M9+c=,0axR05O2Gmi8Vuc4fMQfr1j2GMg=
135,-82,Jez8FEVz8ONfDidwvoXcLT6M9+c=,0axR05O2Gmi8Vuc4fMQfr1j2GMg=
133,-83,Jez8FEVz8ONfDidwvoXcLT6M9+c=,0axR05O2Gmi8Vuc4fMQfr1j2GMg=
139,-82,Jez8FEVz8ONfDidwvoXcLT6M9+c=,VVpLq33aUyr0okpAv/4N8EvnE04=
136,-82,Jez8FEVz8ONfDidwvoXcLT6M9+c=,VVpLq33aUyr0okpAv/4N8EvnE04=
137,-82,Jez8FEVz8ONfDidwvoXcLT6M9+c=,VVpLq33aUyr0okpAv/4N8EvnE04=
138,-82,Jez8FEVz8ONfDidwvoXcLT6M9+c=,VVpLq33aUyr0okpAv/4N8EvnE04=
140,-82,Jez8FEVz8ONfDidwvoXcLT6M9+c=,VVpLq33aUyr0okpAv/4N8EvnE04=
141,-82,3wZ1jFGengDXh1QzWWKb9OP5eyE=,VVpLq33aUyr0okpAv/4N8EvnE04=
134,-84,3wZ1jFGengDXh1QzWWKb9OP5eyE=,0axR05O2Gmi8Vuc4fMQfr1j2GMg=
137,-84,3wZ1jFGengDXh1QzWWKb9OP5eyE=,VVpLq33aUyr0okpAv/4N8EvnE04=
142,-84,3wZ1jFGengDXh1QzWWKb9OP5eyE=,VVpLq33aUyr0okpAv/4N8EvnE04=
141,-83,3wZ1jFGengDXh1QzWWKb9OP5eyE=,VVpLq33aUyr0okpAv/4N8EvnE04=
143,-83,3wZ1jFGengDXh1QzWWKb9OP5eyE=,VVpLq33aUyr0okpAv/4N8EvnE04=
135,-83,3wZ1jFGengDXh1QzWWKb9OP5eyE=,0axR05O2Gmi8Vuc4fMQfr1j2GMg=
140,-83,3wZ1jFGengDXh1QzWWKb9OP5eyE=,VVpLq33aUyr0okpAv/4N8EvnE04=
142,-81,3wZ1jFGengDXh1QzWWKb9OP5eyE=,VVpLq33aUyr0okpAv/4N8EvnE04=
138,-83,3wZ1jFGengDXh1QzWWKb9OP5eyE=,VVpLq33aUyr0okpAv/4N8EvnE04=
143,-81,3wZ1jFGengDXh1QzWWKb9OP5eyE=,VVpLq33aUyr0okpAv/4N8EvnE04=
142,-82,3wZ1jFGengDXh1QzWWKb9OP5eyE=,VVpLq33aUyr0okpAv/4N8EvnE04=
139,-83,3wZ1jFGengDXh1QzWWKb9OP5eyE=,VVpLq33aUyr0okpAv/4N8EvnE04=
137,-83,3wZ1jFGengDXh1QzWWKb9OP5eyE=,VVpLq33aUyr0okpAv/4N8EvnE04=
143,-84,3wZ1jFGengDXh1QzWWKb9OP5eyE=,VVpLq33aUyr0okpAv/4N8EvnE04=
140,-81,3wZ1jFGengDXh1QzWWKb9OP5eyE=,VVpLq33aUyr0okpAv/4N8EvnE04=
138,-84,3wZ1jFGengDXh1QzWWKb9OP5eyE=,VVpLq33aUyr0okpAv/4N8EvnE04=
135,-84,3wZ1jFGengDXh1QzWWKb9OP5eyE=,0axR05O2Gmi8Vuc4fMQfr1j2GMg=
143,-82,3wZ1jFGengDXh1QzWWKb9OP5eyE=,VVpLq33aUyr0okpAv/4N8EvnE04=
139,-81,3wZ1jFGengDXh1QzWWKb9OP5eyE=,VVpLq33aUyr0okpAv/4N8EvnE04=
140,-84,3wZ1jFGengDXh1QzWWKb9OP5eyE=,VVpLq33aUyr0okpAv/4N8EvnE04=
136,-84,3wZ1jFGengDXh1QzWWKb9OP5eyE=,VVpLq33aUyr0okpAv/4N8EvnE04=
136,-81,3wZ1jFGengDXh1QzWWKb9OP5eyE=,VVpLq33aUyr0okpAv/4N8EvnE04=
141,-84,3wZ1jFGengDXh1QzWWKb9OP5eyE=,VVpLq33aUyr0okpAv/4N8EvnE04=
136,-83,3wZ1jFGengDXh1QzWWKb9OP5eyE=,VVpLq33aUyr0okpAv/4N8EvnE04=
139,-84,3wZ1jFGengDXh1QzWWKb9OP5eyE=,VVpLq33aUyr0okpAv/4N8EvnE04=
133,-71,XVSUYatUGea1jzdjmR86/HaTW5w=,z8pPMy6ooYAxOnce3X+y1dNz1MA=
137,-76,XVSUYatUGea1jzdjmR86/HaTW5w=,gn4HCrDAH7ryTB4PodTrRTo+vwA=
132,-71,XVSUYatUGea1jzdjmR86/HaTW5w=,z8pPMy6ooYAxOnce3X+y1dNz1MA=
134,-71,XVSUYatUGea1jzdjmR86/HaTW5w=,z8pPMy6ooYAxOnce3X+y1dNz1MA=
138,-76,XVSUYatUGea1jzdjmR86/HaTW5w=,gn4HCrDAH7ryTB4PodTrRTo+vwA=
134,-70,XVSUYatUGea1jzdjmR86/HaTW5w=,z8pPMy6ooYAxOnce3X+y1dNz1MA=
134,-73,XVSUYatUGea1jzdjmR86/HaTW5w=,SrV1O1DhzbfNmtEsjG3ateq19jo=
135,-73,XVSUYatUGea1jzdjmR86/HaTW5w=,SrV1O1DhzbfNmtEsjG3ateq19jo=
139,-76,XVSUYatUGea1jzdjmR86/HaTW5w=,gn4HCrDAH7ryTB4PodTrRTo+vwA=
133,-70,XVSUYatUGea1jzdjmR86/HaTW5w=,z8pPMy6ooYAxOnce3X+y1dNz1MA=
136,-72,XVSUYatUGea1jzdjmR86/HaTW5w=,6GZJl/aUc9H3kDD3kLpVGrjR/0g=
136,-73,XVSUYatUGea1jzdjmR86/HaTW5w=,gn4HCrDAH7ryTB4PodTrRTo+vwA=
132,-70,XVSUYatUGea1jzdjmR86/HaTW5w=,z8pPMy6ooYAxOnce3X+y1dNz1MA=
137,-75,XVSUYatUGea1jzdjmR86/HaTW5w=,gn4HCrDAH7ryTB4PodTrRTo+vwA=
133,-73,XVSUYatUGea1jzdjmR86/HaTW5w=,SrV1O1DhzbfNmtEsjG3ateq19jo=
135,-72,XVSUYatUGea1jzdjmR86/HaTW5w=,z8pPMy6ooYAxOnce3X+y1dNz1MA=
132,-69,XVSUYatUGea1jzdjmR86/HaTW5w=,z8pPMy6ooYAxOnce3X+y1dNz1MA=
138,-75,XVSUYatUGea1jzdjmR86/HaTW5w=,gn4HCrDAH7ryTB4PodTrRTo+vwA=
133,-69,XVSUYatUGea1jzdjmR86/HaTW5w=,z8pPMy6ooYAxOnce3X+y1dNz1MA=
132,-76,XVSUYatUGea1jzdjmR86/HaTW5w=,SrV1O1DhzbfNmtEsjG3ateq19jo=
139,-75,XVSUYatUGea1jzdjmR86/HaTW5w=,gn4HCrDAH7ryTB4PodTrRTo+vwA=
139,-74,XVSUYatUGea1jzdjmR86/HaTW5w=,gn4HCrDAH7ryTB4PodTrRTo+vwA=
138,-73,XVSUYatUGea1jzdjmR86/HaTW5w=,gn4HCrDAH7ryTB4PodTrRTo+vwA=
137,-74,XVSUYatUGea1jzdjmR86/HaTW5w=,gn4HCrDAH7ryTB4PodTrRTo+vwA=
138,-74,XVSUYatUGea1jzdjmR86/HaTW5w=,gn4HCrDAH7ryTB4PodTrRTo+vwA=
137,-72,XVSUYatUGea1jzdjmR86/HaTW5w=,6GZJl/aUc9H3kDD3kLpVGrjR/0g=
137,-73,XVSUYatUGea1jzdjmR86/HaTW5w=,gn4HCrDAH7ryTB4PodTrRTo+vwA=
134,-69,XVSUYatUGea1jzdjmR86/HaTW5w=,z8pPMy6ooYAxOnce3X+y1dNz1MA=
135,-70,XVSUYatUGea1jzdjmR86/HaTW5w=,z8pPMy6ooYAxOnce3X+y1dNz1MA=
136,-76,XVSUYatUGea1jzdjmR86/HaTW5w=,gn4HCrDAH7ryTB4PodTrRTo+vwA=
139,-73,XVSUYatUGea1jzdjmR86/HaTW5w=,gn4HCrDAH7ryTB4PodTrRTo+vwA=
135,-71,XVSUYatUGea1jzdjmR86/HaTW5w=,z8pPMy6ooYAxOnce3X+y1dNz1MA=
132,-73,XVSUYatUGea1jzdjmR86/HaTW5w=,SrV1O1DhzbfNmtEsjG3ateq19jo=
135,-69,XVSUYatUGea1jzdjmR86/HaTW5w=,z8pPMy6ooYAxOnce3X+y1dNz1MA=
134,-72,XVSUYatUGea1jzdjmR86/HaTW5w=,z8pPMy6ooYAxOnce3X+y1dNz1MA=
139,-72,XVSUYatUGea1jzdjmR86/HaTW5w=,6GZJl/aUc9H3kDD3kLpVGrjR/0g=
133,-74,XVSUYatUGea1jzdjmR86/HaTW5w=,SrV1O1DhzbfNmtEsjG3ateq19jo=
134,-74,XVSUYatUGea1jzdjmR86/HaTW5w=,SrV1O1DhzbfNmtEsjG3ateq19jo=
132,-74,XVSUYatUGea1jzdjmR86/HaTW5w=,SrV1O1DhzbfNmtEsjG3ateq19jo=
135,-74,XVSUYatUGea1jzdjmR86/HaTW5w=,SrV1O1DhzbfNmtEsjG3ateq19jo=
136,-74,XVSUYatUGea1jzdjmR86/HaTW5w=,gn4HCrDAH7ryTB4PodTrRTo+vwA=
133,-72,XVSUYatUGea1jzdjmR86/HaTW5w=,z8pPMy6ooYAxOnce3X+y1dNz1MA=
135,-75,XVSUYatUGea1jzdjmR86/HaTW5w=,SrV1O1DhzbfNmtEsjG3ateq19jo=
138,-70,XVSUYatUGea1jzdjmR86/HaTW5w=,6GZJl/aUc9H3kDD3kLpVGrjR/0g=
136,-75,XVSUYatUGea1jzdjmR86/HaTW5w=,gn4HCrDAH7ryTB4PodTrRTo+vwA=
134,-76,XVSUYatUGea1jzdjmR86/HaTW5w=,SrV1O1DhzbfNmtEsjG3ateq19jo=
133,-76,XVSUYatUGea1jzdjmR86/HaTW5w=,SrV1O1DhzbfNmtEsjG3ateq19jo=
139,-70,XVSUYatUGea1jzdjmR86/HaTW5w=,6GZJl/aUc9H3kDD3kLpVGrjR/0g=
135,-76,XVSUYatUGea1jzdjmR86/HaTW5w=,SrV1O1DhzbfNmtEsjG3ateq19jo=
132,-72,XVSUYatUGea1jzdjmR86/HaTW5w=,z8pPMy6ooYAxOnce3X+y1dNz1MA=
132,-75,XVSUYatUGea1jzdjmR86/HaTW5w=,SrV1O1DhzbfNmtEsjG3ateq19jo=
134,-75,XVSUYatUGea1jzdjmR86/HaTW5w=,SrV1O1DhzbfNmtEsjG3ateq19jo=
133,-75,XVSUYatUGea1jzdjmR86/HaTW5w=,SrV1O1DhzbfNmtEsjG3ateq19jo=
136,-71,XVSUYatUGea1jzdjmR86/HaTW5w=,6GZJl/aUc9H3kDD3kLpVGrjR/0g=
136,-70,XVSUYatUGea1jzdjmR86/HaTW5w=,6GZJl/aUc9H3kDD3kLpVGrjR/0g=
137,-69,XVSUYatUGea1jzdjmR86/HaTW5w=,6GZJl/aUc9H3kDD3kLpVGrjR/0g=
138,-69,XVSUYatUGea1jzdjmR86/HaTW5w=,6GZJl/aUc9H3kDD3kLpVGrjR/0g=
137,-70,XVSUYatUGea1jzdjmR86/HaTW5w=,6GZJl/aUc9H3kDD3kLpVGrjR/0g=
138,-72,XVSUYatUGea1jzdjmR86/HaTW5w=,6GZJl/aUc9H3kDD3kLpVGrjR/0g=
139,-69,XVSUYatUGea1jzdjmR86/HaTW5w=,6GZJl/aUc9H3kDD3kLpVGrjR/0g=
136,-69,XVSUYatUGea1jzdjmR86/HaTW5w=,6GZJl/aUc9H3kDD3kLpVGrjR/0g=
137,-71,XVSUYatUGea1jzdjmR86/HaTW5w=,6GZJl/aUc9H3kDD3kLpVGrjR/0g=
139,-71,XVSUYatUGea1jzdjmR86/HaTW5w=,6GZJl/aUc9H3kDD3kLpVGrjR/0g=
138,-71,XVSUYatUGea1jzdjmR86/HaTW5w=,6GZJl/aUc9H3kDD3kLpVGrjR/0g=
143,-77,XVSUYatUGea1jzdjmR86/HaTW5w=,gn4HCrDAH7ryTB4PodTrRTo+vwA=
141,-79,XVSUYatUGea1jzdjmR86/HaTW5w=,gn4HCrDAH7ryTB4PodTrRTo+vwA=
140,-79,XVSUYatUGea1jzdjmR86/HaTW5w=,gn4HCrDAH7ryTB4PodTrRTo+vwA=
142,-78,XVSUYatUGea1jzdjmR86/HaTW5w=,gn4HCrDAH7ryTB4PodTrRTo+vwA=
143,-80,XVSUYatUGea1jzdjmR86/HaTW5w=,gn4HCrDAH7ryTB4PodTrRTo+vwA=
140,-78,XVSUYatUGea1jzdjmR86/HaTW5w=,gn4HCrDAH7ryTB4PodTrRTo+vwA=
141,-78,XVSUYatUGea1jzdjmR86/HaTW5w=,gn4HCrDAH7ryTB4PodTrRTo+vwA=
140,-80,XVSUYatUGea1jzdjmR86/HaTW5w=,gn4HCrDAH7ryTB4PodTrRTo+vwA=
142,-77,XVSUYatUGea1jzdjmR86/HaTW5w=,gn4HCrDAH7ryTB4PodTrRTo+vwA=
142,-79,XVSUYatUGea1jzdjmR86/HaTW5w=,gn4HCrDAH7ryTB4PodTrRTo+vwA=
142,-80,XVSUYatUGea1jzdjmR86/HaTW5w=,gn4HCrDAH7ryTB4PodTrRTo+vwA=
143,-79,XVSUYatUGea1jzdjmR86/HaTW5w=,gn4HCrDAH7ryTB4PodTrRTo+vwA=
141,-80,XVSUYatUGea1jzdjmR86/HaTW5w=,gn4HCrDAH7ryTB4PodTrRTo+vwA=
141,-77,XVSUYatUGea1jzdjmR86/HaTW5w=,gn4HCrDAH7ryTB4PodTrRTo+vwA=
143,-78,XVSUYatUGea1jzdjmR86/HaTW5w=,gn4HCrDAH7ryTB4PodTrRTo+vwA=
140,-77,XVSUYatUGea1jzdjmR86/HaTW5w=,gn4HCrDAH7ryTB4PodTrRTo+vwA=
128,-73,XVSUYatUGea1jzdjmR86/HaTW5w=,SrV1O1DhzbfNmtEsjG3ateq19jo=
129,-70,XVSUYatUGea1jzdjmR86/HaTW5w=,z8pPMy6ooYAxOnce3X+y1dNz1MA=
131,-71,XVSUYatUGea1jzdjmR86/HaTW5w=,z8pPMy6ooYAxOnce3X+y1dNz1MA=
130,-70,XVSUYatUGea1jzdjmR86/HaTW5w=,z8pPMy6ooYAxOnce3X+y1dNz1MA=
130,-69,XVSUYatUGea1jzdjmR86/HaTW5w=,z8pPMy6ooYAxOnce3X+y1dNz1MA=
130,-71,XVSUYatUGea1jzdjmR86/HaTW5w=,z8pPMy6ooYAxOnce3X+y1dNz1MA=
131,-69,XVSUYatUGea1jzdjmR86/HaTW5w=,z8pPMy6ooYAxOnce3X+y1dNz1MA=
129,-72,XVSUYatUGea1jzdjmR86/HaTW5w=,z8pPMy6ooYAxOnce3X+y1dNz1MA=
129,-69,XVSUYatUGea1jzdjmR86/HaTW5w=,z8pPMy6ooYAxOnce3X+y1dNz1MA=
128,-69,XVSUYatUGea1jzdjmR86/HaTW5w=,z8pPMy6ooYAxOnce3X+y1dNz1MA=
131,-70,XVSUYatUGea1jzdjmR86/HaTW5w=,z8pPMy6ooYAxOnce3X+y1dNz1MA=
130,-73,2zatBPU0b9/J5rBaEcq1BBddM0w=,SrV1O1DhzbfNmtEsjG3ateq19jo=
130,-72,2zatBPU0b9/J5rBaEcq1BBddM0w=,z8pPMy6ooYAxOnce3X+y1dNz1MA=
128,-70,2zatBPU0b9/J5rBaEcq1BBddM0w=,z8pPMy6ooYAxOnce3X+y1dNz1MA=
129,-73,2zatBPU0b9/J5rBaEcq1BBddM0w=,SrV1O1DhzbfNmtEsjG3ateq19jo=
128,-74,2zatBPU0b9/J5rBaEcq1BBddM0w=,SrV1O1DhzbfNmtEsjG3ateq19jo=
130,-76,2zatBPU0b9/J5rBaEcq1BBddM0w=,SrV1O1DhzbfNmtEsjG3ateq19jo=
131,-73,2zatBPU0b9/J5rBaEcq1BBddM0w=,SrV1O1DhzbfNmtEsjG3ateq19jo=
136,-80,2zatBPU0b9/J5rBaEcq1BBddM0w=,gn4HCrDAH7ryTB4PodTrRTo+vwA=
129,-74,2zatBPU0b9/J5rBaEcq1BBddM0w=,SrV1O1DhzbfNmtEsjG3ateq19jo=
131,-76,2zatBPU0b9/J5rBaEcq1BBddM0w=,SrV1O1DhzbfNmtEsjG3ateq19jo=
129,-76,2zatBPU0b9/J5rBaEcq1BBddM0w=,SrV1O1DhzbfNmtEsjG3ateq19jo=
130,-74,2zatBPU0b9/J5rBaEcq1BBddM0w=,SrV1O1DhzbfNmtEsjG3ateq19jo=
131,-74,2zatBPU0b9/J5rBaEcq1BBddM0w=,SrV1O1DhzbfNmtEsjG3ateq19jo=
129,-71,2zatBPU0b9/J5rBaEcq1BBddM0w=,z8pPMy6ooYAxOnce3X+y1dNz1MA=
131,-75,2zatBPU0b9/J5rBaEcq1BBddM0w=,SrV1O1DhzbfNmtEsjG3ateq19jo=
128,-71,2zatBPU0b9/J5rBaEcq1BBddM0w=,z8pPMy6ooYAxOnce3X+y1dNz1MA=
135,-77,2zatBPU0b9/J5rBaEcq1BBddM0w=,SrV1O1DhzbfNmtEsjG3ateq19jo=
139,-80,2zatBPU0b9/J5rBaEcq1BBddM0w=,gn4HCrDAH7ryTB4PodTrRTo+vwA=
131,-72,2zatBPU0b9/J5rBaEcq1BBddM0w=,z8pPMy6ooYAxOnce3X+y1dNz1MA=
135,-80,2zatBPU0b9/J5rBaEcq1BBddM0w=,SrV1O1DhzbfNmtEsjG3ateq19jo=
128,-75,2zatBPU0b9/J5rBaEcq1BBddM0w=,SrV1O1DhzbfNmtEsjG3ateq19jo=
133,-80,2zatBPU0b9/J5rBaEcq1BBddM0w=,SrV1O1DhzbfNmtEsjG3ateq19jo=
138,-80,2zatBPU0b9/J5rBaEcq1BBddM0w=,gn4HCrDAH7ryTB4PodTrRTo+vwA=
132,-80,2zatBPU0b9/J5rBaEcq1BBddM0w=,SrV1O1DhzbfNmtEsjG3ateq19jo=
137,-79,2zatBPU0b9/J5rBaEcq1BBddM0w=,gn4HCrDAH7ryTB4PodTrRTo+vwA=
139,-79,2zatBPU0b9/J5rBaEcq1BBddM0w=,gn4HCrDAH7ryTB4PodTrRTo+vwA=
135,-79,2zatBPU0b9/J5rBaEcq1BBddM0w=,SrV1O1DhzbfNmtEsjG3ateq19jo=
133,-79,2zatBPU0b9/J5rBaEcq1BBddM0w=,SrV1O1DhzbfNmtEsjG3ateq19jo=
138,-79,2zatBPU0b9/J5rBaEcq1BBddM0w=,gn4HCrDAH7ryTB4PodTrRTo+vwA=
134,-79,2zatBPU0b9/J5rBaEcq1BBddM0w=,SrV1O1DhzbfNmtEsjG3ateq19jo=
132,-79,2zatBPU0b9/J5rBaEcq1BBddM0w=,SrV1O1DhzbfNmtEsjG3ateq19jo=
139,-78,2zatBPU0b9/J5rBaEcq1BBddM0w=,gn4HCrDAH7ryTB4PodTrRTo+vwA=
138,-78,2zatBPU0b9/J5rBaEcq1BBddM0w=,gn4HCrDAH7ryTB4PodTrRTo+vwA=
134,-77,2zatBPU0b9/J5rBaEcq1BBddM0w=,SrV1O1DhzbfNmtEsjG3ateq19jo=
128,-76,2zatBPU0b9/J5rBaEcq1BBddM0w=,SrV1O1DhzbfNmtEsjG3ateq19jo=
137,-80,2zatBPU0b9/J5rBaEcq1BBddM0w=,gn4HCrDAH7ryTB4PodTrRTo+vwA=
137,-77,2zatBPU0b9/J5rBaEcq1BBddM0w=,gn4HCrDAH7ryTB4PodTrRTo+vwA=
137,-78,2zatBPU0b9/J5rBaEcq1BBddM0w=,gn4HCrDAH7ryTB4PodTrRTo+vwA=
134,-80,2zatBPU0b9/J5rBaEcq1BBddM0w=,SrV1O1DhzbfNmtEsjG3ateq19jo=
132,-78,2zatBPU0b9/J5rBaEcq1BBddM0w=,SrV1O1DhzbfNmtEsjG3ateq19jo=
138,-77,2zatBPU0b9/J5rBaEcq1BBddM0w=,gn4HCrDAH7ryTB4PodTrRTo+vwA=
129,-75,2zatBPU0b9/J5rBaEcq1BBddM0w=,SrV1O1DhzbfNmtEsjG3ateq19jo=
128,-72,2zatBPU0b9/J5rBaEcq1BBddM0w=,z8pPMy6ooYAxOnce3X+y1dNz1MA=
136,-77,2zatBPU0b9/J5rBaEcq1BBddM0w=,gn4HCrDAH7ryTB4PodTrRTo+vwA=
133,-77,2zatBPU0b9/J5rBaEcq1BBddM0w=,SrV1O1DhzbfNmtEsjG3ateq19jo=
136,-78,2zatBPU0b9/J5rBaEcq1BBddM0w=,gn4HCrDAH7ryTB4PodTrRTo+vwA=
142,-70,2zatBPU0b9/J5rBaEcq1BBddM0w=,6GZJl/aUc9H3kDD3kLpVGrjR/0g=
133,-78,2zatBPU0b9/J5rBaEcq1BBddM0w=,SrV1O1DhzbfNmtEsjG3ateq19jo=
136,-79,2zatBPU0b9/J5rBaEcq1BBddM0w=,gn4HCrDAH7ryTB4PodTrRTo+vwA=
140,-69,2zatBPU0b9/J5rBaEcq1BBddM0w=,6GZJl/aUc9H3kDD3kLpVGrjR/0g=
134,-78,2zatBPU0b9/J5rBaEcq1BBddM0w=,SrV1O1DhzbfNmtEsjG3ateq19jo=
143,-73,2zatBPU0b9/J5rBaEcq1BBddM0w=,gn4HCrDAH7ryTB4PodTrRTo+vwA=
143,-74,2zatBPU0b9/J5rBaEcq1BBddM0w=,gn4HCrDAH7ryTB4PodTrRTo+vwA=
140,-70,2zatBPU0b9/J5rBaEcq1BBddM0w=,6GZJl/aUc9H3kDD3kLpVGrjR/0g=
141,-70,2zatBPU0b9/J5rBaEcq1BBddM0w=,6GZJl/aUc9H3kDD3kLpVGrjR/0g=
135,-78,2zatBPU0b9/J5rBaEcq1BBddM0w=,SrV1O1DhzbfNmtEsjG3ateq19jo=
141,-76,2zatBPU0b9/J5rBaEcq1BBddM0w=,gn4HCrDAH7ryTB4PodTrRTo+vwA=
130,-75,2zatBPU0b9/J5rBaEcq1BBddM0w=,SrV1O1DhzbfNmtEsjG3ateq19jo=
139,-77,2zatBPU0b9/J5rBaEcq1BBddM0w=,gn4HCrDAH7ryTB4PodTrRTo+vwA=
142,-71,2zatBPU0b9/J5rBaEcq1BBddM0w=,6GZJl/aUc9H3kDD3kLpVGrjR/0g=
142,-76,2zatBPU0b9/J5rBaEcq1BBddM0w=,gn4HCrDAH7ryTB4PodTrRTo+vwA=
143,-70,2zatBPU0b9/J5rBaEcq1BBddM0w=,6GZJl/aUc9H3kDD3kLpVGrjR/0g=
141,-69,2zatBPU0b9/J5rBaEcq1BBddM0w=,6GZJl/aUc9H3kDD3kLpVGrjR/0g=
143,-75,2zatBPU0b9/J5rBaEcq1BBddM0w=,gn4HCrDAH7ryTB4PodTrRTo+vwA=
140,-75,2zatBPU0b9/J5rBaEcq1BBddM0w=,gn4HCrDAH7ryTB4PodTrRTo+vwA=
141,-72,2zatBPU0b9/J5rBaEcq1BBddM0w=,6GZJl/aUc9H3kDD3kLpVGrjR/0g=
142,-72,2zatBPU0b9/J5rBaEcq1BBddM0w=,6GZJl/aUc9H3kDD3kLpVGrjR/0g=
143,-71,2zatBPU0b9/J5rBaEcq1BBddM0w=,6GZJl/aUc9H3kDD3kLpVGrjR/0g=
143,-69,2zatBPU0b9/J5rBaEcq1BBddM0w=,6GZJl/aUc9H3kDD3kLpVGrjR/0g=
142,-69,2zatBPU0b9/J5rBaEcq1BBddM0w=,6GZJl/aUc9H3kDD3kLpVGrjR/0g=
142,-75,2zatBPU0b9/J5rBaEcq1BBddM0w=,gn4HCrDAH7ryTB4PodTrRTo+vwA=
142,-73,2zatBPU0b9/J5rBaEcq1BBddM0w=,gn4HCrDAH7ryTB4PodTrRTo+vwA=
140,-73,2zatBPU0b9/J5rBaEcq1BBddM0w=,gn4HCrDAH7ryTB4PodTrRTo+vwA=
140,-76,2zatBPU0b9/J5rBaEcq1BBddM0w=,gn4HCrDAH7ryTB4PodTrRTo+vwA=
143,-76,2zatBPU0b9/J5rBaEcq1BBddM0w=,gn4HCrDAH7ryTB4PodTrRTo+vwA=
132,-77,2zatBPU0b9/J5rBaEcq1BBddM0w=,SrV1O1DhzbfNmtEsjG3ateq19jo=
140,-74,2zatBPU0b9/J5rBaEcq1BBddM0w=,gn4HCrDAH7ryTB4PodTrRTo+vwA=
142,-74,2zatBPU0b9/J5rBaEcq1BBddM0w=,gn4HCrDAH7ryTB4PodTrRTo+vwA=
141,-74,2zatBPU0b9/J5rBaEcq1BBddM0w=,gn4HCrDAH7ryTB4PodTrRTo+vwA=
140,-71,2zatBPU0b9/J5rBaEcq1BBddM0w=,6GZJl/aUc9H3kDD3kLpVGrjR/0g=
143,-72,2zatBPU0b9/J5rBaEcq1BBddM0w=,6GZJl/aUc9H3kDD3kLpVGrjR/0g=
141,-71,2zatBPU0b9/J5rBaEcq1BBddM0w=,6GZJl/aUc9H3kDD3kLpVGrjR/0g=
140,-72,2zatBPU0b9/J5rBaEcq1BBddM0w=,6GZJl/aUc9H3kDD3kLpVGrjR/0g=
141,-75,2zatBPU0b9/J5rBaEcq1BBddM0w=,gn4HCrDAH7ryTB4PodTrRTo+vwA=
141,-73,2zatBPU0b9/J5rBaEcq1BBddM0w=,gn4HCrDAH7ryTB4PodTrRTo+vwA=
129,-78,2zatBPU0b9/J5rBaEcq1BBddM0w=,SrV1O1DhzbfNmtEsjG3ateq19jo=
130,-77,2zatBPU0b9/J5rBaEcq1BBddM0w=,SrV1O1DhzbfNmtEsjG3ateq19jo=
129,-77,2zatBPU0b9/J5rBaEcq1BBddM0w=,SrV1O1DhzbfNmtEsjG3ateq19jo=
130,-78,2zatBPU0b9/J5rBaEcq1BBddM0w=,SrV1O1DhzbfNmtEsjG3ateq19jo=
128,-78,2zatBPU0b9/J5rBaEcq1BBddM0w=,SrV1O1DhzbfNmtEsjG3ateq19jo=
131,-79,2zatBPU0b9/J5rBaEcq1BBddM0w=,SrV1O1DhzbfNmtEsjG3ateq19jo=
131,-78,2zatBPU0b9/J5rBaEcq1BBddM0w=,SrV1O1DhzbfNmtEsjG3ateq19jo=
130,-79,2zatBPU0b9/J5rBaEcq1BBddM0w=,SrV1O1DhzbfNmtEsjG3ateq19jo=
128,-77,2zatBPU0b9/J5rBaEcq1BBddM0w=,SrV1O1DhzbfNmtEsjG3ateq19jo=
128,-80,2zatBPU0b9/J5rBaEcq1BBddM0w=,SrV1O1DhzbfNmtEsjG3ateq19jo=
129,-79,2zatBPU0b9/J5rBaEcq1BBddM0w=,SrV1O1DhzbfNmtEsjG3ateq19jo=
128,-79,2zatBPU0b9/J5rBaEcq1BBddM0w=,SrV1O1DhzbfNmtEsjG3ateq19jo=
131,-77,2zatBPU0b9/J5rBaEcq1BBddM0w=,SrV1O1DhzbfNmtEsjG3ateq19jo=
131,-80,2zatBPU0b9/J5rBaEcq1BBddM0w=,SrV1O1DhzbfNmtEsjG3ateq19jo=
130,-68,2zatBPU0b9/J5rBaEcq1BBddM0w=,z8pPMy6ooYAxOnce3X+y1dNz1MA=
129,-68,2zatBPU0b9/J5rBaEcq1BBddM0w=,z8pPMy6ooYAxOnce3X+y1dNz1MA=
130,-80,2zatBPU0b9/J5rBaEcq1BBddM0w=,SrV1O1DhzbfNmtEsjG3ateq19jo=
129,-80,2zatBPU0b9/J5rBaEcq1BBddM0w=,SrV1O1DhzbfNmtEsjG3ateq19jo=
128,-68,2zatBPU0b9/J5rBaEcq1BBddM0w=,z8pPMy6ooYAxOnce3X+y1dNz1MA=
131,-65,2zatBPU0b9/J5rBaEcq1BBddM0w=,z8pPMy6ooYAxOnce3X+y1dNz1MA=
130,-65,2zatBPU0b9/J5rBaEcq1BBddM0w=,z8pPMy6ooYAxOnce3X+y1dNz1MA=
131,-68,2zatBPU0b9/J5rBaEcq1BBddM0w=,z8pPMy6ooYAxOnce3X+y1dNz1MA=
128,-65,2zatBPU0b9/J5rBaEcq1BBddM0w=,z8pPMy6ooYAxOnce3X+y1dNz1MA=
135,-65,2zatBPU0b9/J5rBaEcq1BBddM0w=,z8pPMy6ooYAxOnce3X+y1dNz1MA=
129,-67,2zatBPU0b9/J5rBaEcq1BBddM0w=,z8pPMy6ooYAxOnce3X+y1dNz1MA=
129,-65,2zatBPU0b9/J5rBaEcq1BBddM0w=,z8pPMy6ooYAxOnce3X+y1dNz1MA=
131,-66,2zatBPU0b9/J5rBaEcq1BBddM0w=,z8pPMy6ooYAxOnce3X+y1dNz1MA=
140,-65,2zatBPU0b9/J5rBaEcq1BBddM0w=,6GZJl/aUc9H3kDD3kLpVGrjR/0g=
128,-67,2zatBPU0b9/J5rBaEcq1BBddM0w=,z8pPMy6ooYAxOnce3X+y1dNz1MA=
130,-66,2zatBPU0b9/J5rBaEcq1BBddM0w=,z8pPMy6ooYAxOnce3X+y1dNz1MA=
131,-67,2zatBPU0b9/J5rBaEcq1BBddM0w=,z8pPMy6ooYAxOnce3X+y1dNz1MA=
142,-68,2zatBPU0b9/J5rBaEcq1BBddM0w=,6GZJl/aUc9H3kDD3kLpVGrjR/0g=
132,-66,2zatBPU0b9/J5rBaEcq1BBddM0w=,z8pPMy6ooYAxOnce3X+y1dNz1MA=
133,-66,2zatBPU0b9/J5rBaEcq1BBddM0w=,z8pPMy6ooYAxOnce3X+y1dNz1MA=
134,-66,2zatBPU0b9/J5rBaEcq1BBddM0w=,z8pPMy6ooYAxOnce3X+y1dNz1MA=
132,-65,2zatBPU0b9/J5rBaEcq1BBddM0w=,z8pPMy6ooYAxOnce3X+y1dNz1MA=
130,-67,2zatBPU0b9/J5rBaEcq1BBddM0w=,z8pPMy6ooYAxOnce3X+y1dNz1MA=
133,-65,2zatBPU0b9/J5rBaEcq1BBddM0w=,z8pPMy6ooYAxOnce3X+y1dNz1MA=
134,-68,2zatBPU0b9/J5rBaEcq1BBddM0w=,z8pPMy6ooYAxOnce3X+y1dNz1MA=
133,-68,2zatBPU0b9/J5rBaEcq1BBddM0w=,z8pPMy6ooYAxOnce3X+y1dNz1MA=
128,-66,2zatBPU0b9/J5rBaEcq1BBddM0w=,z8pPMy6ooYAxOnce3X+y1dNz1MA=
129,-66,2zatBPU0b9/J5rBaEcq1BBddM0w=,z8pPMy6ooYAxOnce3X+y1dNz1MA=
134,-65,2zatBPU0b9/J5rBaEcq1BBddM0w=,z8pPMy6ooYAxOnce3X+y1dNz1MA=
135,-67,2zatBPU0b9/J5rBaEcq1BBddM0w=,z8pPMy6ooYAxOnce3X+y1dNz1MA=
135,-68,2zatBPU0b9/J5rBaEcq1BBddM0w=,z8pPMy6ooYAxOnce3X+y1dNz1MA=
141,-65,2zatBPU0b9/J5rBaEcq1BBddM0w=,6GZJl/aUc9H3kDD3kLpVGrjR/0g=
132,-68,2zatBPU0b9/J5rBaEcq1BBddM0w=,z8pPMy6ooYAxOnce3X+y1dNz1MA=
133,-67,2zatBPU0b9/J5rBaEcq1BBddM0w=,z8pPMy6ooYAxOnce3X+y1dNz1MA=
136,-68,2zatBPU0b9/J5rBaEcq1BBddM0w=,6GZJl/aUc9H3kDD3kLpVGrjR/0g=
132,-67,2zatBPU0b9/J5rBaEcq1BBddM0w=,z8pPMy6ooYAxOnce3X+y1dNz1MA=
137,-66,2zatBPU0b9/J5rBaEcq1BBddM0w=,6GZJl/aUc9H3kDD3kLpVGrjR/0g=
136,-66,2zatBPU0b9/J5rBaEcq1BBddM0w=,6GZJl/aUc9H3kDD3kLpVGrjR/0g=
138,-66,2zatBPU0b9/J5rBaEcq1BBddM0w=,6GZJl/aUc9H3kDD3kLpVGrjR/0g=
139,-66,2zatBPU0b9/J5rBaEcq1BBddM0w=,6GZJl/aUc9H3kDD3kLpVGrjR/0g=
134,-67,2zatBPU0b9/J5rBaEcq1BBddM0w=,z8pPMy6ooYAxOnce3X+y1dNz1MA=
135,-66,2zatBPU0b9/J5rBaEcq1BBddM0w=,z8pPMy6ooYAxOnce3X+y1dNz1MA=
138,-67,2zatBPU0b9/J5rBaEcq1BBddM0w=,6GZJl/aUc9H3kDD3kLpVGrjR/0g=
136,-67,2zatBPU0b9/J5rBaEcq1BBddM0w=,6GZJl/aUc9H3kDD3kLpVGrjR/0g=
137,-67,2zatBPU0b9/J5rBaEcq1BBddM0w=,6GZJl/aUc9H3kDD3kLpVGrjR/0g=
139,-67,2zatBPU0b9/J5rBaEcq1BBddM0w=,6GZJl/aUc9H3kDD3kLpVGrjR/0g=
137,-68,2zatBPU0b9/J5rBaEcq1BBddM0w=,6GZJl/aUc9H3kDD3kLpVGrjR/0g=
142,-65,2zatBPU0b9/J5rBaEcq1BBddM0w=,6GZJl/aUc9H3kDD3kLpVGrjR/0g=
141,-67,2zatBPU0b9/J5rBaEcq1BBddM0w=,6GZJl/aUc9H3kDD3kLpVGrjR/0g=
140,-67,2zatBPU0b9/J5rBaEcq1BBddM0w=,6GZJl/aUc9H3kDD3kLpVGrjR/0g=
140,-66,2zatBPU0b9/J5rBaEcq1BBddM0w=,6GZJl/aUc9H3kDD3kLpVGrjR/0g=
140,-68,2zatBPU0b9/J5rBaEcq1BBddM0w=,6GZJl/aUc9H3kDD3kLpVGrjR/0g=
141,-66,2zatBPU0b9/J5rBaEcq1BBddM0w=,6GZJl/aUc9H3kDD3kLpVGrjR/0g=
142,-66,2zatBPU0b9/J5rBaEcq1BBddM0w=,6GZJl/aUc9H3kDD3kLpVGrjR/0g=
142,-67,2zatBPU0b9/J5rBaEcq1BBddM0w=,6GZJl/aUc9H3kDD3kLpVGrjR/0g=
138,-68,2zatBPU0b9/J5rBaEcq1BBddM0w=,6GZJl/aUc9H3kDD3kLpVGrjR/0g=
139,-68,2zatBPU0b9/J5rBaEcq1BBddM0w=,6GZJl/aUc9H3kDD3kLpVGrjR/0g=
143,-67,2zatBPU0b9/J5rBaEcq1BBddM0w=,6GZJl/aUc9H3kDD3kLpVGrjR/0g=
143,-68,2zatBPU0b9/J5rBaEcq1BBddM0w=,6GZJl/aUc9H3kDD3kLpVGrjR/0g=
141,-68,2zatBPU0b9/J5rBaEcq1BBddM0w=,6GZJl/aUc9H3kDD3kLpVGrjR/0g=
143,-66,2zatBPU0b9/J5rBaEcq1BBddM0w=,6GZJl/aUc9H3kDD3kLpVGrjR/0g=
136,-65,2zatBPU0b9/J5rBaEcq1BBddM0w=,6GZJl/aUc9H3kDD3kLpVGrjR/0g=
143,-65,2zatBPU0b9/J5rBaEcq1BBddM0w=,6GZJl/aUc9H3kDD3kLpVGrjR/0g=
139,-65,2zatBPU0b9/J5rBaEcq1BBddM0w=,6GZJl/aUc9H3kDD3kLpVGrjR/0g=
138,-65,2zatBPU0b9/J5rBaEcq1BBddM0w=,6GZJl/aUc9H3kDD3kLpVGrjR/0g=
137,-65,2zatBPU0b9/J5rBaEcq1BBddM0w=,6GZJl/aUc9H3kDD3kLpVGrjR/0g=
