262,71,DRTfjWQUuEJXZiBmLWBgx07rGXI=,37xtZP1SGa3pGIQmZPprLW9CrdM=
263,71,DRTfjWQUuEJXZiBmLWBgx07rGXI=,37xtZP1SGa3pGIQmZPprLW9CrdM=
271,70,DRTfjWQUuEJXZiBmLWBgx07rGXI=,IBEy1iefjqkQSnGywPEvtkP0vFY=
265,68,DRTfjWQUuEJXZiBmLWBgx07rGXI=,IBEy1iefjqkQSnGywPEvtkP0vFY=
264,68,DRTfjWQUuEJXZiBmLWBgx07rGXI=,IBEy1iefjqkQSnGywPEvtkP0vFY=
266,68,DRTfjWQUuEJXZiBmLWBgx07rGXI=,IBEy1iefjqkQSnGywPEvtkP0vFY=
267,68,DRTfjWQUuEJXZiBmLWBgx07rGXI=,IBEy1iefjqkQSnGywPEvtkP0vFY=
271,71,DRTfjWQUuEJXZiBmLWBgx07rGXI=,IBEy1iefjqkQSnGywPEvtkP0vFY=
270,68,DRTfjWQUuEJXZiBmLWBgx07rGXI=,IBEy1iefjqkQSnGywPEvtkP0vFY=
271,68,DRTfjWQUuEJXZiBmLWBgx07rGXI=,IBEy1iefjqkQSnGywPEvtkP0vFY=
269,68,DRTfjWQUuEJXZiBmLWBgx07rGXI=,IBEy1iefjqkQSnGywPEvtkP0vFY=
268,68,DRTfjWQUuEJXZiBmLWBgx07rGXI=,IBEy1iefjqkQSnGywPEvtkP0vFY=
261,71,DRTfjWQUuEJXZiBmLWBgx07rGXI=,37xtZP1SGa3pGIQmZPprLW9CrdM=
268,70,DRTfjWQUuEJXZiBmLWBgx07rGXI=,IBEy1iefjqkQSnGywPEvtkP0vFY=
270,70,DRTfjWQUuEJXZiBmLWBgx07rGXI=,IBEy1iefjqkQSnGywPEvtkP0vFY=
269,70,DRTfjWQUuEJXZiBmLWBgx07rGXI=,IBEy1iefjqkQSnGywPEvtkP0vFY=
264,69,DRTfjWQUuEJXZiBmLWBgx07rGXI=,IBEy1iefjqkQSnGywPEvtkP0vFY=
267,69,DRTfjWQUuEJXZiBmLWBgx07rGXI=,IBEy1iefjqkQSnGywPEvtkP0vFY=
266,69,DRTfjWQUuEJXZiBmLWBgx07rGXI=,IBEy1iefjqkQSnGywPEvtkP0vFY=
265,69,DRTfjWQUuEJXZiBmLWBgx07rGXI=,IBEy1iefjqkQSnGywPEvtkP0vFY=
270,71,DRTfjWQUuEJXZiBmLWBgx07rGXI=,IBEy1iefjqkQSnGywPEvtkP0vFY=
265,70,DRTfjWQUuEJXZiBmLWBgx07rGXI=,IBEy1iefjqkQSnGywPEvtkP0vFY=
269,69,DRTfjWQUuEJXZiBmLWBgx07rGXI=,IBEy1iefjqkQSnGywPEvtkP0vFY=
266,70,DRTfjWQUuEJXZiBmLWBgx07rGXI=,IBEy1iefjqkQSnGywPEvtkP0vFY=
260,71,DRTfjWQUuEJXZiBmLWBgx07rGXI=,37xtZP1SGa3pGIQmZPprLW9CrdM=
271,69,DRTfjWQUuEJXZiBmLWBgx07rGXI=,IBEy1iefjqkQSnGywPEvtkP0vFY=
267,70,DRTfjWQUuEJXZiBmLWBgx07rGXI=,IBEy1iefjqkQSnGywPEvtkP0vFY=
267,71,DRTfjWQUuEJXZiBmLWBgx07rGXI=,IBEy1iefjqkQSnGywPEvtkP0vFY=
269,71,DRTfjWQUuEJXZiBmLWBgx07rGXI=,IBEy1iefjqkQSnGywPEvtkP0vFY=
261,73,DRTfjWQUuEJXZiBmLWBgx07rGXI=,euX34JVm/cajvlgPRdB4OVb0Nds=
260,73,DRTfjWQUuEJXZiBmLWBgx07rGXI=,euX34JVm/cajvlgPRdB4OVb0Nds=
267,78,DRTfjWQUuEJXZiBmLWBgx07rGXI=,h9ZCZvqVsJG4jSrQfJGCNPckEes=
265,71,DRTfjWQUuEJXZiBmLWBgx07rGXI=,IBEy1iefjqkQSnGywPEvtkP0vFY=
262,73,DRTfjWQUuEJXZiBmLWBgx07rGXI=,euX34JVm/cajvlgPRdB4OVb0Nds=
264,70,DRTfjWQUuEJXZiBmLWBgx07rGXI=,IBEy1iefjqkQSnGywPEvtkP0vFY=
268,69,DRTfjWQUuEJXZiBmLWBgx07rGXI=,IBEy1iefjqkQSnGywPEvtkP0vFY=
266,71,DRTfjWQUuEJXZiBmLWBgx07rGXI=,IBEy1iefjqkQSnGywPEvtkP0vFY=
268,71,DRTfjWQUuEJXZiBmLWBgx07rGXI=,IBEy1iefjqkQSnGywPEvtkP0vFY=
260,72,DRTfjWQUuEJXZiBmLWBgx07rGXI=,euX34JVm/cajvlgPRdB4OVb0Nds=
261,72,DRTfjWQUuEJXZiBmLWBgx07rGXI=,euX34JVm/cajvlgPRdB4OVb0Nds=
263,68,DRTfjWQUuEJXZiBmLWBgx07rGXI=,37xtZP1SGa3pGIQmZPprLW9CrdM=
260,74,DRTfjWQUuEJXZiBmLWBgx07rGXI=,euX34JVm/cajvlgPRdB4OVb0Nds=
261,74,DRTfjWQUuEJXZiBmLWBgx07rGXI=,euX34JVm/cajvlgPRdB4OVb0Nds=
261,75,DRTfjWQUuEJXZiBmLWBgx07rGXI=,euX34JVm/cajvlgPRdB4OVb0Nds=
260,75,DRTfjWQUuEJXZiBmLWBgx07rGXI=,euX34JVm/cajvlgPRdB4OVb0Nds=
262,75,DRTfjWQUuEJXZiBmLWBgx07rGXI=,euX34JVm/cajvlgPRdB4OVb0Nds=
266,78,DRTfjWQUuEJXZiBmLWBgx07rGXI=,h9ZCZvqVsJG4jSrQfJGCNPckEes=
260,76,DRTfjWQUuEJXZiBmLWBgx07rGXI=,euX34JVm/cajvlgPRdB4OVb0Nds=
262,69,DRTfjWQUuEJXZiBmLWBgx07rGXI=,37xtZP1SGa3pGIQmZPprLW9CrdM=
270,69,DRTfjWQUuEJXZiBmLWBgx07rGXI=,IBEy1iefjqkQSnGywPEvtkP0vFY=
262,76,DRTfjWQUuEJXZiBmLWBgx07rGXI=,euX34JVm/cajvlgPRdB4OVb0Nds=
260,70,DRTfjWQUuEJXZiBmLWBgx07rGXI=,37xtZP1SGa3pGIQmZPprLW9CrdM=
262,68,DRTfjWQUuEJXZiBmLWBgx07rGXI=,37xtZP1SGa3pGIQmZPprLW9CrdM=
264,71,DRTfjWQUuEJXZiBmLWBgx07rGXI=,IBEy1iefjqkQSnGywPEvtkP0vFY=
261,70,DRTfjWQUuEJXZiBmLWBgx07rGXI=,37xtZP1SGa3pGIQmZPprLW9CrdM=
262,72,DRTfjWQUuEJXZiBmLWBgx07rGXI=,euX34JVm/cajvlgPRdB4OVb0Nds=
265,78,DRTfjWQUuEJXZiBmLWBgx07rGXI=,h9ZCZvqVsJG4jSrQfJGCNPckEes=
261,69,DRTfjWQUuEJXZiBmLWBgx07rGXI=,37xtZP1SGa3pGIQmZPprLW9CrdM=
263,69,DRTfjWQUuEJXZiBmLWBgx07rGXI=,37xtZP1SGa3pGIQmZPprLW9CrdM=
260,68,DRTfjWQUuEJXZiBmLWBgx07rGXI=,37xtZP1SGa3pGIQmZPprLW9CrdM=
261,77,DRTfjWQUuEJXZiBmLWBgx07rGXI=,euX34JVm/cajvlgPRdB4OVb0Nds=
261,68,DRTfjWQUuEJXZiBmLWBgx07rGXI=,37xtZP1SGa3pGIQmZPprLW9CrdM=
264,72,DRTfjWQUuEJXZiBmLWBgx07rGXI=,h9ZCZvqVsJG4jSrQfJGCNPckEes=
260,77,DRTfjWQUuEJXZiBmLWBgx07rGXI=,euX34JVm/cajvlgPRdB4OVb0Nds=
263,70,DRTfjWQUuEJXZiBmLWBgx07rGXI=,37xtZP1SGa3pGIQmZPprLW9CrdM=
262,77,DRTfjWQUuEJXZiBmLWBgx07rGXI=,euX34JVm/cajvlgPRdB4OVb0Nds=
261,76,DRTfjWQUuEJXZiBmLWBgx07rGXI=,euX34JVm/cajvlgPRdB4OVb0Nds=
262,74,DRTfjWQUuEJXZiBmLWBgx07rGXI=,euX34JVm/cajvlgPRdB4OVb0Nds=
262,70,DRTfjWQUuEJXZiBmLWBgx07rGXI=,37xtZP1SGa3pGIQmZPprLW9CrdM=
265,72,DRTfjWQUuEJXZiBmLWBgx07rGXI=,h9ZCZvqVsJG4jSrQfJGCNPckEes=
260,78,DRTfjWQUuEJXZiBmLWBgx07rGXI=,euX34JVm/cajvlgPRdB4OVb0Nds=
260,69,DRTfjWQUuEJXZiBmLWBgx07rGXI=,37xtZP1SGa3pGIQmZPprLW9CrdM=
261,78,DRTfjWQUuEJXZiBmLWBgx07rGXI=,euX34JVm/cajvlgPRdB4OVb0Nds=
264,78,DRTfjWQUuEJXZiBmLWBgx07rGXI=,h9ZCZvqVsJG4jSrQfJGCNPckEes=
260,79,DRTfjWQUuEJXZiBmLWBgx07rGXI=,euX34JVm/cajvlgPRdB4OVb0Nds=
261,79,DRTfjWQUuEJXZiBmLWBgx07rGXI=,euX34JVm/cajvlgPRdB4OVb0Nds=
262,78,DRTfjWQUuEJXZiBmLWBgx07rGXI=,euX34JVm/cajvlgPRdB4OVb0Nds=
262,79,DRTfjWQUuEJXZiBmLWBgx07rGXI=,euX34JVm/cajvlgPRdB4OVb0Nds=
264,74,DRTfjWQUuEJXZiBmLWBgx07rGXI=,h9ZCZvqVsJG4jSrQfJGCNPckEes=
265,74,DRTfjWQUuEJXZiBmLWBgx07rGXI=,h9ZCZvqVsJG4jSrQfJGCNPckEes=
263,73,DRTfjWQUuEJXZiBmLWBgx07rGXI=,euX34JVm/cajvlgPRdB4OVb0Nds=
266,72,DRTfjWQUuEJXZiBmLWBgx07rGXI=,h9ZCZvqVsJG4jSrQfJGCNPckEes=
271,73,DRTfjWQUuEJXZiBmLWBgx07rGXI=,h9ZCZvqVsJG4jSrQfJGCNPckEes=
263,74,DRTfjWQUuEJXZiBmLWBgx07rGXI=,euX34JVm/cajvlgPRdB4OVb0Nds=
269,74,DRTfjWQUuEJXZiBmLWBgx07rGXI=,h9ZCZvqVsJG4jSrQfJGCNPckEes=
264,75,DRTfjWQUuEJXZiBmLWBgx07rGXI=,h9ZCZvqVsJG4jSrQfJGCNPckEes=
270,73,DRTfjWQUuEJXZiBmLWBgx07rGXI=,h9ZCZvqVsJG4jSrQfJGCNPckEes=
264,79,DRTfjWQUuEJXZiBmLWBgx07rGXI=,h9ZCZvqVsJG4jSrQfJGCNPckEes=
266,74,DRTfjWQUuEJXZiBmLWBgx07rGXI=,h9ZCZvqVsJG4jSrQfJGCNPckEes=
268,74,DRTfjWQUuEJXZiBmLWBgx07rGXI=,h9ZCZvqVsJG4jSrQfJGCNPckEes=
270,74,DRTfjWQUuEJXZiBmLWBgx07rGXI=,h9ZCZvqVsJG4jSrQfJGCNPckEes=
266,75,DRTfjWQUuEJXZiBmLWBgx07rGXI=,h9ZCZvqVsJG4jSrQfJGCNPckEes=
265,79,DRTfjWQUuEJXZiBmLWBgx07rGXI=,h9ZCZvqVsJG4jSrQfJGCNPckEes=
263,76,DRTfjWQUuEJXZiBmLWBgx07rGXI=,euX34JVm/cajvlgPRdB4OVb0Nds=
263,75,DRTfjWQUuEJXZiBmLWBgx07rGXI=,euX34JVm/cajvlgPRdB4OVb0Nds=
270,75,DRTfjWQUuEJXZiBmLWBgx07rGXI=,h9ZCZvqVsJG4jSrQfJGCNPckEes=
267,74,DRTfjWQUuEJXZiBmLWBgx07rGXI=,h9ZCZvqVsJG4jSrQfJGCNPckEes=
271,74,DRTfjWQUuEJXZiBmLWBgx07rGXI=,h9ZCZvqVsJG4jSrQfJGCNPckEes=
269,75,DRTfjWQUuEJXZiBmLWBgx07rGXI=,h9ZCZvqVsJG4jSrQfJGCNPckEes=
267,75,DRTfjWQUuEJXZiBmLWBgx07rGXI=,h9ZCZvqVsJG4jSrQfJGCNPckEes=
266,79,DRTfjWQUuEJXZiBmLWBgx07rGXI=,h9ZCZvqVsJG4jSrQfJGCNPckEes=
269,73,DRTfjWQUuEJXZiBmLWBgx07rGXI=,h9ZCZvqVsJG4jSrQfJGCNPckEes=
265,75,DRTfjWQUuEJXZiBmLWBgx07rGXI=,h9ZCZvqVsJG4jSrQfJGCNPckEes=
271,75,DRTfjWQUuEJXZiBmLWBgx07rGXI=,h9ZCZvqVsJG4jSrQfJGCNPckEes=
264,76,DRTfjWQUuEJXZiBmLWBgx07rGXI=,h9ZCZvqVsJG4jSrQfJGCNPckEes=
268,73,DRTfjWQUuEJXZiBmLWBgx07rGXI=,h9ZCZvqVsJG4jSrQfJGCNPckEes=
265,76,DRTfjWQUuEJXZiBmLWBgx07rGXI=,h9ZCZvqVsJG4jSrQfJGCNPckEes=
268,75,DRTfjWQUuEJXZiBmLWBgx07rGXI=,h9ZCZvqVsJG4jSrQfJGCNPckEes=
267,76,DRTfjWQUuEJXZiBmLWBgx07rGXI=,h9ZCZvqVsJG4jSrQfJGCNPckEes=
266,76,DRTfjWQUuEJXZiBmLWBgx07rGXI=,h9ZCZvqVsJG4jSrQfJGCNPckEes=
264,77,DRTfjWQUuEJXZiBmLWBgx07rGXI=,h9ZCZvqVsJG4jSrQfJGCNPckEes=
267,72,DRTfjWQUuEJXZiBmLWBgx07rGXI=,h9ZCZvqVsJG4jSrQfJGCNPckEes=
265,77,DRTfjWQUuEJXZiBmLWBgx07rGXI=,h9ZCZvqVsJG4jSrQfJGCNPckEes=
263,78,DRTfjWQUuEJXZiBmLWBgx07rGXI=,euX34JVm/cajvlgPRdB4OVb0Nds=
266,77,DRTfjWQUuEJXZiBmLWBgx07rGXI=,h9ZCZvqVsJG4jSrQfJGCNPckEes=
263,72,DRTfjWQUuEJXZiBmLWBgx07rGXI=,euX34JVm/cajvlgPRdB4OVb0Nds=
263,77,DRTfjWQUuEJXZiBmLWBgx07rGXI=,euX34JVm/cajvlgPRdB4OVb0Nds=
263,79,DRTfjWQUuEJXZiBmLWBgx07rGXI=,euX34JVm/cajvlgPRdB4OVb0Nds=
267,79,DRTfjWQUuEJXZiBmLWBgx07rGXI=,h9ZCZvqVsJG4jSrQfJGCNPckEes=
265,73,DRTfjWQUuEJXZiBmLWBgx07rGXI=,h9ZCZvqVsJG4jSrQfJGCNPckEes=
264,73,DRTfjWQUuEJXZiBmLWBgx07rGXI=,h9ZCZvqVsJG4jSrQfJGCNPckEes=
267,73,DRTfjWQUuEJXZiBmLWBgx07rGXI=,h9ZCZvqVsJG4jSrQfJGCNPckEes=
266,73,DRTfjWQUuEJXZiBmLWBgx07rGXI=,h9ZCZvqVsJG4jSrQfJGCNPckEes=
267,77,DRTfjWQUuEJXZiBmLWBgx07rGXI=,h9ZCZvqVsJG4jSrQfJGCNPckEes=
271,72,DRTfjWQUuEJXZiBmLWBgx07rGXI=,h9ZCZvqVsJG4jSrQfJGCNPckEes=
269,72,6Xz4RY42rRmU56bPmNihaUYRzUA=,h9ZCZvqVsJG4jSrQfJGCNPckEes=
268,72,6Xz4RY42rRmU56bPmNihaUYRzUA=,h9ZCZvqVsJG4jSrQfJGCNPckEes=
270,72,6Xz4RY42rRmU56bPmNihaUYRzUA=,h9ZCZvqVsJG4jSrQfJGCNPckEes=
268,78,6Xz4RY42rRmU56bPmNihaUYRzUA=,h9ZCZvqVsJG4jSrQfJGCNPckEes=
271,79,6Xz4RY42rRmU56bPmNihaUYRzUA=,h9ZCZvqVsJG4jSrQfJGCNPckEes=
270,76,6Xz4RY42rRmU56bPmNihaUYRzUA=,h9ZCZvqVsJG4jSrQfJGCNPckEes=
268,76,6Xz4RY42rRmU56bPmNihaUYRzUA=,h9ZCZvqVsJG4jSrQfJGCNPckEes=
269,76,6Xz4RY42rRmU56bPmNihaUYRzUA=,h9ZCZvqVsJG4jSrQfJGCNPckEes=
271,78,6Xz4RY42rRmU56bPmNihaUYRzUA=,h9ZCZvqVsJG4jSrQfJGCNPckEes=
270,79,6Xz4RY42rRmU56bPmNihaUYRzUA=,h9ZCZvqVsJG4jSrQfJGCNPckEes=
269,77,6Xz4RY42rRmU56bPmNihaUYRzUA=,h9ZCZvqVsJG4jSrQfJGCNPckEes=
271,77,6Xz4RY42rRmU56bPmNihaUYRzUA=,h9ZCZvqVsJG4jSrQfJGCNPckEes=
269,79,6Xz4RY42rRmU56bPmNihaUYRzUA=,h9ZCZvqVsJG4jSrQfJGCNPckEes=
268,77,6Xz4RY42rRmU56bPmNihaUYRzUA=,h9ZCZvqVsJG4jSrQfJGCNPckEes=
268,79,6Xz4RY42rRmU56bPmNihaUYRzUA=,h9ZCZvqVsJG4jSrQfJGCNPckEes=
270,77,6Xz4RY42rRmU56bPmNihaUYRzUA=,h9ZCZvqVsJG4jSrQfJGCNPckEes=
271,76,6Xz4RY42rRmU56bPmNihaUYRzUA=,h9ZCZvqVsJG4jSrQfJGCNPckEes=
269,78,6Xz4RY42rRmU56bPmNihaUYRzUA=,h9ZCZvqVsJG4jSrQfJGCNPckEes=
270,78,6Xz4RY42rRmU56bPmNihaUYRzUA=,h9ZCZvqVsJG4jSrQfJGCNPckEes=
256,79,6Xz4RY42rRmU56bPmNihaUYRzUA=,euX34JVm/cajvlgPRdB4OVb0Nds=
256,78,6Xz4RY42rRmU56bPmNihaUYRzUA=,euX34JVm/cajvlgPRdB4OVb0Nds=
256,77,6Xz4RY42rRmU56bPmNihaUYRzUA=,euX34JVm/cajvlgPRdB4OVb0Nds=
256,76,6Xz4RY42rRmU56bPmNihaUYRzUA=,euX34JVm/cajvlgPRdB4OVb0Nds=
257,76,6Xz4RY42rRmU56bPmNihaUYRzUA=,euX34JVm/cajvlgPRdB4OVb0Nds=
258,76,6Xz4RY42rRmU56bPmNihaUYRzUA=,euX34JVm/cajvlgPRdB4OVb0Nds=
259,79,6Xz4RY42rRmU56bPmNihaUYRzUA=,euX34JVm/cajvlgPRdB4OVb0Nds=
259,76,6Xz4RY42rRmU56bPmNihaUYRzUA=,euX34JVm/cajvlgPRdB4OVb0Nds=
258,77,6Xz4RY42rRmU56bPmNihaUYRzUA=,euX34JVm/cajvlgPRdB4OVb0Nds=
259,77,6Xz4RY42rRmU56bPmNihaUYRzUA=,euX34JVm/cajvlgPRdB4OVb0Nds=
257,77,6Xz4RY42rRmU56bPmNihaUYRzUA=,euX34JVm/cajvlgPRdB4OVb0Nds=
258,78,6Xz4RY42rRmU56bPmNihaUYRzUA=,euX34JVm/cajvlgPRdB4OVb0Nds=
259,78,6Xz4RY42rRmU56bPmNihaUYRzUA=,euX34JVm/cajvlgPRdB4OVb0Nds=
257,78,6Xz4RY42rRmU56bPmNihaUYRzUA=,euX34JVm/cajvlgPRdB4OVb0Nds=
257,79,6Xz4RY42rRmU56bPmNihaUYRzUA=,euX34JVm/cajvlgPRdB4OVb0Nds=
258,79,6Xz4RY42rRmU56bPmNihaUYRzUA=,euX34JVm/cajvlgPRdB4OVb0Nds=
256,70,6Xz4RY42rRmU56bPmNihaUYRzUA=,37xtZP1SGa3pGIQmZPprLW9CrdM=
256,71,6Xz4RY42rRmU56bPmNihaUYRzUA=,37xtZP1SGa3pGIQmZPprLW9CrdM=
256,69,6Xz4RY42rRmU56bPmNihaUYRzUA=,37xtZP1SGa3pGIQmZPprLW9CrdM=
257,70,6Xz4RY42rRmU56bPmNihaUYRzUA=,37xtZP1SGa3pGIQmZPprLW9CrdM=
259,70,6Xz4RY42rRmU56bPmNihaUYRzUA=,37xtZP1SGa3pGIQmZPprLW9CrdM=
256,68,6Xz4RY42rRmU56bPmNihaUYRzUA=,37xtZP1SGa3pGIQmZPprLW9CrdM=
258,68,6Xz4RY42rRmU56bPmNihaUYRzUA=,37xtZP1SGa3pGIQmZPprLW9CrdM=
258,70,6Xz4RY42rRmU56bPmNihaUYRzUA=,37xtZP1SGa3pGIQmZPprLW9CrdM=
257,68,6Xz4RY42rRmU56bPmNihaUYRzUA=,37xtZP1SGa3pGIQmZPprLW9CrdM=
257,69,6Xz4RY42rRmU56bPmNihaUYRzUA=,37xtZP1SGa3pGIQmZPprLW9CrdM=
258,69,6Xz4RY42rRmU56bPmNihaUYRzUA=,37xtZP1SGa3pGIQmZPprLW9CrdM=
256,72,6Xz4RY42rRmU56bPmNihaUYRzUA=,euX34JVm/cajvlgPRdB4OVb0Nds=
259,69,6Xz4RY42rRmU56bPmNihaUYRzUA=,37xtZP1SGa3pGIQmZPprLW9CrdM=
257,73,6Xz4RY42rRmU56bPmNihaUYRzUA=,euX34JVm/cajvlgPRdB4OVb0Nds=
259,68,6Xz4RY42rRmU56bPmNihaUYRzUA=,37xtZP1SGa3pGIQmZPprLW9CrdM=
258,73,6Xz4RY42rRmU56bPmNihaUYRzUA=,euX34JVm/cajvlgPRdB4OVb0Nds=
258,72,6Xz4RY42rRmU56bPmNihaUYRzUA=,euX34JVm/cajvlgPRdB4OVb0Nds=
259,73,6Xz4RY42rRmU56bPmNihaUYRzUA=,euX34JVm/cajvlgPRdB4OVb0Nds=
259,72,6Xz4RY42rRmU56bPmNihaUYRzUA=,euX34JVm/cajvlgPRdB4OVb0Nds=
257,72,6Xz4RY42rRmU56bPmNihaUYRzUA=,euX34JVm/cajvlgPRdB4OVb0Nds=
257,74,6Xz4RY42rRmU56bPmNihaUYRzUA=,euX34JVm/cajvlgPRdB4OVb0Nds=
258,74,6Xz4RY42rRmU56bPmNihaUYRzUA=,euX34JVm/cajvlgPRdB4OVb0Nds=
259,74,6Xz4RY42rRmU56bPmNihaUYRzUA=,euX34JVm/cajvlgPRdB4OVb0Nds=
257,71,6Xz4RY42rRmU56bPmNihaUYRzUA=,37xtZP1SGa3pGIQmZPprLW9CrdM=
256,75,6Xz4RY42rRmU56bPmNihaUYRzUA=,euX34JVm/cajvlgPRdB4OVb0Nds=
258,75,6Xz4RY42rRmU56bPmNihaUYRzUA=,euX34JVm/cajvlgPRdB4OVb0Nds=
258,71,6Xz4RY42rRmU56bPmNihaUYRzUA=,37xtZP1SGa3pGIQmZPprLW9CrdM=
259,75,6Xz4RY42rRmU56bPmNihaUYRzUA=,euX34JVm/cajvlgPRdB4OVb0Nds=
256,74,6Xz4RY42rRmU56bPmNihaUYRzUA=,euX34JVm/cajvlgPRdB4OVb0Nds=
256,73,6Xz4RY42rRmU56bPmNihaUYRzUA=,euX34JVm/cajvlgPRdB4OVb0Nds=
259,71,6Xz4RY42rRmU56bPmNihaUYRzUA=,37xtZP1SGa3pGIQmZPprLW9CrdM=
257,75,6Xz4RY42rRmU56bPmNihaUYRzUA=,euX34JVm/cajvlgPRdB4OVb0Nds=
263,64,6Xz4RY42rRmU56bPmNihaUYRzUA=,37xtZP1SGa3pGIQmZPprLW9CrdM=
260,66,6Xz4RY42rRmU56bPmNihaUYRzUA=,37xtZP1SGa3pGIQmZPprLW9CrdM=
261,66,6Xz4RY42rRmU56bPmNihaUYRzUA=,37xtZP1SGa3pGIQmZPprLW9CrdM=
262,66,6Xz4RY42rRmU56bPmNihaUYRzUA=,37xtZP1SGa3pGIQmZPprLW9CrdM=
260,65,6Xz4RY42rRmU56bPmNihaUYRzUA=,37xtZP1SGa3pGIQmZPprLW9CrdM=
261,67,6Xz4RY42rRmU56bPmNihaUYRzUA=,37xtZP1SGa3pGIQmZPprLW9CrdM=
262,65,6Xz4RY42rRmU56bPmNihaUYRzUA=,37xtZP1SGa3pGIQmZPprLW9CrdM=
263,67,6Xz4RY42rRmU56bPmNihaUYRzUA=,37xtZP1SGa3pGIQmZPprLW9CrdM=
262,67,6Xz4RY42rRmU56bPmNihaUYRzUA=,37xtZP1SGa3pGIQmZPprLW9CrdM=
263,66,6Xz4RY42rRmU56bPmNihaUYRzUA=,37xtZP1SGa3pGIQmZPprLW9CrdM=
261,64,6Xz4RY42rRmU56bPmNihaUYRzUA=,37xtZP1SGa3pGIQmZPprLW9CrdM=
262,64,6Xz4RY42rRmU56bPmNihaUYRzUA=,37xtZP1SGa3pGIQmZPprLW9CrdM=
260,64,6Xz4RY42rRmU56bPmNihaUYRzUA=,37xtZP1SGa3pGIQmZPprLW9CrdM=
263,65,6Xz4RY42rRmU56bPmNihaUYRzUA=,37xtZP1SGa3pGIQmZPprLW9CrdM=
264,65,6Xz4RY42rRmU56bPmNihaUYRzUA=,IBEy1iefjqkQSnGywPEvtkP0vFY=
260,67,6Xz4RY42rRmU56bPmNihaUYRzUA=,37xtZP1SGa3pGIQmZPprLW9CrdM=
265,65,6Xz4RY42rRmU56bPmNihaUYRzUA=,IBEy1iefjqkQSnGywPEvtkP0vFY=
261,65,6Xz4RY42rRmU56bPmNihaUYRzUA=,37xtZP1SGa3pGIQmZPprLW9CrdM=
267,64,6Xz4RY42rRmU56bPmNihaUYRzUA=,IBEy1iefjqkQSnGywPEvtkP0vFY=
266,65,6Xz4RY42rRmU56bPmNihaUYRzUA=,IBEy1iefjqkQSnGywPEvtkP0vFY=
267,65,6Xz4RY42rRmU56bPmNihaUYRzUA=,IBEy1iefjqkQSnGywPEvtkP0vFY=
264,66,6Xz4RY42rRmU56bPmNihaUYRzUA=,IBEy1iefjqkQSnGywPEvtkP0vFY=
265,66,6Xz4RY42rRmU56bPmNihaUYRzUA=,IBEy1iefjqkQSnGywPEvtkP0vFY=
267,66,6Xz4RY42rRmU56bPmNihaUYRzUA=,IBEy1iefjqkQSnGywPEvtkP0vFY=
266,67,6Xz4RY42rRmU56bPmNihaUYRzUA=,IBEy1iefjqkQSnGywPEvtkP0vFY=
265,67,6Xz4RY42rRmU56bPmNihaUYRzUA=,IBEy1iefjqkQSnGywPEvtkP0vFY=
267,67,6Xz4RY42rRmU56bPmNihaUYRzUA=,IBEy1iefjqkQSnGywPEvtkP0vFY=
265,64,6Xz4RY42rRmU56bPmNihaUYRzUA=,IBEy1iefjqkQSnGywPEvtkP0vFY=
264,67,6Xz4RY42rRmU56bPmNihaUYRzUA=,IBEy1iefjqkQSnGywPEvtkP0vFY=
264,64,6Xz4RY42rRmU56bPmNihaUYRzUA=,IBEy1iefjqkQSnGywPEvtkP0vFY=
266,64,6Xz4RY42rRmU56bPmNihaUYRzUA=,IBEy1iefjqkQSnGywPEvtkP0vFY=
266,66,6Xz4RY42rRmU56bPmNihaUYRzUA=,IBEy1iefjqkQSnGywPEvtkP0vFY=
256,64,6Xz4RY42rRmU56bPmNihaUYRzUA=,37xtZP1SGa3pGIQmZPprLW9CrdM=
257,64,6Xz4RY42rRmU56bPmNihaUYRzUA=,37xtZP1SGa3pGIQmZPprLW9CrdM=
259,64,6Xz4RY42rRmU56bPmNihaUYRzUA=,37xtZP1SGa3pGIQmZPprLW9CrdM=
258,64,6Xz4RY42rRmU56bPmNihaUYRzUA=,37xtZP1SGa3pGIQmZPprLW9CrdM=
256,67,6Xz4RY42rRmU56bPmNihaUYRzUA=,37xtZP1SGa3pGIQmZPprLW9CrdM=
256,66,6Xz4RY42rRmU56bPmNihaUYRzUA=,37xtZP1SGa3pGIQmZPprLW9CrdM=
271,64,6Xz4RY42rRmU56bPmNihaUYRzUA=,IBEy1iefjqkQSnGywPEvtkP0vFY=
256,65,6Xz4RY42rRmU56bPmNihaUYRzUA=,37xtZP1SGa3pGIQmZPprLW9CrdM=
270,65,6Xz4RY42rRmU56bPmNihaUYRzUA=,IBEy1iefjqkQSnGywPEvtkP0vFY=
268,65,6Xz4RY42rRmU56bPmNihaUYRzUA=,IBEy1iefjqkQSnGywPEvtkP0vFY=
268,66,6Xz4RY42rRmU56bPmNihaUYRzUA=,IBEy1iefjqkQSnGywPEvtkP0vFY=
257,66,6Xz4RY42rRmU56bPmNihaUYRzUA=,37xtZP1SGa3pGIQmZPprLW9CrdM=
257,65,6Xz4RY42rRmU56bPmNihaUYRzUA=,37xtZP1SGa3pGIQmZPprLW9CrdM=
271,65,6Xz4RY42rRmU56bPmNihaUYRzUA=,IBEy1iefjqkQSnGywPEvtkP0vFY=
259,67,6Xz4RY42rRmU56bPmNihaUYRzUA=,37xtZP1SGa3pGIQmZPprLW9CrdM=
258,66,6Xz4RY42rRmU56bPmNihaUYRzUA=,37xtZP1SGa3pGIQmZPprLW9CrdM=
258,65,6Xz4RY42rRmU56bPmNihaUYRzUA=,37xtZP1SGa3pGIQmZPprLW9CrdM=
259,66,6Xz4RY42rRmU56bPmNihaUYRzUA=,37xtZP1SGa3pGIQmZPprLW9CrdM=
258,67,6Xz4RY42rRmU56bPmNihaUYRzUA=,37xtZP1SGa3pGIQmZPprLW9CrdM=
257,67,6Xz4RY42rRmU56bPmNihaUYRzUA=,37xtZP1SGa3pGIQmZPprLW9CrdM=
259,65,6Xz4RY42rRmU56bPmNihaUYRzUA=,37xtZP1SGa3pGIQmZPprLW9CrdM=
269,66,6Xz4RY42rRmU56bPmNihaUYRzUA=,IBEy1iefjqkQSnGywPEvtkP0vFY=
271,66,6Xz4RY42rRmU56bPmNihaUYRzUA=,IBEy1iefjqkQSnGywPEvtkP0vFY=
269,67,6Xz4RY42rRmU56bPmNihaUYRzUA=,IBEy1iefjqkQSnGywPEvtkP0vFY=
268,67,6Xz4RY42rRmU56bPmNihaUYRzUA=,IBEy1iefjqkQSnGywPEvtkP0vFY=
268,64,6Xz4RY42rRmU56bPmNihaUYRzUA=,IBEy1iefjqkQSnGywPEvtkP0vFY=
270,67,6Xz4RY42rRmU56bPmNihaUYRzUA=,IBEy1iefjqkQSnGywPEvtkP0vFY=
269,65,6Xz4RY42rRmU56bPmNihaUYRzUA=,IBEy1iefjqkQSnGywPEvtkP0vFY=
271,67,6Xz4RY42rRmU56bPmNihaUYRzUA=,IBEy1iefjqkQSnGywPEvtkP0vFY=
270,66,6Xz4RY42rRmU56bPmNihaUYRzUA=,IBEy1iefjqkQSnGywPEvtkP0vFY=
269,64,6Xz4RY42rRmU56bPmNihaUYRzUA=,IBEy1iefjqkQSnGywPEvtkP0vFY=
270,64,6Xz4RY42rRmU56bPmNihaUYRzUA=,IBEy1iefjqkQSnGywPEvtkP0vFY=
263,80,f4q+EbDBAGs7CSvTQ5h++gwlXSg=,4Luf1U10AENQftztBoAuSEC+mLE=
263,87,f4q+EbDBAGs7CSvTQ5h++gwlXSg=,4Luf1U10AENQftztBoAuSEC+mLE=
261,87,f4q+EbDBAGs7CSvTQ5h++gwlXSg=,4Luf1U10AENQftztBoAuSEC+mLE=
262,80,f4q+EbDBAGs7CSvTQ5h++gwlXSg=,4Luf1U10AENQftztBoAuSEC+mLE=
260,87,f4q+EbDBAGs7CSvTQ5h++gwlXSg=,4Luf1U10AENQftztBoAuSEC+mLE=
266,82,f4q+EbDBAGs7CSvTQ5h++gwlXSg=,/M+6NtpV81kk82Nx4EpW82M7TuA=
266,81,f4q+EbDBAGs7CSvTQ5h++gwlXSg=,/M+6NtpV81kk82Nx4EpW82M7TuA=
265,82,f4q+EbDBAGs7CSvTQ5h++gwlXSg=,/M+6NtpV81kk82Nx4EpW82M7TuA=
267,82,f4q+EbDBAGs7CSvTQ5h++gwlXSg=,/M+6NtpV81kk82Nx4EpW82M7TuA=
267,81,f4q+EbDBAGs7CSvTQ5h++gwlXSg=,/M+6NtpV81kk82Nx4EpW82M7TuA=
265,83,f4q+EbDBAGs7CSvTQ5h++gwlXSg=,/M+6NtpV81kk82Nx4EpW82M7TuA=
265,81,f4q+EbDBAGs7CSvTQ5h++gwlXSg=,/M+6NtpV81kk82Nx4EpW82M7TuA=
266,83,f4q+EbDBAGs7CSvTQ5h++gwlXSg=,/M+6NtpV81kk82Nx4EpW82M7TuA=
262,81,f4q+EbDBAGs7CSvTQ5h++gwlXSg=,4Luf1U10AENQftztBoAuSEC+mLE=
267,83,f4q+EbDBAGs7CSvTQ5h++gwlXSg=,/M+6NtpV81kk82Nx4EpW82M7TuA=
262,82,f4q+EbDBAGs7CSvTQ5h++gwlXSg=,4Luf1U10AENQftztBoAuSEC+mLE=
263,82,f4q+EbDBAGs7CSvTQ5h++gwlXSg=,4Luf1U10AENQftztBoAuSEC+mLE=
264,81,f4q+EbDBAGs7CSvTQ5h++gwlXSg=,/M+6NtpV81kk82Nx4EpW82M7TuA=
264,82,f4q+EbDBAGs7CSvTQ5h++gwlXSg=,/M+6NtpV81kk82Nx4EpW82M7TuA=
263,81,f4q+EbDBAGs7CSvTQ5h++gwlXSg=,4Luf1U10AENQftztBoAuSEC+mLE=
260,83,f4q+EbDBAGs7CSvTQ5h++gwlXSg=,4Luf1U10AENQftztBoAuSEC+mLE=
261,81,f4q+EbDBAGs7CSvTQ5h++gwlXSg=,4Luf1U10AENQftztBoAuSEC+mLE=
264,83,f4q+EbDBAGs7CSvTQ5h++gwlXSg=,/M+6NtpV81kk82Nx4EpW82M7TuA=
263,83,f4q+EbDBAGs7CSvTQ5h++gwlXSg=,4Luf1U10AENQftztBoAuSEC+mLE=
260,81,f4q+EbDBAGs7CSvTQ5h++gwlXSg=,4Luf1U10AENQftztBoAuSEC+mLE=
261,82,f4q+EbDBAGs7CSvTQ5h++gwlXSg=,4Luf1U10AENQftztBoAuSEC+mLE=
260,88,f4q+EbDBAGs7CSvTQ5h++gwlXSg=,jeBk3iJEb2omycm51HFiS61QzNk=
260,89,f4q+EbDBAGs7CSvTQ5h++gwlXSg=,jeBk3iJEb2omycm51HFiS61QzNk=
260,82,f4q+EbDBAGs7CSvTQ5h++gwlXSg=,4Luf1U10AENQftztBoAuSEC+mLE=
261,88,f4q+EbDBAGs7CSvTQ5h++gwlXSg=,jeBk3iJEb2omycm51HFiS61QzNk=
261,83,f4q+EbDBAGs7CSvTQ5h++gwlXSg=,4Luf1U10AENQftztBoAuSEC+mLE=
261,89,f4q+EbDBAGs7CSvTQ5h++gwlXSg=,jeBk3iJEb2omycm51HFiS61QzNk=
262,89,f4q+EbDBAGs7CSvTQ5h++gwlXSg=,jeBk3iJEb2omycm51HFiS61QzNk=
262,83,f4q+EbDBAGs7CSvTQ5h++gwlXSg=,4Luf1U10AENQftztBoAuSEC+mLE=
266,80,f4q+EbDBAGs7CSvTQ5h++gwlXSg=,/M+6NtpV81kk82Nx4EpW82M7TuA=
265,80,f4q+EbDBAGs7CSvTQ5h++gwlXSg=,/M+6NtpV81kk82Nx4EpW82M7TuA=
262,88,f4q+EbDBAGs7CSvTQ5h++gwlXSg=,jeBk3iJEb2omycm51HFiS61QzNk=
263,89,f4q+EbDBAGs7CSvTQ5h++gwlXSg=,jeBk3iJEb2omycm51HFiS61QzNk=
264,88,f4q+EbDBAGs7CSvTQ5h++gwlXSg=,1uuIhUTjz1uGcRaEBQSZ8uUHO/M=
265,90,f4q+EbDBAGs7CSvTQ5h++gwlXSg=,1uuIhUTjz1uGcRaEBQSZ8uUHO/M=
260,90,f4q+EbDBAGs7CSvTQ5h++gwlXSg=,jeBk3iJEb2omycm51HFiS61QzNk=
267,80,f4q+EbDBAGs7CSvTQ5h++gwlXSg=,/M+6NtpV81kk82Nx4EpW82M7TuA=
266,90,f4q+EbDBAGs7CSvTQ5h++gwlXSg=,1uuIhUTjz1uGcRaEBQSZ8uUHO/M=
267,90,f4q+EbDBAGs7CSvTQ5h++gwlXSg=,1uuIhUTjz1uGcRaEBQSZ8uUHO/M=
264,80,f4q+EbDBAGs7CSvTQ5h++gwlXSg=,/M+6NtpV81kk82Nx4EpW82M7TuA=
265,91,f4q+EbDBAGs7CSvTQ5h++gwlXSg=,1uuIhUTjz1uGcRaEBQSZ8uUHO/M=
261,90,f4q+EbDBAGs7CSvTQ5h++gwlXSg=,jeBk3iJEb2omycm51HFiS61QzNk=
263,88,f4q+EbDBAGs7CSvTQ5h++gwlXSg=,jeBk3iJEb2omycm51HFiS61QzNk=
262,90,f4q+EbDBAGs7CSvTQ5h++gwlXSg=,jeBk3iJEb2omycm51HFiS61QzNk=
260,80,f4q+EbDBAGs7CSvTQ5h++gwlXSg=,4Luf1U10AENQftztBoAuSEC+mLE=
263,90,f4q+EbDBAGs7CSvTQ5h++gwlXSg=,jeBk3iJEb2omycm51HFiS61QzNk=
260,91,f4q+EbDBAGs7CSvTQ5h++gwlXSg=,jeBk3iJEb2omycm51HFiS61QzNk=
263,91,f4q+EbDBAGs7CSvTQ5h++gwlXSg=,jeBk3iJEb2omycm51HFiS61QzNk=
262,91,f4q+EbDBAGs7CSvTQ5h++gwlXSg=,jeBk3iJEb2omycm51HFiS61QzNk=
261,91,f4q+EbDBAGs7CSvTQ5h++gwlXSg=,jeBk3iJEb2omycm51HFiS61QzNk=
264,89,f4q+EbDBAGs7CSvTQ5h++gwlXSg=,1uuIhUTjz1uGcRaEBQSZ8uUHO/M=
266,91,f4q+EbDBAGs7CSvTQ5h++gwlXSg=,1uuIhUTjz1uGcRaEBQSZ8uUHO/M=
267,91,f4q+EbDBAGs7CSvTQ5h++gwlXSg=,1uuIhUTjz1uGcRaEBQSZ8uUHO/M=
265,88,f4q+EbDBAGs7CSvTQ5h++gwlXSg=,1uuIhUTjz1uGcRaEBQSZ8uUHO/M=
265,84,f4q+EbDBAGs7CSvTQ5h++gwlXSg=,/M+6NtpV81kk82Nx4EpW82M7TuA=
266,88,f4q+EbDBAGs7CSvTQ5h++gwlXSg=,1uuIhUTjz1uGcRaEBQSZ8uUHO/M=
266,84,f4q+EbDBAGs7CSvTQ5h++gwlXSg=,/M+6NtpV81kk82Nx4EpW82M7TuA=
265,85,f4q+EbDBAGs7CSvTQ5h++gwlXSg=,/M+6NtpV81kk82Nx4EpW82M7TuA=
267,88,f4q+EbDBAGs7CSvTQ5h++gwlXSg=,1uuIhUTjz1uGcRaEBQSZ8uUHO/M=
267,85,f4q+EbDBAGs7CSvTQ5h++gwlXSg=,/M+6NtpV81kk82Nx4EpW82M7TuA=
264,91,f4q+EbDBAGs7CSvTQ5h++gwlXSg=,1uuIhUTjz1uGcRaEBQSZ8uUHO/M=
267,86,f4q+EbDBAGs7CSvTQ5h++gwlXSg=,/M+6NtpV81kk82Nx4EpW82M7TuA=
265,86,f4q+EbDBAGs7CSvTQ5h++gwlXSg=,/M+6NtpV81kk82Nx4EpW82M7TuA=
265,89,f4q+EbDBAGs7CSvTQ5h++gwlXSg=,1uuIhUTjz1uGcRaEBQSZ8uUHO/M=
266,86,f4q+EbDBAGs7CSvTQ5h++gwlXSg=,/M+6NtpV81kk82Nx4EpW82M7TuA=
265,87,f4q+EbDBAGs7CSvTQ5h++gwlXSg=,/M+6NtpV81kk82Nx4EpW82M7TuA=
260,84,f4q+EbDBAGs7CSvTQ5h++gwlXSg=,4Luf1U10AENQftztBoAuSEC+mLE=
266,87,f4q+EbDBAGs7CSvTQ5h++gwlXSg=,/M+6NtpV81kk82Nx4EpW82M7TuA=
267,87,f4q+EbDBAGs7CSvTQ5h++gwlXSg=,/M+6NtpV81kk82Nx4EpW82M7TuA=
261,84,f4q+EbDBAGs7CSvTQ5h++gwlXSg=,4Luf1U10AENQftztBoAuSEC+mLE=
264,90,f4q+EbDBAGs7CSvTQ5h++gwlXSg=,1uuIhUTjz1uGcRaEBQSZ8uUHO/M=
267,84,f4q+EbDBAGs7CSvTQ5h++gwlXSg=,/M+6NtpV81kk82Nx4EpW82M7TuA=
262,84,f4q+EbDBAGs7CSvTQ5h++gwlXSg=,4Luf1U10AENQftztBoAuSEC+mLE=
260,85,f4q+EbDBAGs7CSvTQ5h++gwlXSg=,4Luf1U10AENQftztBoAuSEC+mLE=
263,84,f4q+EbDBAGs7CSvTQ5h++gwlXSg=,4Luf1U10AENQftztBoAuSEC+mLE=
266,89,f4q+EbDBAGs7CSvTQ5h++gwlXSg=,1uuIhUTjz1uGcRaEBQSZ8uUHO/M=
262,85,f4q+EbDBAGs7CSvTQ5h++gwlXSg=,4Luf1U10AENQftztBoAuSEC+mLE=
261,80,f4q+EbDBAGs7CSvTQ5h++gwlXSg=,4Luf1U10AENQftztBoAuSEC+mLE=
264,86,f4q+EbDBAGs7CSvTQ5h++gwlXSg=,/M+6NtpV81kk82Nx4EpW82M7TuA=
263,85,f4q+EbDBAGs7CSvTQ5h++gwlXSg=,4Luf1U10AENQftztBoAuSEC+mLE=
267,89,f4q+EbDBAGs7CSvTQ5h++gwlXSg=,1uuIhUTjz1uGcRaEBQSZ8uUHO/M=
263,86,f4q+EbDBAGs7CSvTQ5h++gwlXSg=,4Luf1U10AENQftztBoAuSEC+mLE=
262,86,f4q+EbDBAGs7CSvTQ5h++gwlXSg=,4Luf1U10AENQftztBoAuSEC+mLE=
261,86,f4q+EbDBAGs7CSvTQ5h++gwlXSg=,4Luf1U10AENQftztBoAuSEC+mLE=
261,85,f4q+EbDBAGs7CSvTQ5h++gwlXSg=,4Luf1U10AENQftztBoAuSEC+mLE=
264,84,f4q+EbDBAGs7CSvTQ5h++gwlXSg=,/M+6NtpV81kk82Nx4EpW82M7TuA=
266,85,f4q+EbDBAGs7CSvTQ5h++gwlXSg=,/M+6NtpV81kk82Nx4EpW82M7TuA=
260,86,f4q+EbDBAGs7CSvTQ5h++gwlXSg=,4Luf1U10AENQftztBoAuSEC+mLE=
264,87,f4q+EbDBAGs7CSvTQ5h++gwlXSg=,/M+6NtpV81kk82Nx4EpW82M7TuA=
264,85,f4q+EbDBAGs7CSvTQ5h++gwlXSg=,/M+6NtpV81kk82Nx4EpW82M7TuA=
262,87,f4q+EbDBAGs7CSvTQ5h++gwlXSg=,4Luf1U10AENQftztBoAuSEC+mLE=
260,95,f4q+EbDBAGs7CSvTQ5h++gwlXSg=,jeBk3iJEb2omycm51HFiS61QzNk=
263,95,f4q+EbDBAGs7CSvTQ5h++gwlXSg=,jeBk3iJEb2omycm51HFiS61QzNk=
262,95,f4q+EbDBAGs7CSvTQ5h++gwlXSg=,jeBk3iJEb2omycm51HFiS61QzNk=
261,95,f4q+EbDBAGs7CSvTQ5h++gwlXSg=,jeBk3iJEb2omycm51HFiS61QzNk=
265,92,f4q+EbDBAGs7CSvTQ5h++gwlXSg=,1uuIhUTjz1uGcRaEBQSZ8uUHO/M=
266,92,f4q+EbDBAGs7CSvTQ5h++gwlXSg=,1uuIhUTjz1uGcRaEBQSZ8uUHO/M=
267,92,f4q+EbDBAGs7CSvTQ5h++gwlXSg=,1uuIhUTjz1uGcRaEBQSZ8uUHO/M=
259,95,f4q+EbDBAGs7CSvTQ5h++gwlXSg=,jeBk3iJEb2omycm51HFiS61QzNk=
256,84,f4q+EbDBAGs7CSvTQ5h++gwlXSg=,4Luf1U10AENQftztBoAuSEC+mLE=
266,93,f4q+EbDBAGs7CSvTQ5h++gwlXSg=,1uuIhUTjz1uGcRaEBQSZ8uUHO/M=
265,93,f4q+EbDBAGs7CSvTQ5h++gwlXSg=,1uuIhUTjz1uGcRaEBQSZ8uUHO/M=
267,94,f4q+EbDBAGs7CSvTQ5h++gwlXSg=,1uuIhUTjz1uGcRaEBQSZ8uUHO/M=
258,95,f4q+EbDBAGs7CSvTQ5h++gwlXSg=,jeBk3iJEb2omycm51HFiS61QzNk=
266,95,f4q+EbDBAGs7CSvTQ5h++gwlXSg=,1uuIhUTjz1uGcRaEBQSZ8uUHO/M=
266,94,f4q+EbDBAGs7CSvTQ5h++gwlXSg=,1uuIhUTjz1uGcRaEBQSZ8uUHO/M=
267,95,f4q+EbDBAGs7CSvTQ5h++gwlXSg=,1uuIhUTjz1uGcRaEBQSZ8uUHO/M=
264,92,f4q+EbDBAGs7CSvTQ5h++gwlXSg=,1uuIhUTjz1uGcRaEBQSZ8uUHO/M=
257,92,f4q+EbDBAGs7CSvTQ5h++gwlXSg=,jeBk3iJEb2omycm51HFiS61QzNk=
258,92,f4q+EbDBAGs7CSvTQ5h++gwlXSg=,jeBk3iJEb2omycm51HFiS61QzNk=
257,95,f4q+EbDBAGs7CSvTQ5h++gwlXSg=,jeBk3iJEb2omycm51HFiS61QzNk=
264,93,f4q+EbDBAGs7CSvTQ5h++gwlXSg=,1uuIhUTjz1uGcRaEBQSZ8uUHO/M=
259,92,f4q+EbDBAGs7CSvTQ5h++gwlXSg=,jeBk3iJEb2omycm51HFiS61QzNk=
260,92,f4q+EbDBAGs7CSvTQ5h++gwlXSg=,jeBk3iJEb2omycm51HFiS61QzNk=
256,87,f4q+EbDBAGs7CSvTQ5h++gwlXSg=,4Luf1U10AENQftztBoAuSEC+mLE=
263,94,f4q+EbDBAGs7CSvTQ5h++gwlXSg=,jeBk3iJEb2omycm51HFiS61QzNk=
267,93,f4q+EbDBAGs7CSvTQ5h++gwlXSg=,1uuIhUTjz1uGcRaEBQSZ8uUHO/M=
262,94,f4q+EbDBAGs7CSvTQ5h++gwlXSg=,jeBk3iJEb2omycm51HFiS61QzNk=
261,94,f4q+EbDBAGs7CSvTQ5h++gwlXSg=,jeBk3iJEb2omycm51HFiS61QzNk=
260,94,f4q+EbDBAGs7CSvTQ5h++gwlXSg=,jeBk3iJEb2omycm51HFiS61QzNk=
259,94,f4q+EbDBAGs7CSvTQ5h++gwlXSg=,jeBk3iJEb2omycm51HFiS61QzNk=
257,94,f4q+EbDBAGs7CSvTQ5h++gwlXSg=,jeBk3iJEb2omycm51HFiS61QzNk=
263,93,f4q+EbDBAGs7CSvTQ5h++gwlXSg=,jeBk3iJEb2omycm51HFiS61QzNk=
258,94,f4q+EbDBAGs7CSvTQ5h++gwlXSg=,jeBk3iJEb2omycm51HFiS61QzNk=
262,93,f4q+EbDBAGs7CSvTQ5h++gwlXSg=,jeBk3iJEb2omycm51HFiS61QzNk=
256,85,f4q+EbDBAGs7CSvTQ5h++gwlXSg=,4Luf1U10AENQftztBoAuSEC+mLE=
260,93,f4q+EbDBAGs7CSvTQ5h++gwlXSg=,jeBk3iJEb2omycm51HFiS61QzNk=
256,86,f4q+EbDBAGs7CSvTQ5h++gwlXSg=,4Luf1U10AENQftztBoAuSEC+mLE=
259,93,f4q+EbDBAGs7CSvTQ5h++gwlXSg=,jeBk3iJEb2omycm51HFiS61QzNk=
258,93,f4q+EbDBAGs7CSvTQ5h++gwlXSg=,jeBk3iJEb2omycm51HFiS61QzNk=
263,92,f4q+EbDBAGs7CSvTQ5h++gwlXSg=,jeBk3iJEb2omycm51HFiS61QzNk=
261,93,f4q+EbDBAGs7CSvTQ5h++gwlXSg=,jeBk3iJEb2omycm51HFiS61QzNk=
257,93,f4q+EbDBAGs7CSvTQ5h++gwlXSg=,jeBk3iJEb2omycm51HFiS61QzNk=
262,92,f4q+EbDBAGs7CSvTQ5h++gwlXSg=,jeBk3iJEb2omycm51HFiS61QzNk=
256,88,f4q+EbDBAGs7CSvTQ5h++gwlXSg=,jeBk3iJEb2omycm51HFiS61QzNk=
264,94,f4q+EbDBAGs7CSvTQ5h++gwlXSg=,1uuIhUTjz1uGcRaEBQSZ8uUHO/M=
256,95,f4q+EbDBAGs7CSvTQ5h++gwlXSg=,jeBk3iJEb2omycm51HFiS61QzNk=
265,95,f4q+EbDBAGs7CSvTQ5h++gwlXSg=,1uuIhUTjz1uGcRaEBQSZ8uUHO/M=
261,92,f4q+EbDBAGs7CSvTQ5h++gwlXSg=,jeBk3iJEb2omycm51HFiS61QzNk=
256,92,f4q+EbDBAGs7CSvTQ5h++gwlXSg=,jeBk3iJEb2omycm51HFiS61QzNk=
256,93,f4q+EbDBAGs7CSvTQ5h++gwlXSg=,jeBk3iJEb2omycm51HFiS61QzNk=
256,94,f4q+EbDBAGs7CSvTQ5h++gwlXSg=,jeBk3iJEb2omycm51HFiS61QzNk=
264,95,f4q+EbDBAGs7CSvTQ5h++gwlXSg=,1uuIhUTjz1uGcRaEBQSZ8uUHO/M=
265,94,f4q+EbDBAGs7CSvTQ5h++gwlXSg=,1uuIhUTjz1uGcRaEBQSZ8uUHO/M=
259,85,f4q+EbDBAGs7CSvTQ5h++gwlXSg=,4Luf1U10AENQftztBoAuSEC+mLE=
257,84,f4q+EbDBAGs7CSvTQ5h++gwlXSg=,4Luf1U10AENQftztBoAuSEC+mLE=
258,84,f4q+EbDBAGs7CSvTQ5h++gwlXSg=,4Luf1U10AENQftztBoAuSEC+mLE=
258,86,f4q+EbDBAGs7CSvTQ5h++gwlXSg=,4Luf1U10AENQftztBoAuSEC+mLE=
259,86,f4q+EbDBAGs7CSvTQ5h++gwlXSg=,4Luf1U10AENQftztBoAuSEC+mLE=
257,89,f4q+EbDBAGs7CSvTQ5h++gwlXSg=,jeBk3iJEb2omycm51HFiS61QzNk=
258,89,f4q+EbDBAGs7CSvTQ5h++gwlXSg=,jeBk3iJEb2omycm51HFiS61QzNk=
257,85,f4q+EbDBAGs7CSvTQ5h++gwlXSg=,4Luf1U10AENQftztBoAuSEC+mLE=
258,85,f4q+EbDBAGs7CSvTQ5h++gwlXSg=,4Luf1U10AENQftztBoAuSEC+mLE=
259,89,f4q+EbDBAGs7CSvTQ5h++gwlXSg=,jeBk3iJEb2omycm51HFiS61QzNk=
259,84,f4q+EbDBAGs7CSvTQ5h++gwlXSg=,4Luf1U10AENQftztBoAuSEC+mLE=
257,86,f4q+EbDBAGs7CSvTQ5h++gwlXSg=,4Luf1U10AENQftztBoAuSEC+mLE=
257,90,f4q+EbDBAGs7CSvTQ5h++gwlXSg=,jeBk3iJEb2omycm51HFiS61QzNk=
258,90,f4q+EbDBAGs7CSvTQ5h++gwlXSg=,jeBk3iJEb2omycm51HFiS61QzNk=
259,90,f4q+EbDBAGs7CSvTQ5h++gwlXSg=,jeBk3iJEb2omycm51HFiS61QzNk=
258,91,f4q+EbDBAGs7CSvTQ5h++gwlXSg=,jeBk3iJEb2omycm51HFiS61QzNk=
257,91,f4q+EbDBAGs7CSvTQ5h++gwlXSg=,jeBk3iJEb2omycm51HFiS61QzNk=
259,91,f4q+EbDBAGs7CSvTQ5h++gwlXSg=,jeBk3iJEb2omycm51HFiS61QzNk=
258,87,f4q+EbDBAGs7CSvTQ5h++gwlXSg=,4Luf1U10AENQftztBoAuSEC+mLE=
259,88,f4q+EbDBAGs7CSvTQ5h++gwlXSg=,jeBk3iJEb2omycm51HFiS61QzNk=
257,87,f4q+EbDBAGs7CSvTQ5h++gwlXSg=,4Luf1U10AENQftztBoAuSEC+mLE=
258,88,f4q+EbDBAGs7CSvTQ5h++gwlXSg=,jeBk3iJEb2omycm51HFiS61QzNk=
257,88,f4q+EbDBAGs7CSvTQ5h++gwlXSg=,jeBk3iJEb2omycm51HFiS61QzNk=
256,89,f4q+EbDBAGs7CSvTQ5h++gwlXSg=,jeBk3iJEb2omycm51HFiS61QzNk=
256,90,f4q+EbDBAGs7CSvTQ5h++gwlXSg=,jeBk3iJEb2omycm51HFiS61QzNk=
259,87,f4q+EbDBAGs7CSvTQ5h++gwlXSg=,4Luf1U10AENQftztBoAuSEC+mLE=
256,91,f4q+EbDBAGs7CSvTQ5h++gwlXSg=,jeBk3iJEb2omycm51HFiS61QzNk=
256,80,f4q+EbDBAGs7CSvTQ5h++gwlXSg=,4Luf1U10AENQftztBoAuSEC+mLE=
257,81,f4q+EbDBAGs7CSvTQ5h++gwlXSg=,4Luf1U10AENQftztBoAuSEC+mLE=
258,81,f4q+EbDBAGs7CSvTQ5h++gwlXSg=,4Luf1U10AENQftztBoAuSEC+mLE=
257,83,f4q+EbDBAGs7CSvTQ5h++gwlXSg=,4Luf1U10AENQftztBoAuSEC+mLE=
258,83,f4q+EbDBAGs7CSvTQ5h++gwlXSg=,4Luf1U10AENQftztBoAuSEC+mLE=
259,81,f4q+EbDBAGs7CSvTQ5h++gwlXSg=,4Luf1U10AENQftztBoAuSEC+mLE=
259,83,f4q+EbDBAGs7CSvTQ5h++gwlXSg=,4Luf1U10AENQftztBoAuSEC+mLE=
256,82,f4q+EbDBAGs7CSvTQ5h++gwlXSg=,4Luf1U10AENQftztBoAuSEC+mLE=
257,82,f4q+EbDBAGs7CSvTQ5h++gwlXSg=,4Luf1U10AENQftztBoAuSEC+mLE=
258,80,f4q+EbDBAGs7CSvTQ5h++gwlXSg=,4Luf1U10AENQftztBoAuSEC+mLE=
259,82,f4q+EbDBAGs7CSvTQ5h++gwlXSg=,4Luf1U10AENQftztBoAuSEC+mLE=
257,80,f4q+EbDBAGs7CSvTQ5h++gwlXSg=,4Luf1U10AENQftztBoAuSEC+mLE=
259,80,f4q+EbDBAGs7CSvTQ5h++gwlXSg=,4Luf1U10AENQftztBoAuSEC+mLE=
256,83,f4q+EbDBAGs7CSvTQ5h++gwlXSg=,4Luf1U10AENQftztBoAuSEC+mLE=
256,81,f4q+EbDBAGs7CSvTQ5h++gwlXSg=,4Luf1U10AENQftztBoAuSEC+mLE=
258,82,f4q+EbDBAGs7CSvTQ5h++gwlXSg=,4Luf1U10AENQftztBoAuSEC+mLE=
271,80,DMi+YNQ5m6+LM1LSA2JUBPxwR1s=,/M+6NtpV81kk82Nx4EpW82M7TuA=
268,81,DMi+YNQ5m6+LM1LSA2JUBPxwR1s=,/M+6NtpV81kk82Nx4EpW82M7TuA=
270,81,DMi+YNQ5m6+LM1LSA2JUBPxwR1s=,/M+6NtpV81kk82Nx4EpW82M7TuA=
271,81,DMi+YNQ5m6+LM1LSA2JUBPxwR1s=,/M+6NtpV81kk82Nx4EpW82M7TuA=
268,82,DMi+YNQ5m6+LM1LSA2JUBPxwR1s=,/M+6NtpV81kk82Nx4EpW82M7TuA=
271,82,DMi+YNQ5m6+LM1LSA2JUBPxwR1s=,/M+6NtpV81kk82Nx4EpW82M7TuA=
270,82,DMi+YNQ5m6+LM1LSA2JUBPxwR1s=,/M+6NtpV81kk82Nx4EpW82M7TuA=
269,83,DMi+YNQ5m6+LM1LSA2JUBPxwR1s=,/M+6NtpV81kk82Nx4EpW82M7TuA=
270,83,DMi+YNQ5m6+LM1LSA2JUBPxwR1s=,/M+6NtpV81kk82Nx4EpW82M7TuA=
271,83,DMi+YNQ5m6+LM1LSA2JUBPxwR1s=,/M+6NtpV81kk82Nx4EpW82M7TuA=
269,82,DMi+YNQ5m6+LM1LSA2JUBPxwR1s=,/M+6NtpV81kk82Nx4EpW82M7TuA=
268,83,DMi+YNQ5m6+LM1LSA2JUBPxwR1s=,/M+6NtpV81kk82Nx4EpW82M7TuA=
269,80,DMi+YNQ5m6+LM1LSA2JUBPxwR1s=,/M+6NtpV81kk82Nx4EpW82M7TuA=
270,80,DMi+YNQ5m6+LM1LSA2JUBPxwR1s=,/M+6NtpV81kk82Nx4EpW82M7TuA=
269,81,DMi+YNQ5m6+LM1LSA2JUBPxwR1s=,/M+6NtpV81kk82Nx4EpW82M7TuA=
268,80,DMi+YNQ5m6+LM1LSA2JUBPxwR1s=,/M+6NtpV81kk82Nx4EpW82M7TuA=
271,92,DMi+YNQ5m6+LM1LSA2JUBPxwR1s=,1uuIhUTjz1uGcRaEBQSZ8uUHO/M=
271,94,DMi+YNQ5m6+LM1LSA2JUBPxwR1s=,1uuIhUTjz1uGcRaEBQSZ8uUHO/M=
271,95,DMi+YNQ5m6+LM1LSA2JUBPxwR1s=,1uuIhUTjz1uGcRaEBQSZ8uUHO/M=
271,93,DMi+YNQ5m6+LM1LSA2JUBPxwR1s=,1uuIhUTjz1uGcRaEBQSZ8uUHO/M=
271,90,DMi+YNQ5m6+LM1LSA2JUBPxwR1s=,1uuIhUTjz1uGcRaEBQSZ8uUHO/M=
271,89,DMi+YNQ5m6+LM1LSA2JUBPxwR1s=,1uuIhUTjz1uGcRaEBQSZ8uUHO/M=
271,91,DMi+YNQ5m6+LM1LSA2JUBPxwR1s=,1uuIhUTjz1uGcRaEBQSZ8uUHO/M=
271,88,DMi+YNQ5m6+LM1LSA2JUBPxwR1s=,1uuIhUTjz1uGcRaEBQSZ8uUHO/M=
270,95,DMi+YNQ5m6+LM1LSA2JUBPxwR1s=,1uuIhUTjz1uGcRaEBQSZ8uUHO/M=
268,86,DMi+YNQ5m6+LM1LSA2JUBPxwR1s=,/M+6NtpV81kk82Nx4EpW82M7TuA=
270,86,DMi+YNQ5m6+LM1LSA2JUBPxwR1s=,/M+6NtpV81kk82Nx4EpW82M7TuA=
268,84,DMi+YNQ5m6+LM1LSA2JUBPxwR1s=,/M+6NtpV81kk82Nx4EpW82M7TuA=
269,84,DMi+YNQ5m6+LM1LSA2JUBPxwR1s=,/M+6NtpV81kk82Nx4EpW82M7TuA=
271,86,DMi+YNQ5m6+LM1LSA2JUBPxwR1s=,/M+6NtpV81kk82Nx4EpW82M7TuA=
269,86,DMi+YNQ5m6+LM1LSA2JUBPxwR1s=,/M+6NtpV81kk82Nx4EpW82M7TuA=
271,87,DMi+YNQ5m6+LM1LSA2JUBPxwR1s=,/M+6NtpV81kk82Nx4EpW82M7TuA=
270,84,DMi+YNQ5m6+LM1LSA2JUBPxwR1s=,/M+6NtpV81kk82Nx4EpW82M7TuA=
269,95,DMi+YNQ5m6+LM1LSA2JUBPxwR1s=,1uuIhUTjz1uGcRaEBQSZ8uUHO/M=
268,85,DMi+YNQ5m6+LM1LSA2JUBPxwR1s=,/M+6NtpV81kk82Nx4EpW82M7TuA=
268,89,DMi+YNQ5m6+LM1LSA2JUBPxwR1s=,1uuIhUTjz1uGcRaEBQSZ8uUHO/M=
268,95,DMi+YNQ5m6+LM1LSA2JUBPxwR1s=,1uuIhUTjz1uGcRaEBQSZ8uUHO/M=
270,85,DMi+YNQ5m6+LM1LSA2JUBPxwR1s=,/M+6NtpV81kk82Nx4EpW82M7TuA=
271,84,DMi+YNQ5m6+LM1LSA2JUBPxwR1s=,/M+6NtpV81kk82Nx4EpW82M7TuA=
270,89,DMi+YNQ5m6+LM1LSA2JUBPxwR1s=,1uuIhUTjz1uGcRaEBQSZ8uUHO/M=
269,89,DMi+YNQ5m6+LM1LSA2JUBPxwR1s=,1uuIhUTjz1uGcRaEBQSZ8uUHO/M=
269,90,DMi+YNQ5m6+LM1LSA2JUBPxwR1s=,1uuIhUTjz1uGcRaEBQSZ8uUHO/M=
268,92,DMi+YNQ5m6+LM1LSA2JUBPxwR1s=,1uuIhUTjz1uGcRaEBQSZ8uUHO/M=
270,90,DMi+YNQ5m6+LM1LSA2JUBPxwR1s=,1uuIhUTjz1uGcRaEBQSZ8uUHO/M=
269,92,DMi+YNQ5m6+LM1LSA2JUBPxwR1s=,1uuIhUTjz1uGcRaEBQSZ8uUHO/M=
270,92,DMi+YNQ5m6+LM1LSA2JUBPxwR1s=,1uuIhUTjz1uGcRaEBQSZ8uUHO/M=
268,91,DMi+YNQ5m6+LM1LSA2JUBPxwR1s=,1uuIhUTjz1uGcRaEBQSZ8uUHO/M=
268,93,DMi+YNQ5m6+LM1LSA2JUBPxwR1s=,1uuIhUTjz1uGcRaEBQSZ8uUHO/M=
271,85,DMi+YNQ5m6+LM1LSA2JUBPxwR1s=,/M+6NtpV81kk82Nx4EpW82M7TuA=
269,93,DMi+YNQ5m6+LM1LSA2JUBPxwR1s=,1uuIhUTjz1uGcRaEBQSZ8uUHO/M=
269,87,DMi+YNQ5m6+LM1LSA2JUBPxwR1s=,/M+6NtpV81kk82Nx4EpW82M7TuA=
270,93,DMi+YNQ5m6+LM1LSA2JUBPxwR1s=,1uuIhUTjz1uGcRaEBQSZ8uUHO/M=
270,91,DMi+YNQ5m6+LM1LSA2JUBPxwR1s=,1uuIhUTjz1uGcRaEBQSZ8uUHO/M=
270,88,DMi+YNQ5m6+LM1LSA2JUBPxwR1s=,1uuIhUTjz1uGcRaEBQSZ8uUHO/M=
269,91,DMi+YNQ5m6+LM1LSA2JUBPxwR1s=,1uuIhUTjz1uGcRaEBQSZ8uUHO/M=
268,94,DMi+YNQ5m6+LM1LSA2JUBPxwR1s=,1uuIhUTjz1uGcRaEBQSZ8uUHO/M=
268,87,DMi+YNQ5m6+LM1LSA2JUBPxwR1s=,/M+6NtpV81kk82Nx4EpW82M7TuA=
270,94,DMi+YNQ5m6+LM1LSA2JUBPxwR1s=,1uuIhUTjz1uGcRaEBQSZ8uUHO/M=
269,94,DMi+YNQ5m6+LM1LSA2JUBPxwR1s=,1uuIhUTjz1uGcRaEBQSZ8uUHO/M=
270,87,DMi+YNQ5m6+LM1LSA2JUBPxwR1s=,/M+6NtpV81kk82Nx4EpW82M7TuA=
269,85,DMi+YNQ5m6+LM1LSA2JUBPxwR1s=,/M+6NtpV81kk82Nx4EpW82M7TuA=
268,88,DMi+YNQ5m6+LM1LSA2JUBPxwR1s=,1uuIhUTjz1uGcRaEBQSZ8uUHO/M=
269,88,DMi+YNQ5m6+LM1LSA2JUBPxwR1s=,1uuIhUTjz1uGcRaEBQSZ8uUHO/M=
268,90,DMi+YNQ5m6+LM1LSA2JUBPxwR1s=,1uuIhUTjz1uGcRaEBQSZ8uUHO/M=
278,87,FqE470k3yEp/naj58wglqAXJbKc=,bjdIrtDjxbU2WN1mWmI7XeqqQoc=
287,87,FqE470k3yEp/naj58wglqAXJbKc=,qCoA8M/kK7UyKgFSx44klbLw1mw=
284,86,FqE470k3yEp/naj58wglqAXJbKc=,qCoA8M/kK7UyKgFSx44klbLw1mw=
285,86,FqE470k3yEp/naj58wglqAXJbKc=,qCoA8M/kK7UyKgFSx44klbLw1mw=
286,86,FqE470k3yEp/naj58wglqAXJbKc=,qCoA8M/kK7UyKgFSx44klbLw1mw=
279,87,FqE470k3yEp/naj58wglqAXJbKc=,bjdIrtDjxbU2WN1mWmI7XeqqQoc=
287,86,FqE470k3yEp/naj58wglqAXJbKc=,qCoA8M/kK7UyKgFSx44klbLw1mw=
281,84,FqE470k3yEp/naj58wglqAXJbKc=,qCoA8M/kK7UyKgFSx44klbLw1mw=
286,87,FqE470k3yEp/naj58wglqAXJbKc=,qCoA8M/kK7UyKgFSx44klbLw1mw=
282,84,FqE470k3yEp/naj58wglqAXJbKc=,qCoA8M/kK7UyKgFSx44klbLw1mw=
286,84,FqE470k3yEp/naj58wglqAXJbKc=,qCoA8M/kK7UyKgFSx44klbLw1mw=
283,84,FqE470k3yEp/naj58wglqAXJbKc=,qCoA8M/kK7UyKgFSx44klbLw1mw=
284,84,FqE470k3yEp/naj58wglqAXJbKc=,qCoA8M/kK7UyKgFSx44klbLw1mw=
287,84,FqE470k3yEp/naj58wglqAXJbKc=,qCoA8M/kK7UyKgFSx44klbLw1mw=
283,85,FqE470k3yEp/naj58wglqAXJbKc=,qCoA8M/kK7UyKgFSx44klbLw1mw=
282,85,FqE470k3yEp/naj58wglqAXJbKc=,qCoA8M/kK7UyKgFSx44klbLw1mw=
284,85,FqE470k3yEp/naj58wglqAXJbKc=,qCoA8M/kK7UyKgFSx44klbLw1mw=
285,85,FqE470k3yEp/naj58wglqAXJbKc=,qCoA8M/kK7UyKgFSx44klbLw1mw=
286,85,FqE470k3yEp/naj58wglqAXJbKc=,qCoA8M/kK7UyKgFSx44klbLw1mw=
285,87,FqE470k3yEp/naj58wglqAXJbKc=,qCoA8M/kK7UyKgFSx44klbLw1mw=
287,85,FqE470k3yEp/naj58wglqAXJbKc=,qCoA8M/kK7UyKgFSx44klbLw1mw=
282,86,FqE470k3yEp/naj58wglqAXJbKc=,qCoA8M/kK7UyKgFSx44klbLw1mw=
285,84,FqE470k3yEp/naj58wglqAXJbKc=,qCoA8M/kK7UyKgFSx44klbLw1mw=
280,84,FqE470k3yEp/naj58wglqAXJbKc=,qCoA8M/kK7UyKgFSx44klbLw1mw=
283,86,FqE470k3yEp/naj58wglqAXJbKc=,qCoA8M/kK7UyKgFSx44klbLw1mw=
280,86,FqE470k3yEp/naj58wglqAXJbKc=,qCoA8M/kK7UyKgFSx44klbLw1mw=
280,87,FqE470k3yEp/naj58wglqAXJbKc=,qCoA8M/kK7UyKgFSx44klbLw1mw=
281,87,FqE470k3yEp/naj58wglqAXJbKc=,qCoA8M/kK7UyKgFSx44klbLw1mw=
282,87,FqE470k3yEp/naj58wglqAXJbKc=,qCoA8M/kK7UyKgFSx44klbLw1mw=
281,86,FqE470k3yEp/naj58wglqAXJbKc=,qCoA8M/kK7UyKgFSx44klbLw1mw=
284,87,FqE470k3yEp/naj58wglqAXJbKc=,qCoA8M/kK7UyKgFSx44klbLw1mw=
283,87,FqE470k3yEp/naj58wglqAXJbKc=,qCoA8M/kK7UyKgFSx44klbLw1mw=
281,88,FqE470k3yEp/naj58wglqAXJbKc=,L9Lee6j16+gyhumb9sNrlx3axJo=
280,88,FqE470k3yEp/naj58wglqAXJbKc=,L9Lee6j16+gyhumb9sNrlx3axJo=
276,88,FqE470k3yEp/naj58wglqAXJbKc=,0oaP4gRnmpU0LRDJePe/CMPujE8=
277,88,FqE470k3yEp/naj58wglqAXJbKc=,0oaP4gRnmpU0LRDJePe/CMPujE8=
278,84,FqE470k3yEp/naj58wglqAXJbKc=,bjdIrtDjxbU2WN1mWmI7XeqqQoc=
279,84,FqE470k3yEp/naj58wglqAXJbKc=,bjdIrtDjxbU2WN1mWmI7XeqqQoc=
282,88,FqE470k3yEp/naj58wglqAXJbKc=,L9Lee6j16+gyhumb9sNrlx3axJo=
276,85,FqE470k3yEp/naj58wglqAXJbKc=,bjdIrtDjxbU2WN1mWmI7XeqqQoc=
277,85,FqE470k3yEp/naj58wglqAXJbKc=,bjdIrtDjxbU2WN1mWmI7XeqqQoc=
279,85,FqE470k3yEp/naj58wglqAXJbKc=,bjdIrtDjxbU2WN1mWmI7XeqqQoc=
276,89,FqE470k3yEp/naj58wglqAXJbKc=,0oaP4gRnmpU0LRDJePe/CMPujE8=
278,85,FqE470k3yEp/naj58wglqAXJbKc=,bjdIrtDjxbU2WN1mWmI7XeqqQoc=
276,84,FqE470k3yEp/naj58wglqAXJbKc=,bjdIrtDjxbU2WN1mWmI7XeqqQoc=
276,86,FqE470k3yEp/naj58wglqAXJbKc=,bjdIrtDjxbU2WN1mWmI7XeqqQoc=
277,86,FqE470k3yEp/naj58wglqAXJbKc=,bjdIrtDjxbU2WN1mWmI7XeqqQoc=
278,86,FqE470k3yEp/naj58wglqAXJbKc=,bjdIrtDjxbU2WN1mWmI7XeqqQoc=
283,88,FqE470k3yEp/naj58wglqAXJbKc=,L9Lee6j16+gyhumb9sNrlx3axJo=
279,86,FqE470k3yEp/naj58wglqAXJbKc=,bjdIrtDjxbU2WN1mWmI7XeqqQoc=
277,84,FqE470k3yEp/naj58wglqAXJbKc=,bjdIrtDjxbU2WN1mWmI7XeqqQoc=
277,89,FqE470k3yEp/naj58wglqAXJbKc=,0oaP4gRnmpU0LRDJePe/CMPujE8=
276,87,FqE470k3yEp/naj58wglqAXJbKc=,bjdIrtDjxbU2WN1mWmI7XeqqQoc=
278,89,FqE470k3yEp/naj58wglqAXJbKc=,0oaP4gRnmpU0LRDJePe/CMPujE8=
276,90,FqE470k3yEp/naj58wglqAXJbKc=,0oaP4gRnmpU0LRDJePe/CMPujE8=
277,87,FqE470k3yEp/naj58wglqAXJbKc=,bjdIrtDjxbU2WN1mWmI7XeqqQoc=
284,88,FqE470k3yEp/naj58wglqAXJbKc=,L9Lee6j16+gyhumb9sNrlx3axJo=
277,90,FqE470k3yEp/naj58wglqAXJbKc=,0oaP4gRnmpU0LRDJePe/CMPujE8=
276,91,FqE470k3yEp/naj58wglqAXJbKc=,0oaP4gRnmpU0LRDJePe/CMPujE8=
278,90,FqE470k3yEp/naj58wglqAXJbKc=,0oaP4gRnmpU0LRDJePe/CMPujE8=
277,91,FqE470k3yEp/naj58wglqAXJbKc=,0oaP4gRnmpU0LRDJePe/CMPujE8=
278,91,FqE470k3yEp/naj58wglqAXJbKc=,0oaP4gRnmpU0LRDJePe/CMPujE8=
278,88,FqE470k3yEp/naj58wglqAXJbKc=,0oaP4gRnmpU0LRDJePe/CMPujE8=
285,88,FqE470k3yEp/naj58wglqAXJbKc=,L9Lee6j16+gyhumb9sNrlx3axJo=
284,89,FqE470k3yEp/naj58wglqAXJbKc=,L9Lee6j16+gyhumb9sNrlx3axJo=
285,89,FqE470k3yEp/naj58wglqAXJbKc=,L9Lee6j16+gyhumb9sNrlx3axJo=
286,89,FqE470k3yEp/naj58wglqAXJbKc=,L9Lee6j16+gyhumb9sNrlx3axJo=
287,89,FqE470k3yEp/naj58wglqAXJbKc=,L9Lee6j16+gyhumb9sNrlx3axJo=
280,85,FqE470k3yEp/naj58wglqAXJbKc=,qCoA8M/kK7UyKgFSx44klbLw1mw=
280,90,FqE470k3yEp/naj58wglqAXJbKc=,L9Lee6j16+gyhumb9sNrlx3axJo=
282,90,FqE470k3yEp/naj58wglqAXJbKc=,L9Lee6j16+gyhumb9sNrlx3axJo=
281,85,FqE470k3yEp/naj58wglqAXJbKc=,qCoA8M/kK7UyKgFSx44klbLw1mw=
283,90,FqE470k3yEp/naj58wglqAXJbKc=,L9Lee6j16+gyhumb9sNrlx3axJo=
286,88,FqE470k3yEp/naj58wglqAXJbKc=,L9Lee6j16+gyhumb9sNrlx3axJo=
279,89,FqE470k3yEp/naj58wglqAXJbKc=,0oaP4gRnmpU0LRDJePe/CMPujE8=
284,90,FqE470k3yEp/naj58wglqAXJbKc=,L9Lee6j16+gyhumb9sNrlx3axJo=
285,90,FqE470k3yEp/naj58wglqAXJbKc=,L9Lee6j16+gyhumb9sNrlx3axJo=
286,90,FqE470k3yEp/naj58wglqAXJbKc=,L9Lee6j16+gyhumb9sNrlx3axJo=
280,91,FqE470k3yEp/naj58wglqAXJbKc=,L9Lee6j16+gyhumb9sNrlx3axJo=
287,88,FqE470k3yEp/naj58wglqAXJbKc=,L9Lee6j16+gyhumb9sNrlx3axJo=
287,90,FqE470k3yEp/naj58wglqAXJbKc=,L9Lee6j16+gyhumb9sNrlx3axJo=
279,90,FqE470k3yEp/naj58wglqAXJbKc=,0oaP4gRnmpU0LRDJePe/CMPujE8=
282,91,FqE470k3yEp/naj58wglqAXJbKc=,L9Lee6j16+gyhumb9sNrlx3axJo=
281,91,FqE470k3yEp/naj58wglqAXJbKc=,L9Lee6j16+gyhumb9sNrlx3axJo=
279,91,FqE470k3yEp/naj58wglqAXJbKc=,0oaP4gRnmpU0LRDJePe/CMPujE8=
283,91,FqE470k3yEp/naj58wglqAXJbKc=,L9Lee6j16+gyhumb9sNrlx3axJo=
284,91,FqE470k3yEp/naj58wglqAXJbKc=,L9Lee6j16+gyhumb9sNrlx3axJo=
285,91,FqE470k3yEp/naj58wglqAXJbKc=,L9Lee6j16+gyhumb9sNrlx3axJo=
286,91,FqE470k3yEp/naj58wglqAXJbKc=,L9Lee6j16+gyhumb9sNrlx3axJo=
287,91,FqE470k3yEp/naj58wglqAXJbKc=,L9Lee6j16+gyhumb9sNrlx3axJo=
283,89,FqE470k3yEp/naj58wglqAXJbKc=,L9Lee6j16+gyhumb9sNrlx3axJo=
279,88,FqE470k3yEp/naj58wglqAXJbKc=,0oaP4gRnmpU0LRDJePe/CMPujE8=
280,89,FqE470k3yEp/naj58wglqAXJbKc=,L9Lee6j16+gyhumb9sNrlx3axJo=
281,89,FqE470k3yEp/naj58wglqAXJbKc=,L9Lee6j16+gyhumb9sNrlx3axJo=
282,89,FqE470k3yEp/naj58wglqAXJbKc=,L9Lee6j16+gyhumb9sNrlx3axJo=
281,90,FqE470k3yEp/naj58wglqAXJbKc=,L9Lee6j16+gyhumb9sNrlx3axJo=
286,95,KYo6Lv+liCL9HIsLQTczke0482g=,L9Lee6j16+gyhumb9sNrlx3axJo=
287,95,KYo6Lv+liCL9HIsLQTczke0482g=,L9Lee6j16+gyhumb9sNrlx3axJo=
284,92,KYo6Lv+liCL9HIsLQTczke0482g=,L9Lee6j16+gyhumb9sNrlx3axJo=
286,92,KYo6Lv+liCL9HIsLQTczke0482g=,L9Lee6j16+gyhumb9sNrlx3axJo=
285,92,KYo6Lv+liCL9HIsLQTczke0482g=,L9Lee6j16+gyhumb9sNrlx3axJo=
284,93,KYo6Lv+liCL9HIsLQTczke0482g=,L9Lee6j16+gyhumb9sNrlx3axJo=
286,94,KYo6Lv+liCL9HIsLQTczke0482g=,L9Lee6j16+gyhumb9sNrlx3axJo=
287,94,KYo6Lv+liCL9HIsLQTczke0482g=,L9Lee6j16+gyhumb9sNrlx3axJo=
285,94,KYo6Lv+liCL9HIsLQTczke0482g=,L9Lee6j16+gyhumb9sNrlx3axJo=
287,93,KYo6Lv+liCL9HIsLQTczke0482g=,L9Lee6j16+gyhumb9sNrlx3axJo=
284,94,KYo6Lv+liCL9HIsLQTczke0482g=,L9Lee6j16+gyhumb9sNrlx3axJo=
286,93,KYo6Lv+liCL9HIsLQTczke0482g=,L9Lee6j16+gyhumb9sNrlx3axJo=
285,93,KYo6Lv+liCL9HIsLQTczke0482g=,L9Lee6j16+gyhumb9sNrlx3axJo=
284,95,KYo6Lv+liCL9HIsLQTczke0482g=,L9Lee6j16+gyhumb9sNrlx3axJo=
287,92,KYo6Lv+liCL9HIsLQTczke0482g=,L9Lee6j16+gyhumb9sNrlx3axJo=
285,95,KYo6Lv+liCL9HIsLQTczke0482g=,L9Lee6j16+gyhumb9sNrlx3axJo=
279,95,KYo6Lv+liCL9HIsLQTczke0482g=,0oaP4gRnmpU0LRDJePe/CMPujE8=
280,95,KYo6Lv+liCL9HIsLQTczke0482g=,L9Lee6j16+gyhumb9sNrlx3axJo=
276,92,KYo6Lv+liCL9HIsLQTczke0482g=,0oaP4gRnmpU0LRDJePe/CMPujE8=
276,93,KYo6Lv+liCL9HIsLQTczke0482g=,0oaP4gRnmpU0LRDJePe/CMPujE8=
277,92,KYo6Lv+liCL9HIsLQTczke0482g=,0oaP4gRnmpU0LRDJePe/CMPujE8=
277,93,KYo6Lv+liCL9HIsLQTczke0482g=,0oaP4gRnmpU0LRDJePe/CMPujE8=
276,94,KYo6Lv+liCL9HIsLQTczke0482g=,0oaP4gRnmpU0LRDJePe/CMPujE8=
278,92,KYo6Lv+liCL9HIsLQTczke0482g=,0oaP4gRnmpU0LRDJePe/CMPujE8=
278,93,KYo6Lv+liCL9HIsLQTczke0482g=,0oaP4gRnmpU0LRDJePe/CMPujE8=
278,94,KYo6Lv+liCL9HIsLQTczke0482g=,0oaP4gRnmpU0LRDJePe/CMPujE8=
277,94,KYo6Lv+liCL9HIsLQTczke0482g=,0oaP4gRnmpU0LRDJePe/CMPujE8=
279,92,KYo6Lv+liCL9HIsLQTczke0482g=,0oaP4gRnmpU0LRDJePe/CMPujE8=
279,93,KYo6Lv+liCL9HIsLQTczke0482g=,0oaP4gRnmpU0LRDJePe/CMPujE8=
280,92,KYo6Lv+liCL9HIsLQTczke0482g=,L9Lee6j16+gyhumb9sNrlx3axJo=
281,92,KYo6Lv+liCL9HIsLQTczke0482g=,L9Lee6j16+gyhumb9sNrlx3axJo=
283,92,KYo6Lv+liCL9HIsLQTczke0482g=,L9Lee6j16+gyhumb9sNrlx3axJo=
282,92,KYo6Lv+liCL9HIsLQTczke0482g=,L9Lee6j16+gyhumb9sNrlx3axJo=
280,93,KYo6Lv+liCL9HIsLQTczke0482g=,L9Lee6j16+gyhumb9sNrlx3axJo=
281,93,KYo6Lv+liCL9HIsLQTczke0482g=,L9Lee6j16+gyhumb9sNrlx3axJo=
282,93,KYo6Lv+liCL9HIsLQTczke0482g=,L9Lee6j16+gyhumb9sNrlx3axJo=
279,94,KYo6Lv+liCL9HIsLQTczke0482g=,0oaP4gRnmpU0LRDJePe/CMPujE8=
283,93,KYo6Lv+liCL9HIsLQTczke0482g=,L9Lee6j16+gyhumb9sNrlx3axJo=
283,94,KYo6Lv+liCL9HIsLQTczke0482g=,L9Lee6j16+gyhumb9sNrlx3axJo=
282,94,KYo6Lv+liCL9HIsLQTczke0482g=,L9Lee6j16+gyhumb9sNrlx3axJo=
281,94,KYo6Lv+liCL9HIsLQTczke0482g=,L9Lee6j16+gyhumb9sNrlx3axJo=
280,94,KYo6Lv+liCL9HIsLQTczke0482g=,L9Lee6j16+gyhumb9sNrlx3axJo=
281,95,KYo6Lv+liCL9HIsLQTczke0482g=,L9Lee6j16+gyhumb9sNrlx3axJo=
282,95,KYo6Lv+liCL9HIsLQTczke0482g=,L9Lee6j16+gyhumb9sNrlx3axJo=
283,95,KYo6Lv+liCL9HIsLQTczke0482g=,L9Lee6j16+gyhumb9sNrlx3axJo=
276,95,KYo6Lv+liCL9HIsLQTczke0482g=,0oaP4gRnmpU0LRDJePe/CMPujE8=
278,95,KYo6Lv+liCL9HIsLQTczke0482g=,0oaP4gRnmpU0LRDJePe/CMPujE8=
277,95,KYo6Lv+liCL9HIsLQTczke0482g=,0oaP4gRnmpU0LRDJePe/CMPujE8=
276,83,KYo6Lv+liCL9HIsLQTczke0482g=,bjdIrtDjxbU2WN1mWmI7XeqqQoc=
287,80,KYo6Lv+liCL9HIsLQTczke0482g=,qCoA8M/kK7UyKgFSx44klbLw1mw=
282,81,KYo6Lv+liCL9HIsLQTczke0482g=,qCoA8M/kK7UyKgFSx44klbLw1mw=
281,81,KYo6Lv+liCL9HIsLQTczke0482g=,qCoA8M/kK7UyKgFSx44klbLw1mw=
286,80,KYo6Lv+liCL9HIsLQTczke0482g=,qCoA8M/kK7UyKgFSx44klbLw1mw=
283,81,KYo6Lv+liCL9HIsLQTczke0482g=,qCoA8M/kK7UyKgFSx44klbLw1mw=
285,81,KYo6Lv+liCL9HIsLQTczke0482g=,qCoA8M/kK7UyKgFSx44klbLw1mw=
286,81,KYo6Lv+liCL9HIsLQTczke0482g=,qCoA8M/kK7UyKgFSx44klbLw1mw=
279,80,KYo6Lv+liCL9HIsLQTczke0482g=,bjdIrtDjxbU2WN1mWmI7XeqqQoc=
281,82,KYo6Lv+liCL9HIsLQTczke0482g=,qCoA8M/kK7UyKgFSx44klbLw1mw=
284,81,KYo6Lv+liCL9HIsLQTczke0482g=,qCoA8M/kK7UyKgFSx44klbLw1mw=
287,81,KYo6Lv+liCL9HIsLQTczke0482g=,qCoA8M/kK7UyKgFSx44klbLw1mw=
285,80,KYo6Lv+liCL9HIsLQTczke0482g=,qCoA8M/kK7UyKgFSx44klbLw1mw=
282,82,KYo6Lv+liCL9HIsLQTczke0482g=,qCoA8M/kK7UyKgFSx44klbLw1mw=
284,82,KYo6Lv+liCL9HIsLQTczke0482g=,qCoA8M/kK7UyKgFSx44klbLw1mw=
283,82,KYo6Lv+liCL9HIsLQTczke0482g=,qCoA8M/kK7UyKgFSx44klbLw1mw=
278,80,KYo6Lv+liCL9HIsLQTczke0482g=,bjdIrtDjxbU2WN1mWmI7XeqqQoc=
285,82,KYo6Lv+liCL9HIsLQTczke0482g=,qCoA8M/kK7UyKgFSx44klbLw1mw=
277,81,KYo6Lv+liCL9HIsLQTczke0482g=,bjdIrtDjxbU2WN1mWmI7XeqqQoc=
286,82,KYo6Lv+liCL9HIsLQTczke0482g=,qCoA8M/kK7UyKgFSx44klbLw1mw=
287,82,KYo6Lv+liCL9HIsLQTczke0482g=,qCoA8M/kK7UyKgFSx44klbLw1mw=
284,80,KYo6Lv+liCL9HIsLQTczke0482g=,qCoA8M/kK7UyKgFSx44klbLw1mw=
277,80,KYo6Lv+liCL9HIsLQTczke0482g=,bjdIrtDjxbU2WN1mWmI7XeqqQoc=
281,83,KYo6Lv+liCL9HIsLQTczke0482g=,qCoA8M/kK7UyKgFSx44klbLw1mw=
284,83,KYo6Lv+liCL9HIsLQTczke0482g=,qCoA8M/kK7UyKgFSx44klbLw1mw=
283,83,KYo6Lv+liCL9HIsLQTczke0482g=,qCoA8M/kK7UyKgFSx44klbLw1mw=
282,83,KYo6Lv+liCL9HIsLQTczke0482g=,qCoA8M/kK7UyKgFSx44klbLw1mw=
286,83,KYo6Lv+liCL9HIsLQTczke0482g=,qCoA8M/kK7UyKgFSx44klbLw1mw=
287,83,KYo6Lv+liCL9HIsLQTczke0482g=,qCoA8M/kK7UyKgFSx44klbLw1mw=
276,80,KYo6Lv+liCL9HIsLQTczke0482g=,bjdIrtDjxbU2WN1mWmI7XeqqQoc=
283,80,KYo6Lv+liCL9HIsLQTczke0482g=,qCoA8M/kK7UyKgFSx44klbLw1mw=
280,83,KYo6Lv+liCL9HIsLQTczke0482g=,qCoA8M/kK7UyKgFSx44klbLw1mw=
280,82,KYo6Lv+liCL9HIsLQTczke0482g=,qCoA8M/kK7UyKgFSx44klbLw1mw=
276,81,KYo6Lv+liCL9HIsLQTczke0482g=,bjdIrtDjxbU2WN1mWmI7XeqqQoc=
280,80,KYo6Lv+liCL9HIsLQTczke0482g=,qCoA8M/kK7UyKgFSx44klbLw1mw=
281,80,KYo6Lv+liCL9HIsLQTczke0482g=,qCoA8M/kK7UyKgFSx44klbLw1mw=
280,81,KYo6Lv+liCL9HIsLQTczke0482g=,qCoA8M/kK7UyKgFSx44klbLw1mw=
279,83,KYo6Lv+liCL9HIsLQTczke0482g=,bjdIrtDjxbU2WN1mWmI7XeqqQoc=
279,82,KYo6Lv+liCL9HIsLQTczke0482g=,bjdIrtDjxbU2WN1mWmI7XeqqQoc=
279,81,KYo6Lv+liCL9HIsLQTczke0482g=,bjdIrtDjxbU2WN1mWmI7XeqqQoc=
282,80,KYo6Lv+liCL9HIsLQTczke0482g=,qCoA8M/kK7UyKgFSx44klbLw1mw=
276,82,KYo6Lv+liCL9HIsLQTczke0482g=,bjdIrtDjxbU2WN1mWmI7XeqqQoc=
278,82,KYo6Lv+liCL9HIsLQTczke0482g=,bjdIrtDjxbU2WN1mWmI7XeqqQoc=
277,82,KYo6Lv+liCL9HIsLQTczke0482g=,bjdIrtDjxbU2WN1mWmI7XeqqQoc=
278,81,KYo6Lv+liCL9HIsLQTczke0482g=,bjdIrtDjxbU2WN1mWmI7XeqqQoc=
277,83,KYo6Lv+liCL9HIsLQTczke0482g=,bjdIrtDjxbU2WN1mWmI7XeqqQoc=
278,83,KYo6Lv+liCL9HIsLQTczke0482g=,bjdIrtDjxbU2WN1mWmI7XeqqQoc=
285,83,KYo6Lv+liCL9HIsLQTczke0482g=,qCoA8M/kK7UyKgFSx44klbLw1mw=
272,80,KYo6Lv+liCL9HIsLQTczke0482g=,bjdIrtDjxbU2WN1mWmI7XeqqQoc=
272,82,KYo6Lv+liCL9HIsLQTczke0482g=,bjdIrtDjxbU2WN1mWmI7XeqqQoc=
272,83,KYo6Lv+liCL9HIsLQTczke0482g=,bjdIrtDjxbU2WN1mWmI7XeqqQoc=
274,82,KYo6Lv+liCL9HIsLQTczke0482g=,bjdIrtDjxbU2WN1mWmI7XeqqQoc=
275,82,KYo6Lv+liCL9HIsLQTczke0482g=,bjdIrtDjxbU2WN1mWmI7XeqqQoc=
273,83,KYo6Lv+liCL9HIsLQTczke0482g=,bjdIrtDjxbU2WN1mWmI7XeqqQoc=
272,81,KYo6Lv+liCL9HIsLQTczke0482g=,bjdIrtDjxbU2WN1mWmI7XeqqQoc=
272,94,KYo6Lv+liCL9HIsLQTczke0482g=,0oaP4gRnmpU0LRDJePe/CMPujE8=
272,95,KYo6Lv+liCL9HIsLQTczke0482g=,0oaP4gRnmpU0LRDJePe/CMPujE8=
273,82,KYo6Lv+liCL9HIsLQTczke0482g=,bjdIrtDjxbU2WN1mWmI7XeqqQoc=
275,83,KYo6Lv+liCL9HIsLQTczke0482g=,bjdIrtDjxbU2WN1mWmI7XeqqQoc=
275,81,KYo6Lv+liCL9HIsLQTczke0482g=,bjdIrtDjxbU2WN1mWmI7XeqqQoc=
274,80,KYo6Lv+liCL9HIsLQTczke0482g=,bjdIrtDjxbU2WN1mWmI7XeqqQoc=
274,83,KYo6Lv+liCL9HIsLQTczke0482g=,bjdIrtDjxbU2WN1mWmI7XeqqQoc=
272,93,KYo6Lv+liCL9HIsLQTczke0482g=,0oaP4gRnmpU0LRDJePe/CMPujE8=
273,80,KYo6Lv+liCL9HIsLQTczke0482g=,bjdIrtDjxbU2WN1mWmI7XeqqQoc=
272,87,KYo6Lv+liCL9HIsLQTczke0482g=,bjdIrtDjxbU2WN1mWmI7XeqqQoc=
275,80,KYo6Lv+liCL9HIsLQTczke0482g=,bjdIrtDjxbU2WN1mWmI7XeqqQoc=
272,92,KYo6Lv+liCL9HIsLQTczke0482g=,0oaP4gRnmpU0LRDJePe/CMPujE8=
273,85,KYo6Lv+liCL9HIsLQTczke0482g=,bjdIrtDjxbU2WN1mWmI7XeqqQoc=
274,81,KYo6Lv+liCL9HIsLQTczke0482g=,bjdIrtDjxbU2WN1mWmI7XeqqQoc=
273,88,KYo6Lv+liCL9HIsLQTczke0482g=,0oaP4gRnmpU0LRDJePe/CMPujE8=
274,88,KYo6Lv+liCL9HIsLQTczke0482g=,0oaP4gRnmpU0LRDJePe/CMPujE8=
274,85,KYo6Lv+liCL9HIsLQTczke0482g=,bjdIrtDjxbU2WN1mWmI7XeqqQoc=
274,89,KYo6Lv+liCL9HIsLQTczke0482g=,0oaP4gRnmpU0LRDJePe/CMPujE8=
275,84,KYo6Lv+liCL9HIsLQTczke0482g=,bjdIrtDjxbU2WN1mWmI7XeqqQoc=
275,89,KYo6Lv+liCL9HIsLQTczke0482g=,0oaP4gRnmpU0LRDJePe/CMPujE8=
274,84,KYo6Lv+liCL9HIsLQTczke0482g=,bjdIrtDjxbU2WN1mWmI7XeqqQoc=
273,86,KYo6Lv+liCL9HIsLQTczke0482g=,bjdIrtDjxbU2WN1mWmI7XeqqQoc=
272,84,KYo6Lv+liCL9HIsLQTczke0482g=,bjdIrtDjxbU2WN1mWmI7XeqqQoc=
273,81,KYo6Lv+liCL9HIsLQTczke0482g=,bjdIrtDjxbU2WN1mWmI7XeqqQoc=
273,84,KYo6Lv+liCL9HIsLQTczke0482g=,bjdIrtDjxbU2WN1mWmI7XeqqQoc=
273,90,KYo6Lv+liCL9HIsLQTczke0482g=,0oaP4gRnmpU0LRDJePe/CMPujE8=
275,90,KYo6Lv+liCL9HIsLQTczke0482g=,0oaP4gRnmpU0LRDJePe/CMPujE8=
274,90,KYo6Lv+liCL9HIsLQTczke0482g=,0oaP4gRnmpU0LRDJePe/CMPujE8=
273,91,KYo6Lv+liCL9HIsLQTczke0482g=,0oaP4gRnmpU0LRDJePe/CMPujE8=
272,91,KYo6Lv+liCL9HIsLQTczke0482g=,0oaP4gRnmpU0LRDJePe/CMPujE8=
274,86,KYo6Lv+liCL9HIsLQTczke0482g=,bjdIrtDjxbU2WN1mWmI7XeqqQoc=
272,86,KYo6Lv+liCL9HIsLQTczke0482g=,bjdIrtDjxbU2WN1mWmI7XeqqQoc=
273,92,KYo6Lv+liCL9HIsLQTczke0482g=,0oaP4gRnmpU0LRDJePe/CMPujE8=
275,86,KYo6Lv+liCL9HIsLQTczke0482g=,bjdIrtDjxbU2WN1mWmI7XeqqQoc=
274,92,KYo6Lv+liCL9HIsLQTczke0482g=,0oaP4gRnmpU0LRDJePe/CMPujE8=
273,89,KYo6Lv+liCL9HIsLQTczke0482g=,0oaP4gRnmpU0LRDJePe/CMPujE8=
275,92,KYo6Lv+liCL9HIsLQTczke0482g=,0oaP4gRnmpU0LRDJePe/CMPujE8=
273,87,KYo6Lv+liCL9HIsLQTczke0482g=,bjdIrtDjxbU2WN1mWmI7XeqqQoc=
275,88,KYo6Lv+liCL9HIsLQTczke0482g=,0oaP4gRnmpU0LRDJePe/CMPujE8=
275,87,KYo6Lv+liCL9HIsLQTczke0482g=,bjdIrtDjxbU2WN1mWmI7XeqqQoc=
273,93,KYo6Lv+liCL9HIsLQTczke0482g=,0oaP4gRnmpU0LRDJePe/CMPujE8=
274,93,KYo6Lv+liCL9HIsLQTczke0482g=,0oaP4gRnmpU0LRDJePe/CMPujE8=
272,85,KYo6Lv+liCL9HIsLQTczke0482g=,bjdIrtDjxbU2WN1mWmI7XeqqQoc=
275,93,KYo6Lv+liCL9HIsLQTczke0482g=,0oaP4gRnmpU0LRDJePe/CMPujE8=
273,94,KYo6Lv+liCL9HIsLQTczke0482g=,0oaP4gRnmpU0LRDJePe/CMPujE8=
274,94,KYo6Lv+liCL9HIsLQTczke0482g=,0oaP4gRnmpU0LRDJePe/CMPujE8=
274,95,KYo6Lv+liCL9HIsLQTczke0482g=,0oaP4gRnmpU0LRDJePe/CMPujE8=
273,95,KYo6Lv+liCL9HIsLQTczke0482g=,0oaP4gRnmpU0LRDJePe/CMPujE8=
274,87,KYo6Lv+liCL9HIsLQTczke0482g=,bjdIrtDjxbU2WN1mWmI7XeqqQoc=
274,91,KYo6Lv+liCL9HIsLQTczke0482g=,0oaP4gRnmpU0LRDJePe/CMPujE8=
275,94,KYo6Lv+liCL9HIsLQTczke0482g=,0oaP4gRnmpU0LRDJePe/CMPujE8=
275,91,KYo6Lv+liCL9HIsLQTczke0482g=,0oaP4gRnmpU0LRDJePe/CMPujE8=
275,95,KYo6Lv+liCL9HIsLQTczke0482g=,0oaP4gRnmpU0LRDJePe/CMPujE8=
275,85,KYo6Lv+liCL9HIsLQTczke0482g=,bjdIrtDjxbU2WN1mWmI7XeqqQoc=
272,90,KYo6Lv+liCL9HIsLQTczke0482g=,0oaP4gRnmpU0LRDJePe/CMPujE8=
272,88,KYo6Lv+liCL9HIsLQTczke0482g=,0oaP4gRnmpU0LRDJePe/CMPujE8=
272,89,KYo6Lv+liCL9HIsLQTczke0482g=,0oaP4gRnmpU0LRDJePe/CMPujE8=
284,70,/J0q5dFfBi8KPOXW1egIaRg4jBg=,eaD+1lz3jhBbHgT/jcQlnb6Dc6Y=
285,70,/J0q5dFfBi8KPOXW1egIaRg4jBg=,eaD+1lz3jhBbHgT/jcQlnb6Dc6Y=
280,72,/J0q5dFfBi8KPOXW1egIaRg4jBg=,t+XWVvNiQ1RdIwrs709V+tavpTg=
279,71,/J0q5dFfBi8KPOXW1egIaRg4jBg=,3SA/B+2x/RjtnezgvCTtDUqikRM=
277,73,/J0q5dFfBi8KPOXW1egIaRg4jBg=,Y+nMWUL/1Wchiv3M3P3KYCGiyxo=
276,73,/J0q5dFfBi8KPOXW1egIaRg4jBg=,Y+nMWUL/1Wchiv3M3P3KYCGiyxo=
286,70,/J0q5dFfBi8KPOXW1egIaRg4jBg=,eaD+1lz3jhBbHgT/jcQlnb6Dc6Y=
276,74,/J0q5dFfBi8KPOXW1egIaRg4jBg=,Y+nMWUL/1Wchiv3M3P3KYCGiyxo=
287,70,/J0q5dFfBi8KPOXW1egIaRg4jBg=,eaD+1lz3jhBbHgT/jcQlnb6Dc6Y=
277,74,/J0q5dFfBi8KPOXW1egIaRg4jBg=,Y+nMWUL/1Wchiv3M3P3KYCGiyxo=
281,72,/J0q5dFfBi8KPOXW1egIaRg4jBg=,t+XWVvNiQ1RdIwrs709V+tavpTg=
287,71,/J0q5dFfBi8KPOXW1egIaRg4jBg=,eaD+1lz3jhBbHgT/jcQlnb6Dc6Y=
277,75,/J0q5dFfBi8KPOXW1egIaRg4jBg=,Y+nMWUL/1Wchiv3M3P3KYCGiyxo=
278,74,/J0q5dFfBi8KPOXW1egIaRg4jBg=,Y+nMWUL/1Wchiv3M3P3KYCGiyxo=
278,69,/J0q5dFfBi8KPOXW1egIaRg4jBg=,3SA/B+2x/RjtnezgvCTtDUqikRM=
276,75,/J0q5dFfBi8KPOXW1egIaRg4jBg=,Y+nMWUL/1Wchiv3M3P3KYCGiyxo=
277,71,/J0q5dFfBi8KPOXW1egIaRg4jBg=,3SA/B+2x/RjtnezgvCTtDUqikRM=
278,71,/J0q5dFfBi8KPOXW1egIaRg4jBg=,3SA/B+2x/RjtnezgvCTtDUqikRM=
282,72,/J0q5dFfBi8KPOXW1egIaRg4jBg=,t+XWVvNiQ1RdIwrs709V+tavpTg=
286,71,/J0q5dFfBi8KPOXW1egIaRg4jBg=,eaD+1lz3jhBbHgT/jcQlnb6Dc6Y=
278,73,/J0q5dFfBi8KPOXW1egIaRg4jBg=,Y+nMWUL/1Wchiv3M3P3KYCGiyxo=
279,69,/J0q5dFfBi8KPOXW1egIaRg4jBg=,3SA/B+2x/RjtnezgvCTtDUqikRM=
281,68,/J0q5dFfBi8KPOXW1egIaRg4jBg=,eaD+1lz3jhBbHgT/jcQlnb6Dc6Y=
276,70,/J0q5dFfBi8KPOXW1egIaRg4jBg=,3SA/B+2x/RjtnezgvCTtDUqikRM=
285,71,/J0q5dFfBi8KPOXW1egIaRg4jBg=,eaD+1lz3jhBbHgT/jcQlnb6Dc6Y=
276,71,/J0q5dFfBi8KPOXW1egIaRg4jBg=,3SA/B+2x/RjtnezgvCTtDUqikRM=
283,72,/J0q5dFfBi8KPOXW1egIaRg4jBg=,t+XWVvNiQ1RdIwrs709V+tavpTg=
284,72,/J0q5dFfBi8KPOXW1egIaRg4jBg=,t+XWVvNiQ1RdIwrs709V+tavpTg=
285,72,/J0q5dFfBi8KPOXW1egIaRg4jBg=,t+XWVvNiQ1RdIwrs709V+tavpTg=
276,72,/J0q5dFfBi8KPOXW1egIaRg4jBg=,Y+nMWUL/1Wchiv3M3P3KYCGiyxo=
278,68,/J0q5dFfBi8KPOXW1egIaRg4jBg=,3SA/B+2x/RjtnezgvCTtDUqikRM=
284,71,/J0q5dFfBi8KPOXW1egIaRg4jBg=,eaD+1lz3jhBbHgT/jcQlnb6Dc6Y=
277,69,/J0q5dFfBi8KPOXW1egIaRg4jBg=,3SA/B+2x/RjtnezgvCTtDUqikRM=
282,68,/J0q5dFfBi8KPOXW1egIaRg4jBg=,eaD+1lz3jhBbHgT/jcQlnb6Dc6Y=
276,69,/J0q5dFfBi8KPOXW1egIaRg4jBg=,3SA/B+2x/RjtnezgvCTtDUqikRM=
278,70,/J0q5dFfBi8KPOXW1egIaRg4jBg=,3SA/B+2x/RjtnezgvCTtDUqikRM=
278,75,/J0q5dFfBi8KPOXW1egIaRg4jBg=,Y+nMWUL/1Wchiv3M3P3KYCGiyxo=
284,68,/J0q5dFfBi8KPOXW1egIaRg4jBg=,eaD+1lz3jhBbHgT/jcQlnb6Dc6Y=
283,68,/J0q5dFfBi8KPOXW1egIaRg4jBg=,eaD+1lz3jhBbHgT/jcQlnb6Dc6Y=
277,70,/J0q5dFfBi8KPOXW1egIaRg4jBg=,3SA/B+2x/RjtnezgvCTtDUqikRM=
277,68,/J0q5dFfBi8KPOXW1egIaRg4jBg=,3SA/B+2x/RjtnezgvCTtDUqikRM=
279,70,/J0q5dFfBi8KPOXW1egIaRg4jBg=,3SA/B+2x/RjtnezgvCTtDUqikRM=
279,68,/J0q5dFfBi8KPOXW1egIaRg4jBg=,3SA/B+2x/RjtnezgvCTtDUqikRM=
286,68,/J0q5dFfBi8KPOXW1egIaRg4jBg=,eaD+1lz3jhBbHgT/jcQlnb6Dc6Y=
279,72,/J0q5dFfBi8KPOXW1egIaRg4jBg=,Y+nMWUL/1Wchiv3M3P3KYCGiyxo=
287,68,/J0q5dFfBi8KPOXW1egIaRg4jBg=,eaD+1lz3jhBbHgT/jcQlnb6Dc6Y=
286,72,/J0q5dFfBi8KPOXW1egIaRg4jBg=,t+XWVvNiQ1RdIwrs709V+tavpTg=
277,72,/J0q5dFfBi8KPOXW1egIaRg4jBg=,Y+nMWUL/1Wchiv3M3P3KYCGiyxo=
287,72,/J0q5dFfBi8KPOXW1egIaRg4jBg=,t+XWVvNiQ1RdIwrs709V+tavpTg=
276,68,/J0q5dFfBi8KPOXW1egIaRg4jBg=,3SA/B+2x/RjtnezgvCTtDUqikRM=
285,69,/J0q5dFfBi8KPOXW1egIaRg4jBg=,eaD+1lz3jhBbHgT/jcQlnb6Dc6Y=
287,69,/J0q5dFfBi8KPOXW1egIaRg4jBg=,eaD+1lz3jhBbHgT/jcQlnb6Dc6Y=
281,69,/J0q5dFfBi8KPOXW1egIaRg4jBg=,eaD+1lz3jhBbHgT/jcQlnb6Dc6Y=
284,69,/J0q5dFfBi8KPOXW1egIaRg4jBg=,eaD+1lz3jhBbHgT/jcQlnb6Dc6Y=
283,71,/J0q5dFfBi8KPOXW1egIaRg4jBg=,eaD+1lz3jhBbHgT/jcQlnb6Dc6Y=
282,70,/J0q5dFfBi8KPOXW1egIaRg4jBg=,eaD+1lz3jhBbHgT/jcQlnb6Dc6Y=
285,68,/J0q5dFfBi8KPOXW1egIaRg4jBg=,eaD+1lz3jhBbHgT/jcQlnb6Dc6Y=
283,69,/J0q5dFfBi8KPOXW1egIaRg4jBg=,eaD+1lz3jhBbHgT/jcQlnb6Dc6Y=
284,73,/J0q5dFfBi8KPOXW1egIaRg4jBg=,t+XWVvNiQ1RdIwrs709V+tavpTg=
285,73,/J0q5dFfBi8KPOXW1egIaRg4jBg=,t+XWVvNiQ1RdIwrs709V+tavpTg=
280,68,/J0q5dFfBi8KPOXW1egIaRg4jBg=,eaD+1lz3jhBbHgT/jcQlnb6Dc6Y=
286,69,/J0q5dFfBi8KPOXW1egIaRg4jBg=,eaD+1lz3jhBbHgT/jcQlnb6Dc6Y=
286,73,/J0q5dFfBi8KPOXW1egIaRg4jBg=,t+XWVvNiQ1RdIwrs709V+tavpTg=
280,71,/J0q5dFfBi8KPOXW1egIaRg4jBg=,eaD+1lz3jhBbHgT/jcQlnb6Dc6Y=
287,73,/J0q5dFfBi8KPOXW1egIaRg4jBg=,t+XWVvNiQ1RdIwrs709V+tavpTg=
280,70,/J0q5dFfBi8KPOXW1egIaRg4jBg=,eaD+1lz3jhBbHgT/jcQlnb6Dc6Y=
281,71,/J0q5dFfBi8KPOXW1egIaRg4jBg=,eaD+1lz3jhBbHgT/jcQlnb6Dc6Y=
282,69,/J0q5dFfBi8KPOXW1egIaRg4jBg=,eaD+1lz3jhBbHgT/jcQlnb6Dc6Y=
285,74,/J0q5dFfBi8KPOXW1egIaRg4jBg=,t+XWVvNiQ1RdIwrs709V+tavpTg=
286,74,/J0q5dFfBi8KPOXW1egIaRg4jBg=,t+XWVvNiQ1RdIwrs709V+tavpTg=
287,74,/J0q5dFfBi8KPOXW1egIaRg4jBg=,t+XWVvNiQ1RdIwrs709V+tavpTg=
281,74,/J0q5dFfBi8KPOXW1egIaRg4jBg=,t+XWVvNiQ1RdIwrs709V+tavpTg=
281,70,/J0q5dFfBi8KPOXW1egIaRg4jBg=,eaD+1lz3jhBbHgT/jcQlnb6Dc6Y=
280,73,/J0q5dFfBi8KPOXW1egIaRg4jBg=,t+XWVvNiQ1RdIwrs709V+tavpTg=
280,74,/J0q5dFfBi8KPOXW1egIaRg4jBg=,t+XWVvNiQ1RdIwrs709V+tavpTg=
283,74,/J0q5dFfBi8KPOXW1egIaRg4jBg=,t+XWVvNiQ1RdIwrs709V+tavpTg=
278,72,/J0q5dFfBi8KPOXW1egIaRg4jBg=,Y+nMWUL/1Wchiv3M3P3KYCGiyxo=
285,75,/J0q5dFfBi8KPOXW1egIaRg4jBg=,t+XWVvNiQ1RdIwrs709V+tavpTg=
282,74,/J0q5dFfBi8KPOXW1egIaRg4jBg=,t+XWVvNiQ1RdIwrs709V+tavpTg=
284,75,/J0q5dFfBi8KPOXW1egIaRg4jBg=,t+XWVvNiQ1RdIwrs709V+tavpTg=
280,75,/J0q5dFfBi8KPOXW1egIaRg4jBg=,t+XWVvNiQ1RdIwrs709V+tavpTg=
286,75,/J0q5dFfBi8KPOXW1egIaRg4jBg=,t+XWVvNiQ1RdIwrs709V+tavpTg=
287,75,/J0q5dFfBi8KPOXW1egIaRg4jBg=,t+XWVvNiQ1RdIwrs709V+tavpTg=
282,75,/J0q5dFfBi8KPOXW1egIaRg4jBg=,t+XWVvNiQ1RdIwrs709V+tavpTg=
281,75,/J0q5dFfBi8KPOXW1egIaRg4jBg=,t+XWVvNiQ1RdIwrs709V+tavpTg=
281,73,/J0q5dFfBi8KPOXW1egIaRg4jBg=,t+XWVvNiQ1RdIwrs709V+tavpTg=
279,73,/J0q5dFfBi8KPOXW1egIaRg4jBg=,Y+nMWUL/1Wchiv3M3P3KYCGiyxo=
283,70,/J0q5dFfBi8KPOXW1egIaRg4jBg=,eaD+1lz3jhBbHgT/jcQlnb6Dc6Y=
283,75,/J0q5dFfBi8KPOXW1egIaRg4jBg=,t+XWVvNiQ1RdIwrs709V+tavpTg=
283,73,/J0q5dFfBi8KPOXW1egIaRg4jBg=,t+XWVvNiQ1RdIwrs709V+tavpTg=
282,71,/J0q5dFfBi8KPOXW1egIaRg4jBg=,eaD+1lz3jhBbHgT/jcQlnb6Dc6Y=
282,73,/J0q5dFfBi8KPOXW1egIaRg4jBg=,t+XWVvNiQ1RdIwrs709V+tavpTg=
280,69,/J0q5dFfBi8KPOXW1egIaRg4jBg=,eaD+1lz3jhBbHgT/jcQlnb6Dc6Y=
284,74,/J0q5dFfBi8KPOXW1egIaRg4jBg=,t+XWVvNiQ1RdIwrs709V+tavpTg=
279,75,/J0q5dFfBi8KPOXW1egIaRg4jBg=,Y+nMWUL/1Wchiv3M3P3KYCGiyxo=
279,74,/J0q5dFfBi8KPOXW1egIaRg4jBg=,Y+nMWUL/1Wchiv3M3P3KYCGiyxo=
287,79,qgFL5ck0bzlX8djwIyEI5RRdHns=,t+XWVvNiQ1RdIwrs709V+tavpTg=
285,76,qgFL5ck0bzlX8djwIyEI5RRdHns=,t+XWVvNiQ1RdIwrs709V+tavpTg=
286,76,qgFL5ck0bzlX8djwIyEI5RRdHns=,t+XWVvNiQ1RdIwrs709V+tavpTg=
284,76,qgFL5ck0bzlX8djwIyEI5RRdHns=,t+XWVvNiQ1RdIwrs709V+tavpTg=
287,76,qgFL5ck0bzlX8djwIyEI5RRdHns=,t+XWVvNiQ1RdIwrs709V+tavpTg=
287,78,qgFL5ck0bzlX8djwIyEI5RRdHns=,t+XWVvNiQ1RdIwrs709V+tavpTg=
285,78,qgFL5ck0bzlX8djwIyEI5RRdHns=,t+XWVvNiQ1RdIwrs709V+tavpTg=
287,77,qgFL5ck0bzlX8djwIyEI5RRdHns=,t+XWVvNiQ1RdIwrs709V+tavpTg=
286,78,qgFL5ck0bzlX8djwIyEI5RRdHns=,t+XWVvNiQ1RdIwrs709V+tavpTg=
284,78,qgFL5ck0bzlX8djwIyEI5RRdHns=,t+XWVvNiQ1RdIwrs709V+tavpTg=
285,77,qgFL5ck0bzlX8djwIyEI5RRdHns=,t+XWVvNiQ1RdIwrs709V+tavpTg=
286,77,qgFL5ck0bzlX8djwIyEI5RRdHns=,t+XWVvNiQ1RdIwrs709V+tavpTg=
284,77,qgFL5ck0bzlX8djwIyEI5RRdHns=,t+XWVvNiQ1RdIwrs709V+tavpTg=
284,79,qgFL5ck0bzlX8djwIyEI5RRdHns=,t+XWVvNiQ1RdIwrs709V+tavpTg=
285,79,qgFL5ck0bzlX8djwIyEI5RRdHns=,t+XWVvNiQ1RdIwrs709V+tavpTg=
286,79,qgFL5ck0bzlX8djwIyEI5RRdHns=,t+XWVvNiQ1RdIwrs709V+tavpTg=
280,79,qgFL5ck0bzlX8djwIyEI5RRdHns=,t+XWVvNiQ1RdIwrs709V+tavpTg=
283,79,qgFL5ck0bzlX8djwIyEI5RRdHns=,t+XWVvNiQ1RdIwrs709V+tavpTg=
278,79,qgFL5ck0bzlX8djwIyEI5RRdHns=,Y+nMWUL/1Wchiv3M3P3KYCGiyxo=
278,77,qgFL5ck0bzlX8djwIyEI5RRdHns=,Y+nMWUL/1Wchiv3M3P3KYCGiyxo=
280,76,qgFL5ck0bzlX8djwIyEI5RRdHns=,t+XWVvNiQ1RdIwrs709V+tavpTg=
277,79,qgFL5ck0bzlX8djwIyEI5RRdHns=,Y+nMWUL/1Wchiv3M3P3KYCGiyxo=
276,76,qgFL5ck0bzlX8djwIyEI5RRdHns=,Y+nMWUL/1Wchiv3M3P3KYCGiyxo=
278,76,qgFL5ck0bzlX8djwIyEI5RRdHns=,Y+nMWUL/1Wchiv3M3P3KYCGiyxo=
276,79,qgFL5ck0bzlX8djwIyEI5RRdHns=,Y+nMWUL/1Wchiv3M3P3KYCGiyxo=
277,76,qgFL5ck0bzlX8djwIyEI5RRdHns=,Y+nMWUL/1Wchiv3M3P3KYCGiyxo=
277,78,qgFL5ck0bzlX8djwIyEI5RRdHns=,Y+nMWUL/1Wchiv3M3P3KYCGiyxo=
282,76,qgFL5ck0bzlX8djwIyEI5RRdHns=,t+XWVvNiQ1RdIwrs709V+tavpTg=
276,77,qgFL5ck0bzlX8djwIyEI5RRdHns=,Y+nMWUL/1Wchiv3M3P3KYCGiyxo=
281,76,qgFL5ck0bzlX8djwIyEI5RRdHns=,t+XWVvNiQ1RdIwrs709V+tavpTg=
281,77,qgFL5ck0bzlX8djwIyEI5RRdHns=,t+XWVvNiQ1RdIwrs709V+tavpTg=
282,77,qgFL5ck0bzlX8djwIyEI5RRdHns=,t+XWVvNiQ1RdIwrs709V+tavpTg=
280,77,qgFL5ck0bzlX8djwIyEI5RRdHns=,t+XWVvNiQ1RdIwrs709V+tavpTg=
283,78,qgFL5ck0bzlX8djwIyEI5RRdHns=,t+XWVvNiQ1RdIwrs709V+tavpTg=
282,78,qgFL5ck0bzlX8djwIyEI5RRdHns=,t+XWVvNiQ1RdIwrs709V+tavpTg=
281,78,qgFL5ck0bzlX8djwIyEI5RRdHns=,t+XWVvNiQ1RdIwrs709V+tavpTg=
281,79,qgFL5ck0bzlX8djwIyEI5RRdHns=,t+XWVvNiQ1RdIwrs709V+tavpTg=
283,76,qgFL5ck0bzlX8djwIyEI5RRdHns=,t+XWVvNiQ1RdIwrs709V+tavpTg=
280,78,qgFL5ck0bzlX8djwIyEI5RRdHns=,t+XWVvNiQ1RdIwrs709V+tavpTg=
283,77,qgFL5ck0bzlX8djwIyEI5RRdHns=,t+XWVvNiQ1RdIwrs709V+tavpTg=
276,78,qgFL5ck0bzlX8djwIyEI5RRdHns=,Y+nMWUL/1Wchiv3M3P3KYCGiyxo=
278,78,qgFL5ck0bzlX8djwIyEI5RRdHns=,Y+nMWUL/1Wchiv3M3P3KYCGiyxo=
282,79,qgFL5ck0bzlX8djwIyEI5RRdHns=,t+XWVvNiQ1RdIwrs709V+tavpTg=
279,76,qgFL5ck0bzlX8djwIyEI5RRdHns=,Y+nMWUL/1Wchiv3M3P3KYCGiyxo=
279,79,qgFL5ck0bzlX8djwIyEI5RRdHns=,Y+nMWUL/1Wchiv3M3P3KYCGiyxo=
279,77,qgFL5ck0bzlX8djwIyEI5RRdHns=,Y+nMWUL/1Wchiv3M3P3KYCGiyxo=
279,78,qgFL5ck0bzlX8djwIyEI5RRdHns=,Y+nMWUL/1Wchiv3M3P3KYCGiyxo=
277,77,qgFL5ck0bzlX8djwIyEI5RRdHns=,Y+nMWUL/1Wchiv3M3P3KYCGiyxo=
281,67,qgFL5ck0bzlX8djwIyEI5RRdHns=,eaD+1lz3jhBbHgT/jcQlnb6Dc6Y=
277,67,qgFL5ck0bzlX8djwIyEI5RRdHns=,3SA/B+2x/RjtnezgvCTtDUqikRM=
282,66,qgFL5ck0bzlX8djwIyEI5RRdHns=,eaD+1lz3jhBbHgT/jcQlnb6Dc6Y=
283,66,qgFL5ck0bzlX8djwIyEI5RRdHns=,eaD+1lz3jhBbHgT/jcQlnb6Dc6Y=
276,67,qgFL5ck0bzlX8djwIyEI5RRdHns=,3SA/B+2x/RjtnezgvCTtDUqikRM=
283,67,qgFL5ck0bzlX8djwIyEI5RRdHns=,eaD+1lz3jhBbHgT/jcQlnb6Dc6Y=
282,67,qgFL5ck0bzlX8djwIyEI5RRdHns=,eaD+1lz3jhBbHgT/jcQlnb6Dc6Y=
283,65,qgFL5ck0bzlX8djwIyEI5RRdHns=,eaD+1lz3jhBbHgT/jcQlnb6Dc6Y=
279,67,qgFL5ck0bzlX8djwIyEI5RRdHns=,3SA/B+2x/RjtnezgvCTtDUqikRM=
278,65,qgFL5ck0bzlX8djwIyEI5RRdHns=,3SA/B+2x/RjtnezgvCTtDUqikRM=
282,65,qgFL5ck0bzlX8djwIyEI5RRdHns=,eaD+1lz3jhBbHgT/jcQlnb6Dc6Y=
281,65,qgFL5ck0bzlX8djwIyEI5RRdHns=,eaD+1lz3jhBbHgT/jcQlnb6Dc6Y=
281,66,qgFL5ck0bzlX8djwIyEI5RRdHns=,eaD+1lz3jhBbHgT/jcQlnb6Dc6Y=
279,64,qgFL5ck0bzlX8djwIyEI5RRdHns=,3SA/B+2x/RjtnezgvCTtDUqikRM=
278,67,qgFL5ck0bzlX8djwIyEI5RRdHns=,3SA/B+2x/RjtnezgvCTtDUqikRM=
279,65,qgFL5ck0bzlX8djwIyEI5RRdHns=,3SA/B+2x/RjtnezgvCTtDUqikRM=
277,65,qgFL5ck0bzlX8djwIyEI5RRdHns=,3SA/B+2x/RjtnezgvCTtDUqikRM=
278,64,qgFL5ck0bzlX8djwIyEI5RRdHns=,3SA/B+2x/RjtnezgvCTtDUqikRM=
280,67,qgFL5ck0bzlX8djwIyEI5RRdHns=,eaD+1lz3jhBbHgT/jcQlnb6Dc6Y=
279,66,qgFL5ck0bzlX8djwIyEI5RRdHns=,3SA/B+2x/RjtnezgvCTtDUqikRM=
276,65,qgFL5ck0bzlX8djwIyEI5RRdHns=,3SA/B+2x/RjtnezgvCTtDUqikRM=
282,64,qgFL5ck0bzlX8djwIyEI5RRdHns=,eaD+1lz3jhBbHgT/jcQlnb6Dc6Y=
281,64,qgFL5ck0bzlX8djwIyEI5RRdHns=,eaD+1lz3jhBbHgT/jcQlnb6Dc6Y=
283,64,qgFL5ck0bzlX8djwIyEI5RRdHns=,eaD+1lz3jhBbHgT/jcQlnb6Dc6Y=
278,66,qgFL5ck0bzlX8djwIyEI5RRdHns=,3SA/B+2x/RjtnezgvCTtDUqikRM=
277,66,qgFL5ck0bzlX8djwIyEI5RRdHns=,3SA/B+2x/RjtnezgvCTtDUqikRM=
276,66,qgFL5ck0bzlX8djwIyEI5RRdHns=,3SA/B+2x/RjtnezgvCTtDUqikRM=
280,64,qgFL5ck0bzlX8djwIyEI5RRdHns=,eaD+1lz3jhBbHgT/jcQlnb6Dc6Y=
276,64,qgFL5ck0bzlX8djwIyEI5RRdHns=,3SA/B+2x/RjtnezgvCTtDUqikRM=
280,66,qgFL5ck0bzlX8djwIyEI5RRdHns=,eaD+1lz3jhBbHgT/jcQlnb6Dc6Y=
280,65,qgFL5ck0bzlX8djwIyEI5RRdHns=,eaD+1lz3jhBbHgT/jcQlnb6Dc6Y=
277,64,qgFL5ck0bzlX8djwIyEI5RRdHns=,3SA/B+2x/RjtnezgvCTtDUqikRM=
284,65,qgFL5ck0bzlX8djwIyEI5RRdHns=,eaD+1lz3jhBbHgT/jcQlnb6Dc6Y=
287,64,qgFL5ck0bzlX8djwIyEI5RRdHns=,eaD+1lz3jhBbHgT/jcQlnb6Dc6Y=
284,66,qgFL5ck0bzlX8djwIyEI5RRdHns=,eaD+1lz3jhBbHgT/jcQlnb6Dc6Y=
286,65,qgFL5ck0bzlX8djwIyEI5RRdHns=,eaD+1lz3jhBbHgT/jcQlnb6Dc6Y=
284,67,qgFL5ck0bzlX8djwIyEI5RRdHns=,eaD+1lz3jhBbHgT/jcQlnb6Dc6Y=
285,66,qgFL5ck0bzlX8djwIyEI5RRdHns=,eaD+1lz3jhBbHgT/jcQlnb6Dc6Y=
285,67,qgFL5ck0bzlX8djwIyEI5RRdHns=,eaD+1lz3jhBbHgT/jcQlnb6Dc6Y=
285,65,qgFL5ck0bzlX8djwIyEI5RRdHns=,eaD+1lz3jhBbHgT/jcQlnb6Dc6Y=
286,67,qgFL5ck0bzlX8djwIyEI5RRdHns=,eaD+1lz3jhBbHgT/jcQlnb6Dc6Y=
284,64,qgFL5ck0bzlX8djwIyEI5RRdHns=,eaD+1lz3jhBbHgT/jcQlnb6Dc6Y=
286,66,qgFL5ck0bzlX8djwIyEI5RRdHns=,eaD+1lz3jhBbHgT/jcQlnb6Dc6Y=
287,67,qgFL5ck0bzlX8djwIyEI5RRdHns=,eaD+1lz3jhBbHgT/jcQlnb6Dc6Y=
285,64,qgFL5ck0bzlX8djwIyEI5RRdHns=,eaD+1lz3jhBbHgT/jcQlnb6Dc6Y=
287,66,qgFL5ck0bzlX8djwIyEI5RRdHns=,eaD+1lz3jhBbHgT/jcQlnb6Dc6Y=
287,65,qgFL5ck0bzlX8djwIyEI5RRdHns=,eaD+1lz3jhBbHgT/jcQlnb6Dc6Y=
286,64,qgFL5ck0bzlX8djwIyEI5RRdHns=,eaD+1lz3jhBbHgT/jcQlnb6Dc6Y=
272,79,qgFL5ck0bzlX8djwIyEI5RRdHns=,Y+nMWUL/1Wchiv3M3P3KYCGiyxo=
272,78,qgFL5ck0bzlX8djwIyEI5RRdHns=,Y+nMWUL/1Wchiv3M3P3KYCGiyxo=
272,77,qgFL5ck0bzlX8djwIyEI5RRdHns=,Y+nMWUL/1Wchiv3M3P3KYCGiyxo=
273,76,qgFL5ck0bzlX8djwIyEI5RRdHns=,Y+nMWUL/1Wchiv3M3P3KYCGiyxo=
273,77,qgFL5ck0bzlX8djwIyEI5RRdHns=,Y+nMWUL/1Wchiv3M3P3KYCGiyxo=
273,78,qgFL5ck0bzlX8djwIyEI5RRdHns=,Y+nMWUL/1Wchiv3M3P3KYCGiyxo=
275,79,qgFL5ck0bzlX8djwIyEI5RRdHns=,Y+nMWUL/1Wchiv3M3P3KYCGiyxo=
274,76,qgFL5ck0bzlX8djwIyEI5RRdHns=,Y+nMWUL/1Wchiv3M3P3KYCGiyxo=
275,76,qgFL5ck0bzlX8djwIyEI5RRdHns=,Y+nMWUL/1Wchiv3M3P3KYCGiyxo=
274,79,qgFL5ck0bzlX8djwIyEI5RRdHns=,Y+nMWUL/1Wchiv3M3P3KYCGiyxo=
274,77,qgFL5ck0bzlX8djwIyEI5RRdHns=,Y+nMWUL/1Wchiv3M3P3KYCGiyxo=
272,76,qgFL5ck0bzlX8djwIyEI5RRdHns=,Y+nMWUL/1Wchiv3M3P3KYCGiyxo=
275,77,qgFL5ck0bzlX8djwIyEI5RRdHns=,Y+nMWUL/1Wchiv3M3P3KYCGiyxo=
274,78,qgFL5ck0bzlX8djwIyEI5RRdHns=,Y+nMWUL/1Wchiv3M3P3KYCGiyxo=
275,78,5gzpRZ+RLcqrcfyaMLj3paAGdsE=,Y+nMWUL/1Wchiv3M3P3KYCGiyxo=
272,71,5gzpRZ+RLcqrcfyaMLj3paAGdsE=,3SA/B+2x/RjtnezgvCTtDUqikRM=
273,79,5gzpRZ+RLcqrcfyaMLj3paAGdsE=,Y+nMWUL/1Wchiv3M3P3KYCGiyxo=
273,74,5gzpRZ+RLcqrcfyaMLj3paAGdsE=,Y+nMWUL/1Wchiv3M3P3KYCGiyxo=
272,66,5gzpRZ+RLcqrcfyaMLj3paAGdsE=,3SA/B+2x/RjtnezgvCTtDUqikRM=
272,72,5gzpRZ+RLcqrcfyaMLj3paAGdsE=,Y+nMWUL/1Wchiv3M3P3KYCGiyxo=
272,69,5gzpRZ+RLcqrcfyaMLj3paAGdsE=,3SA/B+2x/RjtnezgvCTtDUqikRM=
274,73,5gzpRZ+RLcqrcfyaMLj3paAGdsE=,Y+nMWUL/1Wchiv3M3P3KYCGiyxo=
273,73,5gzpRZ+RLcqrcfyaMLj3paAGdsE=,Y+nMWUL/1Wchiv3M3P3KYCGiyxo=
272,70,5gzpRZ+RLcqrcfyaMLj3paAGdsE=,3SA/B+2x/RjtnezgvCTtDUqikRM=
274,75,5gzpRZ+RLcqrcfyaMLj3paAGdsE=,Y+nMWUL/1Wchiv3M3P3KYCGiyxo=
272,65,5gzpRZ+RLcqrcfyaMLj3paAGdsE=,3SA/B+2x/RjtnezgvCTtDUqikRM=
274,74,5gzpRZ+RLcqrcfyaMLj3paAGdsE=,Y+nMWUL/1Wchiv3M3P3KYCGiyxo=
275,75,5gzpRZ+RLcqrcfyaMLj3paAGdsE=,Y+nMWUL/1Wchiv3M3P3KYCGiyxo=
275,74,5gzpRZ+RLcqrcfyaMLj3paAGdsE=,Y+nMWUL/1Wchiv3M3P3KYCGiyxo=
273,75,5gzpRZ+RLcqrcfyaMLj3paAGdsE=,Y+nMWUL/1Wchiv3M3P3KYCGiyxo=
272,67,5gzpRZ+RLcqrcfyaMLj3paAGdsE=,3SA/B+2x/RjtnezgvCTtDUqikRM=
275,73,5gzpRZ+RLcqrcfyaMLj3paAGdsE=,Y+nMWUL/1Wchiv3M3P3KYCGiyxo=
273,65,5gzpRZ+RLcqrcfyaMLj3paAGdsE=,3SA/B+2x/RjtnezgvCTtDUqikRM=
273,66,5gzpRZ+RLcqrcfyaMLj3paAGdsE=,3SA/B+2x/RjtnezgvCTtDUqikRM=
274,67,5gzpRZ+RLcqrcfyaMLj3paAGdsE=,3SA/B+2x/RjtnezgvCTtDUqikRM=
274,70,5gzpRZ+RLcqrcfyaMLj3paAGdsE=,3SA/B+2x/RjtnezgvCTtDUqikRM=
274,65,5gzpRZ+RLcqrcfyaMLj3paAGdsE=,3SA/B+2x/RjtnezgvCTtDUqikRM=
274,72,5gzpRZ+RLcqrcfyaMLj3paAGdsE=,Y+nMWUL/1Wchiv3M3P3KYCGiyxo=
273,72,5gzpRZ+RLcqrcfyaMLj3paAGdsE=,Y+nMWUL/1Wchiv3M3P3KYCGiyxo=
272,64,5gzpRZ+RLcqrcfyaMLj3paAGdsE=,3SA/B+2x/RjtnezgvCTtDUqikRM=
274,68,5gzpRZ+RLcqrcfyaMLj3paAGdsE=,3SA/B+2x/RjtnezgvCTtDUqikRM=
275,70,5gzpRZ+RLcqrcfyaMLj3paAGdsE=,3SA/B+2x/RjtnezgvCTtDUqikRM=
273,70,5gzpRZ+RLcqrcfyaMLj3paAGdsE=,3SA/B+2x/RjtnezgvCTtDUqikRM=
275,67,5gzpRZ+RLcqrcfyaMLj3paAGdsE=,3SA/B+2x/RjtnezgvCTtDUqikRM=
273,68,5gzpRZ+RLcqrcfyaMLj3paAGdsE=,3SA/B+2x/RjtnezgvCTtDUqikRM=
273,69,5gzpRZ+RLcqrcfyaMLj3paAGdsE=,3SA/B+2x/RjtnezgvCTtDUqikRM=
275,72,5gzpRZ+RLcqrcfyaMLj3paAGdsE=,Y+nMWUL/1Wchiv3M3P3KYCGiyxo=
275,65,5gzpRZ+RLcqrcfyaMLj3paAGdsE=,3SA/B+2x/RjtnezgvCTtDUqikRM=
274,66,5gzpRZ+RLcqrcfyaMLj3paAGdsE=,3SA/B+2x/RjtnezgvCTtDUqikRM=
275,68,5gzpRZ+RLcqrcfyaMLj3paAGdsE=,3SA/B+2x/RjtnezgvCTtDUqikRM=
275,66,5gzpRZ+RLcqrcfyaMLj3paAGdsE=,3SA/B+2x/RjtnezgvCTtDUqikRM=
274,71,5gzpRZ+RLcqrcfyaMLj3paAGdsE=,3SA/B+2x/RjtnezgvCTtDUqikRM=
273,64,5gzpRZ+RLcqrcfyaMLj3paAGdsE=,3SA/B+2x/RjtnezgvCTtDUqikRM=
273,71,5gzpRZ+RLcqrcfyaMLj3paAGdsE=,3SA/B+2x/RjtnezgvCTtDUqikRM=
274,64,5gzpRZ+RLcqrcfyaMLj3paAGdsE=,3SA/B+2x/RjtnezgvCTtDUqikRM=
272,75,5gzpRZ+RLcqrcfyaMLj3paAGdsE=,Y+nMWUL/1Wchiv3M3P3KYCGiyxo=
274,69,5gzpRZ+RLcqrcfyaMLj3paAGdsE=,3SA/B+2x/RjtnezgvCTtDUqikRM=
275,71,5gzpRZ+RLcqrcfyaMLj3paAGdsE=,3SA/B+2x/RjtnezgvCTtDUqikRM=
275,69,5gzpRZ+RLcqrcfyaMLj3paAGdsE=,3SA/B+2x/RjtnezgvCTtDUqikRM=
272,74,5gzpRZ+RLcqrcfyaMLj3paAGdsE=,Y+nMWUL/1Wchiv3M3P3KYCGiyxo=
275,64,5gzpRZ+RLcqrcfyaMLj3paAGdsE=,3SA/B+2x/RjtnezgvCTtDUqikRM=
273,67,5gzpRZ+RLcqrcfyaMLj3paAGdsE=,3SA/B+2x/RjtnezgvCTtDUqikRM=
272,68,5gzpRZ+RLcqrcfyaMLj3paAGdsE=,3SA/B+2x/RjtnezgvCTtDUqikRM=
272,73,5gzpRZ+RLcqrcfyaMLj3paAGdsE=,Y+nMWUL/1Wchiv3M3P3KYCGiyxo=
