-138,-105,oVgU+fI7J8MrDpEooDS4bEDepJM=,Buky01wo+W9xaqmYdWqaq9dbIME=
-137,-105,oVgU+fI7J8MrDpEooDS4bEDepJM=,Buky01wo+W9xaqmYdWqaq9dbIME=
-134,-108,oVgU+fI7J8MrDpEooDS4bEDepJM=,CFIkR1NA3ge2uOnYWQefkIjxdyk=
-139,-105,oVgU+fI7J8MrDpEooDS4bEDepJM=,Buky01wo+W9xaqmYdWqaq9dbIME=
-135,-108,oVgU+fI7J8MrDpEooDS4bEDepJM=,CFIkR1NA3ge2uOnYWQefkIjxdyk=
-136,-105,oVgU+fI7J8MrDpEooDS4bEDepJM=,CFIkR1NA3ge2uOnYWQefkIjxdyk=
-133,-108,oVgU+fI7J8MrDpEooDS4bEDepJM=,CFIkR1NA3ge2uOnYWQefkIjxdyk=
-134,-107,oVgU+fI7J8MrDpEooDS4bEDepJM=,CFIkR1NA3ge2uOnYWQefkIjxdyk=
-133,-106,oVgU+fI7J8MrDpEooDS4bEDepJM=,CFIkR1NA3ge2uOnYWQefkIjxdyk=
-136,-108,oVgU+fI7J8MrDpEooDS4bEDepJM=,CFIkR1NA3ge2uOnYWQefkIjxdyk=
-135,-106,oVgU+fI7J8MrDpEooDS4bEDepJM=,CFIkR1NA3ge2uOnYWQefkIjxdyk=
-136,-107,oVgU+fI7J8MrDpEooDS4bEDepJM=,CFIkR1NA3ge2uOnYWQefkIjxdyk=
-135,-107,oVgU+fI7J8MrDpEooDS4bEDepJM=,CFIkR1NA3ge2uOnYWQefkIjxdyk=
-134,-106,oVgU+fI7J8MrDpEooDS4bEDepJM=,CFIkR1NA3ge2uOnYWQefkIjxdyk=
-136,-106,oVgU+fI7J8MrDpEooDS4bEDepJM=,CFIkR1NA3ge2uOnYWQefkIjxdyk=
-133,-105,oVgU+fI7J8MrDpEooDS4bEDepJM=,CFIkR1NA3ge2uOnYWQefkIjxdyk=
-134,-105,oVgU+fI7J8MrDpEooDS4bEDepJM=,CFIkR1NA3ge2uOnYWQefkIjxdyk=
-135,-104,oVgU+fI7J8MrDpEooDS4bEDepJM=,xf37nPrv3x9OE32RQgCEjUaXlQY=
-135,-105,oVgU+fI7J8MrDpEooDS4bEDepJM=,CFIkR1NA3ge2uOnYWQefkIjxdyk=
-140,-103,oVgU+fI7J8MrDpEooDS4bEDepJM=,855wcmA+g+lZJbmXb82Zo8K7ccE=
-140,-105,oVgU+fI7J8MrDpEooDS4bEDepJM=,Buky01wo+W9xaqmYdWqaq9dbIME=
-140,-101,oVgU+fI7J8MrDpEooDS4bEDepJM=,855wcmA+g+lZJbmXb82Zo8K7ccE=
-139,-101,oVgU+fI7J8MrDpEooDS4bEDepJM=,855wcmA+g+lZJbmXb82Zo8K7ccE=
-138,-101,oVgU+fI7J8MrDpEooDS4bEDepJM=,855wcmA+g+lZJbmXb82Zo8K7ccE=
-140,-102,oVgU+fI7J8MrDpEooDS4bEDepJM=,855wcmA+g+lZJbmXb82Zo8K7ccE=
-140,-108,oVgU+fI7J8MrDpEooDS4bEDepJM=,Buky01wo+W9xaqmYdWqaq9dbIME=
-138,-102,oVgU+fI7J8MrDpEooDS4bEDepJM=,855wcmA+g+lZJbmXb82Zo8K7ccE=
-138,-103,oVgU+fI7J8MrDpEooDS4bEDepJM=,855wcmA+g+lZJbmXb82Zo8K7ccE=
-139,-108,oVgU+fI7J8MrDpEooDS4bEDepJM=,Buky01wo+W9xaqmYdWqaq9dbIME=
-138,-108,oVgU+fI7J8MrDpEooDS4bEDepJM=,Buky01wo+W9xaqmYdWqaq9dbIME=
-137,-101,oVgU+fI7J8MrDpEooDS4bEDepJM=,855wcmA+g+lZJbmXb82Zo8K7ccE=
-140,-104,oVgU+fI7J8MrDpEooDS4bEDepJM=,855wcmA+g+lZJbmXb82Zo8K7ccE=
-137,-108,oVgU+fI7J8MrDpEooDS4bEDepJM=,Buky01wo+W9xaqmYdWqaq9dbIME=
-137,-106,oVgU+fI7J8MrDpEooDS4bEDepJM=,Buky01wo+W9xaqmYdWqaq9dbIME=
-139,-104,oVgU+fI7J8MrDpEooDS4bEDepJM=,855wcmA+g+lZJbmXb82Zo8K7ccE=
-140,-107,oVgU+fI7J8MrDpEooDS4bEDepJM=,Buky01wo+W9xaqmYdWqaq9dbIME=
-139,-103,oVgU+fI7J8MrDpEooDS4bEDepJM=,855wcmA+g+lZJbmXb82Zo8K7ccE=
-138,-104,oVgU+fI7J8MrDpEooDS4bEDepJM=,855wcmA+g+lZJbmXb82Zo8K7ccE=
-134,-101,oVgU+fI7J8MrDpEooDS4bEDepJM=,xf37nPrv3x9OE32RQgCEjUaXlQY=
-138,-107,oVgU+fI7J8MrDpEooDS4bEDepJM=,Buky01wo+W9xaqmYdWqaq9dbIME=
-139,-107,oVgU+fI7J8MrDpEooDS4bEDepJM=,Buky01wo+W9xaqmYdWqaq9dbIME=
-137,-107,oVgU+fI7J8MrDpEooDS4bEDepJM=,Buky01wo+W9xaqmYdWqaq9dbIME=
-134,-102,oVgU+fI7J8MrDpEooDS4bEDepJM=,xf37nPrv3x9OE32RQgCEjUaXlQY=
-137,-104,oVgU+fI7J8MrDpEooDS4bEDepJM=,855wcmA+g+lZJbmXb82Zo8K7ccE=
-133,-101,oVgU+fI7J8MrDpEooDS4bEDepJM=,xf37nPrv3x9OE32RQgCEjUaXlQY=
-136,-104,oVgU+fI7J8MrDpEooDS4bEDepJM=,xf37nPrv3x9OE32RQgCEjUaXlQY=
-138,-106,oVgU+fI7J8MrDpEooDS4bEDepJM=,Buky01wo+W9xaqmYdWqaq9dbIME=
-139,-106,oVgU+fI7J8MrDpEooDS4bEDepJM=,Buky01wo+W9xaqmYdWqaq9dbIME=
-140,-106,oVgU+fI7J8MrDpEooDS4bEDepJM=,Buky01wo+W9xaqmYdWqaq9dbIME=
-136,-103,oVgU+fI7J8MrDpEooDS4bEDepJM=,xf37nPrv3x9OE32RQgCEjUaXlQY=
-137,-103,oVgU+fI7J8MrDpEooDS4bEDepJM=,855wcmA+g+lZJbmXb82Zo8K7ccE=
-135,-103,oVgU+fI7J8MrDpEooDS4bEDepJM=,xf37nPrv3x9OE32RQgCEjUaXlQY=
-137,-102,oVgU+fI7J8MrDpEooDS4bEDepJM=,855wcmA+g+lZJbmXb82Zo8K7ccE=
-134,-103,oVgU+fI7J8MrDpEooDS4bEDepJM=,xf37nPrv3x9OE32RQgCEjUaXlQY=
-135,-101,oVgU+fI7J8MrDpEooDS4bEDepJM=,xf37nPrv3x9OE32RQgCEjUaXlQY=
-135,-102,oVgU+fI7J8MrDpEooDS4bEDepJM=,xf37nPrv3x9OE32RQgCEjUaXlQY=
-136,-102,oVgU+fI7J8MrDpEooDS4bEDepJM=,xf37nPrv3x9OE32RQgCEjUaXlQY=
-133,-102,oVgU+fI7J8MrDpEooDS4bEDepJM=,xf37nPrv3x9OE32RQgCEjUaXlQY=
-136,-101,oVgU+fI7J8MrDpEooDS4bEDepJM=,xf37nPrv3x9OE32RQgCEjUaXlQY=
-133,-104,oVgU+fI7J8MrDpEooDS4bEDepJM=,xf37nPrv3x9OE32RQgCEjUaXlQY=
-134,-104,oVgU+fI7J8MrDpEooDS4bEDepJM=,xf37nPrv3x9OE32RQgCEjUaXlQY=
-133,-103,oVgU+fI7J8MrDpEooDS4bEDepJM=,xf37nPrv3x9OE32RQgCEjUaXlQY=
-133,-107,oVgU+fI7J8MrDpEooDS4bEDepJM=,CFIkR1NA3ge2uOnYWQefkIjxdyk=
-139,-102,oVgU+fI7J8MrDpEooDS4bEDepJM=,855wcmA+g+lZJbmXb82Zo8K7ccE=
-137,-97,oVgU+fI7J8MrDpEooDS4bEDepJM=,855wcmA+g+lZJbmXb82Zo8K7ccE=
-132,-97,oVgU+fI7J8MrDpEooDS4bEDepJM=,xf37nPrv3x9OE32RQgCEjUaXlQY=
-132,-100,oVgU+fI7J8MrDpEooDS4bEDepJM=,xf37nPrv3x9OE32RQgCEjUaXlQY=
-131,-100,oVgU+fI7J8MrDpEooDS4bEDepJM=,xf37nPrv3x9OE32RQgCEjUaXlQY=
-140,-98,oVgU+fI7J8MrDpEooDS4bEDepJM=,855wcmA+g+lZJbmXb82Zo8K7ccE=
-130,-100,oVgU+fI7J8MrDpEooDS4bEDepJM=,xf37nPrv3x9OE32RQgCEjUaXlQY=
-129,-99,oVgU+fI7J8MrDpEooDS4bEDepJM=,xf37nPrv3x9OE32RQgCEjUaXlQY=
-136,-98,oVgU+fI7J8MrDpEooDS4bEDepJM=,xf37nPrv3x9OE32RQgCEjUaXlQY=
-135,-98,oVgU+fI7J8MrDpEooDS4bEDepJM=,xf37nPrv3x9OE32RQgCEjUaXlQY=
-139,-98,oVgU+fI7J8MrDpEooDS4bEDepJM=,855wcmA+g+lZJbmXb82Zo8K7ccE=
-138,-98,oVgU+fI7J8MrDpEooDS4bEDepJM=,855wcmA+g+lZJbmXb82Zo8K7ccE=
-131,-99,oVgU+fI7J8MrDpEooDS4bEDepJM=,xf37nPrv3x9OE32RQgCEjUaXlQY=
-132,-99,oVgU+fI7J8MrDpEooDS4bEDepJM=,xf37nPrv3x9OE32RQgCEjUaXlQY=
-137,-100,oVgU+fI7J8MrDpEooDS4bEDepJM=,855wcmA+g+lZJbmXb82Zo8K7ccE=
-129,-100,oVgU+fI7J8MrDpEooDS4bEDepJM=,xf37nPrv3x9OE32RQgCEjUaXlQY=
-131,-97,oVgU+fI7J8MrDpEooDS4bEDepJM=,xf37nPrv3x9OE32RQgCEjUaXlQY=
-130,-99,oVgU+fI7J8MrDpEooDS4bEDepJM=,xf37nPrv3x9OE32RQgCEjUaXlQY=
-133,-99,oVgU+fI7J8MrDpEooDS4bEDepJM=,xf37nPrv3x9OE32RQgCEjUaXlQY=
-133,-100,oVgU+fI7J8MrDpEooDS4bEDepJM=,xf37nPrv3x9OE32RQgCEjUaXlQY=
-134,-99,oVgU+fI7J8MrDpEooDS4bEDepJM=,xf37nPrv3x9OE32RQgCEjUaXlQY=
-139,-97,oVgU+fI7J8MrDpEooDS4bEDepJM=,855wcmA+g+lZJbmXb82Zo8K7ccE=
-140,-97,oVgU+fI7J8MrDpEooDS4bEDepJM=,855wcmA+g+lZJbmXb82Zo8K7ccE=
-140,-100,oVgU+fI7J8MrDpEooDS4bEDepJM=,855wcmA+g+lZJbmXb82Zo8K7ccE=
-137,-99,oVgU+fI7J8MrDpEooDS4bEDepJM=,855wcmA+g+lZJbmXb82Zo8K7ccE=
-138,-97,oVgU+fI7J8MrDpEooDS4bEDepJM=,855wcmA+g+lZJbmXb82Zo8K7ccE=
-130,-97,oVgU+fI7J8MrDpEooDS4bEDepJM=,xf37nPrv3x9OE32RQgCEjUaXlQY=
-139,-100,oVgU+fI7J8MrDpEooDS4bEDepJM=,855wcmA+g+lZJbmXb82Zo8K7ccE=
-130,-98,oVgU+fI7J8MrDpEooDS4bEDepJM=,xf37nPrv3x9OE32RQgCEjUaXlQY=
-129,-98,oVgU+fI7J8MrDpEooDS4bEDepJM=,xf37nPrv3x9OE32RQgCEjUaXlQY=
-138,-100,oVgU+fI7J8MrDpEooDS4bEDepJM=,855wcmA+g+lZJbmXb82Zo8K7ccE=
-131,-98,oVgU+fI7J8MrDpEooDS4bEDepJM=,xf37nPrv3x9OE32RQgCEjUaXlQY=
-137,-98,oVgU+fI7J8MrDpEooDS4bEDepJM=,855wcmA+g+lZJbmXb82Zo8K7ccE=
-129,-97,oVgU+fI7J8MrDpEooDS4bEDepJM=,xf37nPrv3x9OE32RQgCEjUaXlQY=
-135,-99,oVgU+fI7J8MrDpEooDS4bEDepJM=,xf37nPrv3x9OE32RQgCEjUaXlQY=
-140,-99,oVgU+fI7J8MrDpEooDS4bEDepJM=,855wcmA+g+lZJbmXb82Zo8K7ccE=
-132,-98,oVgU+fI7J8MrDpEooDS4bEDepJM=,xf37nPrv3x9OE32RQgCEjUaXlQY=
-132,-104,oVgU+fI7J8MrDpEooDS4bEDepJM=,xf37nPrv3x9OE32RQgCEjUaXlQY=
-138,-99,oVgU+fI7J8MrDpEooDS4bEDepJM=,855wcmA+g+lZJbmXb82Zo8K7ccE=
-133,-97,oVgU+fI7J8MrDpEooDS4bEDepJM=,xf37nPrv3x9OE32RQgCEjUaXlQY=
-134,-100,oVgU+fI7J8MrDpEooDS4bEDepJM=,xf37nPrv3x9OE32RQgCEjUaXlQY=
-135,-100,oVgU+fI7J8MrDpEooDS4bEDepJM=,xf37nPrv3x9OE32RQgCEjUaXlQY=
-136,-99,oVgU+fI7J8MrDpEooDS4bEDepJM=,xf37nPrv3x9OE32RQgCEjUaXlQY=
-134,-97,oVgU+fI7J8MrDpEooDS4bEDepJM=,xf37nPrv3x9OE32RQgCEjUaXlQY=
-133,-98,oVgU+fI7J8MrDpEooDS4bEDepJM=,xf37nPrv3x9OE32RQgCEjUaXlQY=
-136,-100,oVgU+fI7J8MrDpEooDS4bEDepJM=,xf37nPrv3x9OE32RQgCEjUaXlQY=
-134,-98,oVgU+fI7J8MrDpEooDS4bEDepJM=,xf37nPrv3x9OE32RQgCEjUaXlQY=
-136,-97,oVgU+fI7J8MrDpEooDS4bEDepJM=,xf37nPrv3x9OE32RQgCEjUaXlQY=
-132,-102,oVgU+fI7J8MrDpEooDS4bEDepJM=,xf37nPrv3x9OE32RQgCEjUaXlQY=
-129,-105,oVgU+fI7J8MrDpEooDS4bEDepJM=,CFIkR1NA3ge2uOnYWQefkIjxdyk=
-129,-104,oVgU+fI7J8MrDpEooDS4bEDepJM=,xf37nPrv3x9OE32RQgCEjUaXlQY=
-135,-97,oVgU+fI7J8MrDpEooDS4bEDepJM=,xf37nPrv3x9OE32RQgCEjUaXlQY=
-129,-107,oVgU+fI7J8MrDpEooDS4bEDepJM=,CFIkR1NA3ge2uOnYWQefkIjxdyk=
-132,-101,oVgU+fI7J8MrDpEooDS4bEDepJM=,xf37nPrv3x9OE32RQgCEjUaXlQY=
-129,-108,oVgU+fI7J8MrDpEooDS4bEDepJM=,CFIkR1NA3ge2uOnYWQefkIjxdyk=
-131,-101,oVgU+fI7J8MrDpEooDS4bEDepJM=,xf37nPrv3x9OE32RQgCEjUaXlQY=
-129,-112,oVgU+fI7J8MrDpEooDS4bEDepJM=,CFIkR1NA3ge2uOnYWQefkIjxdyk=
-129,-106,oVgU+fI7J8MrDpEooDS4bEDepJM=,CFIkR1NA3ge2uOnYWQefkIjxdyk=
-130,-101,oVgU+fI7J8MrDpEooDS4bEDepJM=,xf37nPrv3x9OE32RQgCEjUaXlQY=
-129,-101,oVgU+fI7J8MrDpEooDS4bEDepJM=,xf37nPrv3x9OE32RQgCEjUaXlQY=
-132,-111,oVgU+fI7J8MrDpEooDS4bEDepJM=,CFIkR1NA3ge2uOnYWQefkIjxdyk=
-131,-102,oVgU+fI7J8MrDpEooDS4bEDepJM=,xf37nPrv3x9OE32RQgCEjUaXlQY=
-129,-103,oVgU+fI7J8MrDpEooDS4bEDepJM=,xf37nPrv3x9OE32RQgCEjUaXlQY=
-130,-104,oVgU+fI7J8MrDpEooDS4bEDepJM=,xf37nPrv3x9OE32RQgCEjUaXlQY=
-131,-111,oVgU+fI7J8MrDpEooDS4bEDepJM=,CFIkR1NA3ge2uOnYWQefkIjxdyk=
-130,-103,oVgU+fI7J8MrDpEooDS4bEDepJM=,xf37nPrv3x9OE32RQgCEjUaXlQY=
-130,-111,oVgU+fI7J8MrDpEooDS4bEDepJM=,CFIkR1NA3ge2uOnYWQefkIjxdyk=
-139,-99,oVgU+fI7J8MrDpEooDS4bEDepJM=,855wcmA+g+lZJbmXb82Zo8K7ccE=
-129,-102,oVgU+fI7J8MrDpEooDS4bEDepJM=,xf37nPrv3x9OE32RQgCEjUaXlQY=
-130,-102,oVgU+fI7J8MrDpEooDS4bEDepJM=,xf37nPrv3x9OE32RQgCEjUaXlQY=
-131,-103,oVgU+fI7J8MrDpEooDS4bEDepJM=,xf37nPrv3x9OE32RQgCEjUaXlQY=
-132,-103,oVgU+fI7J8MrDpEooDS4bEDepJM=,xf37nPrv3x9OE32RQgCEjUaXlQY=
-129,-109,oVgU+fI7J8MrDpEooDS4bEDepJM=,CFIkR1NA3ge2uOnYWQefkIjxdyk=
-132,-110,oVgU+fI7J8MrDpEooDS4bEDepJM=,CFIkR1NA3ge2uOnYWQefkIjxdyk=
-130,-108,oVgU+fI7J8MrDpEooDS4bEDepJM=,CFIkR1NA3ge2uOnYWQefkIjxdyk=
-132,-108,oVgU+fI7J8MrDpEooDS4bEDepJM=,CFIkR1NA3ge2uOnYWQefkIjxdyk=
-131,-107,oVgU+fI7J8MrDpEooDS4bEDepJM=,CFIkR1NA3ge2uOnYWQefkIjxdyk=
-131,-108,oVgU+fI7J8MrDpEooDS4bEDepJM=,CFIkR1NA3ge2uOnYWQefkIjxdyk=
-132,-107,oVgU+fI7J8MrDpEooDS4bEDepJM=,CFIkR1NA3ge2uOnYWQefkIjxdyk=
-130,-107,oVgU+fI7J8MrDpEooDS4bEDepJM=,CFIkR1NA3ge2uOnYWQefkIjxdyk=
-131,-106,oVgU+fI7J8MrDpEooDS4bEDepJM=,CFIkR1NA3ge2uOnYWQefkIjxdyk=
-132,-106,oVgU+fI7J8MrDpEooDS4bEDepJM=,CFIkR1NA3ge2uOnYWQefkIjxdyk=
-130,-110,oVgU+fI7J8MrDpEooDS4bEDepJM=,CFIkR1NA3ge2uOnYWQefkIjxdyk=
-130,-109,oVgU+fI7J8MrDpEooDS4bEDepJM=,CFIkR1NA3ge2uOnYWQefkIjxdyk=
-132,-109,oVgU+fI7J8MrDpEooDS4bEDepJM=,CFIkR1NA3ge2uOnYWQefkIjxdyk=
-129,-110,oVgU+fI7J8MrDpEooDS4bEDepJM=,CFIkR1NA3ge2uOnYWQefkIjxdyk=
-130,-106,oVgU+fI7J8MrDpEooDS4bEDepJM=,CFIkR1NA3ge2uOnYWQefkIjxdyk=
-131,-105,oVgU+fI7J8MrDpEooDS4bEDepJM=,CFIkR1NA3ge2uOnYWQefkIjxdyk=
-130,-105,oVgU+fI7J8MrDpEooDS4bEDepJM=,CFIkR1NA3ge2uOnYWQefkIjxdyk=
-132,-105,oVgU+fI7J8MrDpEooDS4bEDepJM=,CFIkR1NA3ge2uOnYWQefkIjxdyk=
-131,-104,oVgU+fI7J8MrDpEooDS4bEDepJM=,xf37nPrv3x9OE32RQgCEjUaXlQY=
-131,-112,oVgU+fI7J8MrDpEooDS4bEDepJM=,CFIkR1NA3ge2uOnYWQefkIjxdyk=
-129,-111,oVgU+fI7J8MrDpEooDS4bEDepJM=,CFIkR1NA3ge2uOnYWQefkIjxdyk=
-132,-112,oVgU+fI7J8MrDpEooDS4bEDepJM=,CFIkR1NA3ge2uOnYWQefkIjxdyk=
-131,-109,oVgU+fI7J8MrDpEooDS4bEDepJM=,CFIkR1NA3ge2uOnYWQefkIjxdyk=
-130,-112,oVgU+fI7J8MrDpEooDS4bEDepJM=,CFIkR1NA3ge2uOnYWQefkIjxdyk=
-131,-110,oVgU+fI7J8MrDpEooDS4bEDepJM=,CFIkR1NA3ge2uOnYWQefkIjxdyk=
-144,-105,1VJ/1qYDm7rXTLfB0aPg61om3UE=,Buky01wo+W9xaqmYdWqaq9dbIME=
-143,-103,1VJ/1qYDm7rXTLfB0aPg61om3UE=,855wcmA+g+lZJbmXb82Zo8K7ccE=
-142,-103,1VJ/1qYDm7rXTLfB0aPg61om3UE=,855wcmA+g+lZJbmXb82Zo8K7ccE=
-144,-97,1VJ/1qYDm7rXTLfB0aPg61om3UE=,855wcmA+g+lZJbmXb82Zo8K7ccE=
-141,-103,1VJ/1qYDm7rXTLfB0aPg61om3UE=,855wcmA+g+lZJbmXb82Zo8K7ccE=
-142,-102,1VJ/1qYDm7rXTLfB0aPg61om3UE=,855wcmA+g+lZJbmXb82Zo8K7ccE=
-143,-102,1VJ/1qYDm7rXTLfB0aPg61om3UE=,855wcmA+g+lZJbmXb82Zo8K7ccE=
-142,-97,1VJ/1qYDm7rXTLfB0aPg61om3UE=,855wcmA+g+lZJbmXb82Zo8K7ccE=
-141,-102,1VJ/1qYDm7rXTLfB0aPg61om3UE=,855wcmA+g+lZJbmXb82Zo8K7ccE=
-143,-101,1VJ/1qYDm7rXTLfB0aPg61om3UE=,855wcmA+g+lZJbmXb82Zo8K7ccE=
-142,-101,1VJ/1qYDm7rXTLfB0aPg61om3UE=,855wcmA+g+lZJbmXb82Zo8K7ccE=
-141,-101,1VJ/1qYDm7rXTLfB0aPg61om3UE=,855wcmA+g+lZJbmXb82Zo8K7ccE=
-143,-104,1VJ/1qYDm7rXTLfB0aPg61om3UE=,855wcmA+g+lZJbmXb82Zo8K7ccE=
-141,-97,1VJ/1qYDm7rXTLfB0aPg61om3UE=,855wcmA+g+lZJbmXb82Zo8K7ccE=
-142,-104,1VJ/1qYDm7rXTLfB0aPg61om3UE=,855wcmA+g+lZJbmXb82Zo8K7ccE=
-143,-100,1VJ/1qYDm7rXTLfB0aPg61om3UE=,855wcmA+g+lZJbmXb82Zo8K7ccE=
-144,-106,1VJ/1qYDm7rXTLfB0aPg61om3UE=,Buky01wo+W9xaqmYdWqaq9dbIME=
-136,-112,1VJ/1qYDm7rXTLfB0aPg61om3UE=,CFIkR1NA3ge2uOnYWQefkIjxdyk=
-142,-100,1VJ/1qYDm7rXTLfB0aPg61om3UE=,855wcmA+g+lZJbmXb82Zo8K7ccE=
-143,-108,1VJ/1qYDm7rXTLfB0aPg61om3UE=,Buky01wo+W9xaqmYdWqaq9dbIME=
-143,-107,1VJ/1qYDm7rXTLfB0aPg61om3UE=,Buky01wo+W9xaqmYdWqaq9dbIME=
-141,-100,1VJ/1qYDm7rXTLfB0aPg61om3UE=,855wcmA+g+lZJbmXb82Zo8K7ccE=
-141,-104,1VJ/1qYDm7rXTLfB0aPg61om3UE=,855wcmA+g+lZJbmXb82Zo8K7ccE=
-142,-108,1VJ/1qYDm7rXTLfB0aPg61om3UE=,Buky01wo+W9xaqmYdWqaq9dbIME=
-142,-107,1VJ/1qYDm7rXTLfB0aPg61om3UE=,Buky01wo+W9xaqmYdWqaq9dbIME=
-141,-108,1VJ/1qYDm7rXTLfB0aPg61om3UE=,Buky01wo+W9xaqmYdWqaq9dbIME=
-143,-97,1VJ/1qYDm7rXTLfB0aPg61om3UE=,855wcmA+g+lZJbmXb82Zo8K7ccE=
-141,-107,1VJ/1qYDm7rXTLfB0aPg61om3UE=,Buky01wo+W9xaqmYdWqaq9dbIME=
-144,-107,1VJ/1qYDm7rXTLfB0aPg61om3UE=,Buky01wo+W9xaqmYdWqaq9dbIME=
-143,-106,1VJ/1qYDm7rXTLfB0aPg61om3UE=,Buky01wo+W9xaqmYdWqaq9dbIME=
-142,-106,1VJ/1qYDm7rXTLfB0aPg61om3UE=,Buky01wo+W9xaqmYdWqaq9dbIME=
-143,-99,1VJ/1qYDm7rXTLfB0aPg61om3UE=,855wcmA+g+lZJbmXb82Zo8K7ccE=
-141,-106,1VJ/1qYDm7rXTLfB0aPg61om3UE=,Buky01wo+W9xaqmYdWqaq9dbIME=
-142,-99,1VJ/1qYDm7rXTLfB0aPg61om3UE=,855wcmA+g+lZJbmXb82Zo8K7ccE=
-141,-99,1VJ/1qYDm7rXTLfB0aPg61om3UE=,855wcmA+g+lZJbmXb82Zo8K7ccE=
-143,-98,1VJ/1qYDm7rXTLfB0aPg61om3UE=,855wcmA+g+lZJbmXb82Zo8K7ccE=
-133,-112,1VJ/1qYDm7rXTLfB0aPg61om3UE=,CFIkR1NA3ge2uOnYWQefkIjxdyk=
-142,-98,1VJ/1qYDm7rXTLfB0aPg61om3UE=,855wcmA+g+lZJbmXb82Zo8K7ccE=
-144,-108,1VJ/1qYDm7rXTLfB0aPg61om3UE=,Buky01wo+W9xaqmYdWqaq9dbIME=
-143,-105,1VJ/1qYDm7rXTLfB0aPg61om3UE=,Buky01wo+W9xaqmYdWqaq9dbIME=
-144,-104,1VJ/1qYDm7rXTLfB0aPg61om3UE=,855wcmA+g+lZJbmXb82Zo8K7ccE=
-144,-101,1VJ/1qYDm7rXTLfB0aPg61om3UE=,855wcmA+g+lZJbmXb82Zo8K7ccE=
-141,-105,1VJ/1qYDm7rXTLfB0aPg61om3UE=,Buky01wo+W9xaqmYdWqaq9dbIME=
-144,-102,1VJ/1qYDm7rXTLfB0aPg61om3UE=,855wcmA+g+lZJbmXb82Zo8K7ccE=
-142,-105,1VJ/1qYDm7rXTLfB0aPg61om3UE=,Buky01wo+W9xaqmYdWqaq9dbIME=
-139,-112,1VJ/1qYDm7rXTLfB0aPg61om3UE=,Buky01wo+W9xaqmYdWqaq9dbIME=
-141,-112,1VJ/1qYDm7rXTLfB0aPg61om3UE=,Buky01wo+W9xaqmYdWqaq9dbIME=
-142,-112,1VJ/1qYDm7rXTLfB0aPg61om3UE=,Buky01wo+W9xaqmYdWqaq9dbIME=
-144,-103,1VJ/1qYDm7rXTLfB0aPg61om3UE=,855wcmA+g+lZJbmXb82Zo8K7ccE=
-140,-111,1VJ/1qYDm7rXTLfB0aPg61om3UE=,Buky01wo+W9xaqmYdWqaq9dbIME=
-143,-112,1VJ/1qYDm7rXTLfB0aPg61om3UE=,Buky01wo+W9xaqmYdWqaq9dbIME=
-135,-111,1VJ/1qYDm7rXTLfB0aPg61om3UE=,CFIkR1NA3ge2uOnYWQefkIjxdyk=
-134,-111,1VJ/1qYDm7rXTLfB0aPg61om3UE=,CFIkR1NA3ge2uOnYWQefkIjxdyk=
-134,-110,1VJ/1qYDm7rXTLfB0aPg61om3UE=,CFIkR1NA3ge2uOnYWQefkIjxdyk=
-134,-112,1VJ/1qYDm7rXTLfB0aPg61om3UE=,CFIkR1NA3ge2uOnYWQefkIjxdyk=
-138,-111,1VJ/1qYDm7rXTLfB0aPg61om3UE=,Buky01wo+W9xaqmYdWqaq9dbIME=
-138,-112,1VJ/1qYDm7rXTLfB0aPg61om3UE=,Buky01wo+W9xaqmYdWqaq9dbIME=
-133,-111,1VJ/1qYDm7rXTLfB0aPg61om3UE=,CFIkR1NA3ge2uOnYWQefkIjxdyk=
-139,-111,1VJ/1qYDm7rXTLfB0aPg61om3UE=,Buky01wo+W9xaqmYdWqaq9dbIME=
-137,-111,1VJ/1qYDm7rXTLfB0aPg61om3UE=,Buky01wo+W9xaqmYdWqaq9dbIME=
-144,-112,1VJ/1qYDm7rXTLfB0aPg61om3UE=,Buky01wo+W9xaqmYdWqaq9dbIME=
-140,-112,1VJ/1qYDm7rXTLfB0aPg61om3UE=,Buky01wo+W9xaqmYdWqaq9dbIME=
-135,-109,1VJ/1qYDm7rXTLfB0aPg61om3UE=,CFIkR1NA3ge2uOnYWQefkIjxdyk=
-134,-109,1VJ/1qYDm7rXTLfB0aPg61om3UE=,CFIkR1NA3ge2uOnYWQefkIjxdyk=
-133,-109,1VJ/1qYDm7rXTLfB0aPg61om3UE=,CFIkR1NA3ge2uOnYWQefkIjxdyk=
-136,-110,1VJ/1qYDm7rXTLfB0aPg61om3UE=,CFIkR1NA3ge2uOnYWQefkIjxdyk=
-133,-110,1VJ/1qYDm7rXTLfB0aPg61om3UE=,CFIkR1NA3ge2uOnYWQefkIjxdyk=
-136,-109,1VJ/1qYDm7rXTLfB0aPg61om3UE=,CFIkR1NA3ge2uOnYWQefkIjxdyk=
-143,-110,1VJ/1qYDm7rXTLfB0aPg61om3UE=,Buky01wo+W9xaqmYdWqaq9dbIME=
-137,-112,1VJ/1qYDm7rXTLfB0aPg61om3UE=,Buky01wo+W9xaqmYdWqaq9dbIME=
-135,-112,1VJ/1qYDm7rXTLfB0aPg61om3UE=,CFIkR1NA3ge2uOnYWQefkIjxdyk=
-142,-110,1VJ/1qYDm7rXTLfB0aPg61om3UE=,Buky01wo+W9xaqmYdWqaq9dbIME=
-140,-110,1VJ/1qYDm7rXTLfB0aPg61om3UE=,Buky01wo+W9xaqmYdWqaq9dbIME=
-139,-110,1VJ/1qYDm7rXTLfB0aPg61om3UE=,Buky01wo+W9xaqmYdWqaq9dbIME=
-137,-110,1VJ/1qYDm7rXTLfB0aPg61om3UE=,Buky01wo+W9xaqmYdWqaq9dbIME=
-138,-110,1VJ/1qYDm7rXTLfB0aPg61om3UE=,Buky01wo+W9xaqmYdWqaq9dbIME=
-143,-109,1VJ/1qYDm7rXTLfB0aPg61om3UE=,Buky01wo+W9xaqmYdWqaq9dbIME=
-142,-109,1VJ/1qYDm7rXTLfB0aPg61om3UE=,Buky01wo+W9xaqmYdWqaq9dbIME=
-140,-109,1VJ/1qYDm7rXTLfB0aPg61om3UE=,Buky01wo+W9xaqmYdWqaq9dbIME=
-141,-109,1VJ/1qYDm7rXTLfB0aPg61om3UE=,Buky01wo+W9xaqmYdWqaq9dbIME=
-141,-110,1VJ/1qYDm7rXTLfB0aPg61om3UE=,Buky01wo+W9xaqmYdWqaq9dbIME=
-137,-109,1VJ/1qYDm7rXTLfB0aPg61om3UE=,Buky01wo+W9xaqmYdWqaq9dbIME=
-138,-109,1VJ/1qYDm7rXTLfB0aPg61om3UE=,Buky01wo+W9xaqmYdWqaq9dbIME=
-139,-109,1VJ/1qYDm7rXTLfB0aPg61om3UE=,Buky01wo+W9xaqmYdWqaq9dbIME=
-144,-111,1VJ/1qYDm7rXTLfB0aPg61om3UE=,Buky01wo+W9xaqmYdWqaq9dbIME=
-143,-111,1VJ/1qYDm7rXTLfB0aPg61om3UE=,Buky01wo+W9xaqmYdWqaq9dbIME=
-141,-98,1VJ/1qYDm7rXTLfB0aPg61om3UE=,855wcmA+g+lZJbmXb82Zo8K7ccE=
-144,-100,1VJ/1qYDm7rXTLfB0aPg61om3UE=,855wcmA+g+lZJbmXb82Zo8K7ccE=
-144,-98,1VJ/1qYDm7rXTLfB0aPg61om3UE=,855wcmA+g+lZJbmXb82Zo8K7ccE=
-141,-111,1VJ/1qYDm7rXTLfB0aPg61om3UE=,Buky01wo+W9xaqmYdWqaq9dbIME=
-144,-99,1VJ/1qYDm7rXTLfB0aPg61om3UE=,855wcmA+g+lZJbmXb82Zo8K7ccE=
-144,-109,1VJ/1qYDm7rXTLfB0aPg61om3UE=,Buky01wo+W9xaqmYdWqaq9dbIME=
-136,-111,1VJ/1qYDm7rXTLfB0aPg61om3UE=,CFIkR1NA3ge2uOnYWQefkIjxdyk=
-144,-110,1VJ/1qYDm7rXTLfB0aPg61om3UE=,Buky01wo+W9xaqmYdWqaq9dbIME=
-135,-110,1VJ/1qYDm7rXTLfB0aPg61om3UE=,CFIkR1NA3ge2uOnYWQefkIjxdyk=
-142,-111,1VJ/1qYDm7rXTLfB0aPg61om3UE=,Buky01wo+W9xaqmYdWqaq9dbIME=
-137,-113,DBtKoiHZ4fFMPoTs7ZkOTpj2t5c=,eqS6Y7hxmAojXwJ8r1/uUybcI9o=
-139,-114,DBtKoiHZ4fFMPoTs7ZkOTpj2t5c=,eqS6Y7hxmAojXwJ8r1/uUybcI9o=
-138,-114,DBtKoiHZ4fFMPoTs7ZkOTpj2t5c=,eqS6Y7hxmAojXwJ8r1/uUybcI9o=
-140,-114,DBtKoiHZ4fFMPoTs7ZkOTpj2t5c=,eqS6Y7hxmAojXwJ8r1/uUybcI9o=
-140,-116,DBtKoiHZ4fFMPoTs7ZkOTpj2t5c=,eqS6Y7hxmAojXwJ8r1/uUybcI9o=
-138,-113,DBtKoiHZ4fFMPoTs7ZkOTpj2t5c=,eqS6Y7hxmAojXwJ8r1/uUybcI9o=
-140,-115,DBtKoiHZ4fFMPoTs7ZkOTpj2t5c=,eqS6Y7hxmAojXwJ8r1/uUybcI9o=
-133,-113,DBtKoiHZ4fFMPoTs7ZkOTpj2t5c=,04K/c+IhnxH5kCA43HI3L+XSIfc=
-140,-113,DBtKoiHZ4fFMPoTs7ZkOTpj2t5c=,eqS6Y7hxmAojXwJ8r1/uUybcI9o=
-139,-116,DBtKoiHZ4fFMPoTs7ZkOTpj2t5c=,eqS6Y7hxmAojXwJ8r1/uUybcI9o=
-136,-114,DBtKoiHZ4fFMPoTs7ZkOTpj2t5c=,04K/c+IhnxH5kCA43HI3L+XSIfc=
-135,-114,DBtKoiHZ4fFMPoTs7ZkOTpj2t5c=,04K/c+IhnxH5kCA43HI3L+XSIfc=
-139,-113,DBtKoiHZ4fFMPoTs7ZkOTpj2t5c=,eqS6Y7hxmAojXwJ8r1/uUybcI9o=
-134,-114,DBtKoiHZ4fFMPoTs7ZkOTpj2t5c=,04K/c+IhnxH5kCA43HI3L+XSIfc=
-138,-116,DBtKoiHZ4fFMPoTs7ZkOTpj2t5c=,eqS6Y7hxmAojXwJ8r1/uUybcI9o=
-139,-115,DBtKoiHZ4fFMPoTs7ZkOTpj2t5c=,eqS6Y7hxmAojXwJ8r1/uUybcI9o=
-137,-114,DBtKoiHZ4fFMPoTs7ZkOTpj2t5c=,eqS6Y7hxmAojXwJ8r1/uUybcI9o=
-138,-115,DBtKoiHZ4fFMPoTs7ZkOTpj2t5c=,eqS6Y7hxmAojXwJ8r1/uUybcI9o=
-137,-115,DBtKoiHZ4fFMPoTs7ZkOTpj2t5c=,eqS6Y7hxmAojXwJ8r1/uUybcI9o=
-134,-113,DBtKoiHZ4fFMPoTs7ZkOTpj2t5c=,04K/c+IhnxH5kCA43HI3L+XSIfc=
-133,-114,DBtKoiHZ4fFMPoTs7ZkOTpj2t5c=,04K/c+IhnxH5kCA43HI3L+XSIfc=
-136,-115,DBtKoiHZ4fFMPoTs7ZkOTpj2t5c=,04K/c+IhnxH5kCA43HI3L+XSIfc=
-136,-116,DBtKoiHZ4fFMPoTs7ZkOTpj2t5c=,04K/c+IhnxH5kCA43HI3L+XSIfc=
-135,-115,DBtKoiHZ4fFMPoTs7ZkOTpj2t5c=,04K/c+IhnxH5kCA43HI3L+XSIfc=
-135,-116,DBtKoiHZ4fFMPoTs7ZkOTpj2t5c=,04K/c+IhnxH5kCA43HI3L+XSIfc=
-137,-116,DBtKoiHZ4fFMPoTs7ZkOTpj2t5c=,eqS6Y7hxmAojXwJ8r1/uUybcI9o=
-134,-115,DBtKoiHZ4fFMPoTs7ZkOTpj2t5c=,04K/c+IhnxH5kCA43HI3L+XSIfc=
-134,-116,DBtKoiHZ4fFMPoTs7ZkOTpj2t5c=,04K/c+IhnxH5kCA43HI3L+XSIfc=
-133,-116,DBtKoiHZ4fFMPoTs7ZkOTpj2t5c=,04K/c+IhnxH5kCA43HI3L+XSIfc=
-133,-115,DBtKoiHZ4fFMPoTs7ZkOTpj2t5c=,04K/c+IhnxH5kCA43HI3L+XSIfc=
-135,-113,DBtKoiHZ4fFMPoTs7ZkOTpj2t5c=,04K/c+IhnxH5kCA43HI3L+XSIfc=
-136,-113,DBtKoiHZ4fFMPoTs7ZkOTpj2t5c=,04K/c+IhnxH5kCA43HI3L+XSIfc=
-137,-121,DBtKoiHZ4fFMPoTs7ZkOTpj2t5c=,lt7MKMZFI+Yse9hDPgmvZygG/ek=
-137,-122,DBtKoiHZ4fFMPoTs7ZkOTpj2t5c=,lt7MKMZFI+Yse9hDPgmvZygG/ek=
-138,-124,DBtKoiHZ4fFMPoTs7ZkOTpj2t5c=,lt7MKMZFI+Yse9hDPgmvZygG/ek=
-139,-124,DBtKoiHZ4fFMPoTs7ZkOTpj2t5c=,lt7MKMZFI+Yse9hDPgmvZygG/ek=
-137,-120,DBtKoiHZ4fFMPoTs7ZkOTpj2t5c=,eqS6Y7hxmAojXwJ8r1/uUybcI9o=
-140,-123,DBtKoiHZ4fFMPoTs7ZkOTpj2t5c=,lt7MKMZFI+Yse9hDPgmvZygG/ek=
-139,-123,DBtKoiHZ4fFMPoTs7ZkOTpj2t5c=,lt7MKMZFI+Yse9hDPgmvZygG/ek=
-138,-123,DBtKoiHZ4fFMPoTs7ZkOTpj2t5c=,lt7MKMZFI+Yse9hDPgmvZygG/ek=
-140,-122,DBtKoiHZ4fFMPoTs7ZkOTpj2t5c=,lt7MKMZFI+Yse9hDPgmvZygG/ek=
-139,-122,DBtKoiHZ4fFMPoTs7ZkOTpj2t5c=,lt7MKMZFI+Yse9hDPgmvZygG/ek=
-140,-121,DBtKoiHZ4fFMPoTs7ZkOTpj2t5c=,lt7MKMZFI+Yse9hDPgmvZygG/ek=
-138,-122,DBtKoiHZ4fFMPoTs7ZkOTpj2t5c=,lt7MKMZFI+Yse9hDPgmvZygG/ek=
-138,-121,DBtKoiHZ4fFMPoTs7ZkOTpj2t5c=,lt7MKMZFI+Yse9hDPgmvZygG/ek=
-136,-124,DBtKoiHZ4fFMPoTs7ZkOTpj2t5c=,jCBj41uMTrSgRvK5CiJzv62iY7I=
-137,-124,DBtKoiHZ4fFMPoTs7ZkOTpj2t5c=,lt7MKMZFI+Yse9hDPgmvZygG/ek=
-137,-123,DBtKoiHZ4fFMPoTs7ZkOTpj2t5c=,lt7MKMZFI+Yse9hDPgmvZygG/ek=
-136,-118,DBtKoiHZ4fFMPoTs7ZkOTpj2t5c=,04K/c+IhnxH5kCA43HI3L+XSIfc=
-137,-117,DBtKoiHZ4fFMPoTs7ZkOTpj2t5c=,eqS6Y7hxmAojXwJ8r1/uUybcI9o=
-134,-118,DBtKoiHZ4fFMPoTs7ZkOTpj2t5c=,04K/c+IhnxH5kCA43HI3L+XSIfc=
-133,-118,DBtKoiHZ4fFMPoTs7ZkOTpj2t5c=,04K/c+IhnxH5kCA43HI3L+XSIfc=
-134,-117,DBtKoiHZ4fFMPoTs7ZkOTpj2t5c=,04K/c+IhnxH5kCA43HI3L+XSIfc=
-136,-117,DBtKoiHZ4fFMPoTs7ZkOTpj2t5c=,04K/c+IhnxH5kCA43HI3L+XSIfc=
-135,-119,DBtKoiHZ4fFMPoTs7ZkOTpj2t5c=,04K/c+IhnxH5kCA43HI3L+XSIfc=
-134,-119,DBtKoiHZ4fFMPoTs7ZkOTpj2t5c=,04K/c+IhnxH5kCA43HI3L+XSIfc=
-136,-119,DBtKoiHZ4fFMPoTs7ZkOTpj2t5c=,04K/c+IhnxH5kCA43HI3L+XSIfc=
-133,-119,DBtKoiHZ4fFMPoTs7ZkOTpj2t5c=,04K/c+IhnxH5kCA43HI3L+XSIfc=
-133,-121,DBtKoiHZ4fFMPoTs7ZkOTpj2t5c=,jCBj41uMTrSgRvK5CiJzv62iY7I=
-135,-117,DBtKoiHZ4fFMPoTs7ZkOTpj2t5c=,04K/c+IhnxH5kCA43HI3L+XSIfc=
-140,-124,DBtKoiHZ4fFMPoTs7ZkOTpj2t5c=,lt7MKMZFI+Yse9hDPgmvZygG/ek=
-134,-121,DBtKoiHZ4fFMPoTs7ZkOTpj2t5c=,jCBj41uMTrSgRvK5CiJzv62iY7I=
-133,-117,DBtKoiHZ4fFMPoTs7ZkOTpj2t5c=,04K/c+IhnxH5kCA43HI3L+XSIfc=
-135,-121,DBtKoiHZ4fFMPoTs7ZkOTpj2t5c=,jCBj41uMTrSgRvK5CiJzv62iY7I=
-135,-124,DBtKoiHZ4fFMPoTs7ZkOTpj2t5c=,jCBj41uMTrSgRvK5CiJzv62iY7I=
-133,-120,DBtKoiHZ4fFMPoTs7ZkOTpj2t5c=,04K/c+IhnxH5kCA43HI3L+XSIfc=
-137,-118,DBtKoiHZ4fFMPoTs7ZkOTpj2t5c=,eqS6Y7hxmAojXwJ8r1/uUybcI9o=
-135,-118,DBtKoiHZ4fFMPoTs7ZkOTpj2t5c=,04K/c+IhnxH5kCA43HI3L+XSIfc=
-136,-121,DBtKoiHZ4fFMPoTs7ZkOTpj2t5c=,jCBj41uMTrSgRvK5CiJzv62iY7I=
-134,-120,DBtKoiHZ4fFMPoTs7ZkOTpj2t5c=,04K/c+IhnxH5kCA43HI3L+XSIfc=
-140,-120,DBtKoiHZ4fFMPoTs7ZkOTpj2t5c=,eqS6Y7hxmAojXwJ8r1/uUybcI9o=
-139,-120,DBtKoiHZ4fFMPoTs7ZkOTpj2t5c=,eqS6Y7hxmAojXwJ8r1/uUybcI9o=
-135,-122,DBtKoiHZ4fFMPoTs7ZkOTpj2t5c=,jCBj41uMTrSgRvK5CiJzv62iY7I=
-134,-122,DBtKoiHZ4fFMPoTs7ZkOTpj2t5c=,jCBj41uMTrSgRvK5CiJzv62iY7I=
-134,-124,DBtKoiHZ4fFMPoTs7ZkOTpj2t5c=,jCBj41uMTrSgRvK5CiJzv62iY7I=
-136,-122,DBtKoiHZ4fFMPoTs7ZkOTpj2t5c=,jCBj41uMTrSgRvK5CiJzv62iY7I=
-133,-122,DBtKoiHZ4fFMPoTs7ZkOTpj2t5c=,jCBj41uMTrSgRvK5CiJzv62iY7I=
-137,-119,DBtKoiHZ4fFMPoTs7ZkOTpj2t5c=,eqS6Y7hxmAojXwJ8r1/uUybcI9o=
-136,-120,DBtKoiHZ4fFMPoTs7ZkOTpj2t5c=,04K/c+IhnxH5kCA43HI3L+XSIfc=
-134,-123,DBtKoiHZ4fFMPoTs7ZkOTpj2t5c=,jCBj41uMTrSgRvK5CiJzv62iY7I=
-138,-120,DBtKoiHZ4fFMPoTs7ZkOTpj2t5c=,eqS6Y7hxmAojXwJ8r1/uUybcI9o=
-135,-123,DBtKoiHZ4fFMPoTs7ZkOTpj2t5c=,jCBj41uMTrSgRvK5CiJzv62iY7I=
-135,-120,DBtKoiHZ4fFMPoTs7ZkOTpj2t5c=,04K/c+IhnxH5kCA43HI3L+XSIfc=
-133,-123,DBtKoiHZ4fFMPoTs7ZkOTpj2t5c=,jCBj41uMTrSgRvK5CiJzv62iY7I=
-140,-119,DBtKoiHZ4fFMPoTs7ZkOTpj2t5c=,eqS6Y7hxmAojXwJ8r1/uUybcI9o=
-139,-119,DBtKoiHZ4fFMPoTs7ZkOTpj2t5c=,eqS6Y7hxmAojXwJ8r1/uUybcI9o=
-133,-124,DBtKoiHZ4fFMPoTs7ZkOTpj2t5c=,jCBj41uMTrSgRvK5CiJzv62iY7I=
-136,-123,DBtKoiHZ4fFMPoTs7ZkOTpj2t5c=,jCBj41uMTrSgRvK5CiJzv62iY7I=
-138,-117,DBtKoiHZ4fFMPoTs7ZkOTpj2t5c=,eqS6Y7hxmAojXwJ8r1/uUybcI9o=
-138,-119,DBtKoiHZ4fFMPoTs7ZkOTpj2t5c=,eqS6Y7hxmAojXwJ8r1/uUybcI9o=
-140,-117,DBtKoiHZ4fFMPoTs7ZkOTpj2t5c=,eqS6Y7hxmAojXwJ8r1/uUybcI9o=
-138,-118,DBtKoiHZ4fFMPoTs7ZkOTpj2t5c=,eqS6Y7hxmAojXwJ8r1/uUybcI9o=
-139,-117,DBtKoiHZ4fFMPoTs7ZkOTpj2t5c=,eqS6Y7hxmAojXwJ8r1/uUybcI9o=
-140,-118,DBtKoiHZ4fFMPoTs7ZkOTpj2t5c=,eqS6Y7hxmAojXwJ8r1/uUybcI9o=
-139,-121,DBtKoiHZ4fFMPoTs7ZkOTpj2t5c=,lt7MKMZFI+Yse9hDPgmvZygG/ek=
-139,-118,DBtKoiHZ4fFMPoTs7ZkOTpj2t5c=,eqS6Y7hxmAojXwJ8r1/uUybcI9o=
-132,-120,yrsVj/ReEYo6/cW0Smhh76j1e3A=,04K/c+IhnxH5kCA43HI3L+XSIfc=
-129,-123,yrsVj/ReEYo6/cW0Smhh76j1e3A=,jCBj41uMTrSgRvK5CiJzv62iY7I=
-129,-120,yrsVj/ReEYo6/cW0Smhh76j1e3A=,04K/c+IhnxH5kCA43HI3L+XSIfc=
-129,-122,yrsVj/ReEYo6/cW0Smhh76j1e3A=,jCBj41uMTrSgRvK5CiJzv62iY7I=
-129,-124,yrsVj/ReEYo6/cW0Smhh76j1e3A=,jCBj41uMTrSgRvK5CiJzv62iY7I=
-129,-125,yrsVj/ReEYo6/cW0Smhh76j1e3A=,jCBj41uMTrSgRvK5CiJzv62iY7I=
-131,-120,yrsVj/ReEYo6/cW0Smhh76j1e3A=,04K/c+IhnxH5kCA43HI3L+XSIfc=
-136,-128,yrsVj/ReEYo6/cW0Smhh76j1e3A=,jCBj41uMTrSgRvK5CiJzv62iY7I=
-132,-121,yrsVj/ReEYo6/cW0Smhh76j1e3A=,jCBj41uMTrSgRvK5CiJzv62iY7I=
-130,-121,yrsVj/ReEYo6/cW0Smhh76j1e3A=,jCBj41uMTrSgRvK5CiJzv62iY7I=
-130,-127,yrsVj/ReEYo6/cW0Smhh76j1e3A=,jCBj41uMTrSgRvK5CiJzv62iY7I=
-131,-121,yrsVj/ReEYo6/cW0Smhh76j1e3A=,jCBj41uMTrSgRvK5CiJzv62iY7I=
-132,-127,yrsVj/ReEYo6/cW0Smhh76j1e3A=,jCBj41uMTrSgRvK5CiJzv62iY7I=
-132,-117,yrsVj/ReEYo6/cW0Smhh76j1e3A=,04K/c+IhnxH5kCA43HI3L+XSIfc=
-131,-127,yrsVj/ReEYo6/cW0Smhh76j1e3A=,jCBj41uMTrSgRvK5CiJzv62iY7I=
-131,-128,yrsVj/ReEYo6/cW0Smhh76j1e3A=,jCBj41uMTrSgRvK5CiJzv62iY7I=
-129,-121,yrsVj/ReEYo6/cW0Smhh76j1e3A=,jCBj41uMTrSgRvK5CiJzv62iY7I=
-130,-128,yrsVj/ReEYo6/cW0Smhh76j1e3A=,jCBj41uMTrSgRvK5CiJzv62iY7I=
-132,-128,yrsVj/ReEYo6/cW0Smhh76j1e3A=,jCBj41uMTrSgRvK5CiJzv62iY7I=
-136,-125,yrsVj/ReEYo6/cW0Smhh76j1e3A=,jCBj41uMTrSgRvK5CiJzv62iY7I=
-131,-122,yrsVj/ReEYo6/cW0Smhh76j1e3A=,jCBj41uMTrSgRvK5CiJzv62iY7I=
-132,-122,yrsVj/ReEYo6/cW0Smhh76j1e3A=,jCBj41uMTrSgRvK5CiJzv62iY7I=
-130,-123,yrsVj/ReEYo6/cW0Smhh76j1e3A=,jCBj41uMTrSgRvK5CiJzv62iY7I=
-131,-117,yrsVj/ReEYo6/cW0Smhh76j1e3A=,04K/c+IhnxH5kCA43HI3L+XSIfc=
-130,-119,yrsVj/ReEYo6/cW0Smhh76j1e3A=,04K/c+IhnxH5kCA43HI3L+XSIfc=
-130,-124,yrsVj/ReEYo6/cW0Smhh76j1e3A=,jCBj41uMTrSgRvK5CiJzv62iY7I=
-132,-123,yrsVj/ReEYo6/cW0Smhh76j1e3A=,jCBj41uMTrSgRvK5CiJzv62iY7I=
-129,-128,yrsVj/ReEYo6/cW0Smhh76j1e3A=,jCBj41uMTrSgRvK5CiJzv62iY7I=
-131,-124,yrsVj/ReEYo6/cW0Smhh76j1e3A=,jCBj41uMTrSgRvK5CiJzv62iY7I=
-132,-118,yrsVj/ReEYo6/cW0Smhh76j1e3A=,04K/c+IhnxH5kCA43HI3L+XSIfc=
-130,-125,yrsVj/ReEYo6/cW0Smhh76j1e3A=,jCBj41uMTrSgRvK5CiJzv62iY7I=
-131,-123,yrsVj/ReEYo6/cW0Smhh76j1e3A=,jCBj41uMTrSgRvK5CiJzv62iY7I=
-132,-124,yrsVj/ReEYo6/cW0Smhh76j1e3A=,jCBj41uMTrSgRvK5CiJzv62iY7I=
-130,-120,yrsVj/ReEYo6/cW0Smhh76j1e3A=,04K/c+IhnxH5kCA43HI3L+XSIfc=
-130,-126,yrsVj/ReEYo6/cW0Smhh76j1e3A=,jCBj41uMTrSgRvK5CiJzv62iY7I=
-135,-125,yrsVj/ReEYo6/cW0Smhh76j1e3A=,jCBj41uMTrSgRvK5CiJzv62iY7I=
-129,-126,yrsVj/ReEYo6/cW0Smhh76j1e3A=,jCBj41uMTrSgRvK5CiJzv62iY7I=
-131,-126,yrsVj/ReEYo6/cW0Smhh76j1e3A=,jCBj41uMTrSgRvK5CiJzv62iY7I=
-131,-125,yrsVj/ReEYo6/cW0Smhh76j1e3A=,jCBj41uMTrSgRvK5CiJzv62iY7I=
-129,-127,yrsVj/ReEYo6/cW0Smhh76j1e3A=,jCBj41uMTrSgRvK5CiJzv62iY7I=
-132,-125,yrsVj/ReEYo6/cW0Smhh76j1e3A=,jCBj41uMTrSgRvK5CiJzv62iY7I=
-140,-128,yrsVj/ReEYo6/cW0Smhh76j1e3A=,lt7MKMZFI+Yse9hDPgmvZygG/ek=
-130,-117,yrsVj/ReEYo6/cW0Smhh76j1e3A=,04K/c+IhnxH5kCA43HI3L+XSIfc=
-131,-118,yrsVj/ReEYo6/cW0Smhh76j1e3A=,04K/c+IhnxH5kCA43HI3L+XSIfc=
-136,-127,yrsVj/ReEYo6/cW0Smhh76j1e3A=,jCBj41uMTrSgRvK5CiJzv62iY7I=
-129,-118,yrsVj/ReEYo6/cW0Smhh76j1e3A=,04K/c+IhnxH5kCA43HI3L+XSIfc=
-134,-125,yrsVj/ReEYo6/cW0Smhh76j1e3A=,jCBj41uMTrSgRvK5CiJzv62iY7I=
-135,-127,yrsVj/ReEYo6/cW0Smhh76j1e3A=,jCBj41uMTrSgRvK5CiJzv62iY7I=
-140,-127,yrsVj/ReEYo6/cW0Smhh76j1e3A=,lt7MKMZFI+Yse9hDPgmvZygG/ek=
-130,-122,yrsVj/ReEYo6/cW0Smhh76j1e3A=,jCBj41uMTrSgRvK5CiJzv62iY7I=
-133,-127,yrsVj/ReEYo6/cW0Smhh76j1e3A=,jCBj41uMTrSgRvK5CiJzv62iY7I=
-132,-126,yrsVj/ReEYo6/cW0Smhh76j1e3A=,jCBj41uMTrSgRvK5CiJzv62iY7I=
-139,-127,yrsVj/ReEYo6/cW0Smhh76j1e3A=,lt7MKMZFI+Yse9hDPgmvZygG/ek=
-139,-128,yrsVj/ReEYo6/cW0Smhh76j1e3A=,lt7MKMZFI+Yse9hDPgmvZygG/ek=
-136,-126,yrsVj/ReEYo6/cW0Smhh76j1e3A=,jCBj41uMTrSgRvK5CiJzv62iY7I=
-129,-117,yrsVj/ReEYo6/cW0Smhh76j1e3A=,04K/c+IhnxH5kCA43HI3L+XSIfc=
-138,-127,yrsVj/ReEYo6/cW0Smhh76j1e3A=,lt7MKMZFI+Yse9hDPgmvZygG/ek=
-134,-127,yrsVj/ReEYo6/cW0Smhh76j1e3A=,jCBj41uMTrSgRvK5CiJzv62iY7I=
-139,-126,yrsVj/ReEYo6/cW0Smhh76j1e3A=,lt7MKMZFI+Yse9hDPgmvZygG/ek=
-135,-126,yrsVj/ReEYo6/cW0Smhh76j1e3A=,jCBj41uMTrSgRvK5CiJzv62iY7I=
-138,-128,yrsVj/ReEYo6/cW0Smhh76j1e3A=,lt7MKMZFI+Yse9hDPgmvZygG/ek=
-133,-125,yrsVj/ReEYo6/cW0Smhh76j1e3A=,jCBj41uMTrSgRvK5CiJzv62iY7I=
-129,-119,yrsVj/ReEYo6/cW0Smhh76j1e3A=,04K/c+IhnxH5kCA43HI3L+XSIfc=
-134,-126,yrsVj/ReEYo6/cW0Smhh76j1e3A=,jCBj41uMTrSgRvK5CiJzv62iY7I=
-140,-126,yrsVj/ReEYo6/cW0Smhh76j1e3A=,lt7MKMZFI+Yse9hDPgmvZygG/ek=
-140,-125,yrsVj/ReEYo6/cW0Smhh76j1e3A=,lt7MKMZFI+Yse9hDPgmvZygG/ek=
-139,-125,yrsVj/ReEYo6/cW0Smhh76j1e3A=,lt7MKMZFI+Yse9hDPgmvZygG/ek=
-132,-119,yrsVj/ReEYo6/cW0Smhh76j1e3A=,04K/c+IhnxH5kCA43HI3L+XSIfc=
-138,-125,yrsVj/ReEYo6/cW0Smhh76j1e3A=,lt7MKMZFI+Yse9hDPgmvZygG/ek=
-137,-127,yrsVj/ReEYo6/cW0Smhh76j1e3A=,lt7MKMZFI+Yse9hDPgmvZygG/ek=
-135,-128,yrsVj/ReEYo6/cW0Smhh76j1e3A=,jCBj41uMTrSgRvK5CiJzv62iY7I=
-131,-119,yrsVj/ReEYo6/cW0Smhh76j1e3A=,04K/c+IhnxH5kCA43HI3L+XSIfc=
-133,-128,yrsVj/ReEYo6/cW0Smhh76j1e3A=,jCBj41uMTrSgRvK5CiJzv62iY7I=
-138,-126,yrsVj/ReEYo6/cW0Smhh76j1e3A=,lt7MKMZFI+Yse9hDPgmvZygG/ek=
-137,-128,yrsVj/ReEYo6/cW0Smhh76j1e3A=,lt7MKMZFI+Yse9hDPgmvZygG/ek=
-133,-126,yrsVj/ReEYo6/cW0Smhh76j1e3A=,jCBj41uMTrSgRvK5CiJzv62iY7I=
-137,-125,yrsVj/ReEYo6/cW0Smhh76j1e3A=,lt7MKMZFI+Yse9hDPgmvZygG/ek=
-134,-128,yrsVj/ReEYo6/cW0Smhh76j1e3A=,jCBj41uMTrSgRvK5CiJzv62iY7I=
-130,-118,yrsVj/ReEYo6/cW0Smhh76j1e3A=,04K/c+IhnxH5kCA43HI3L+XSIfc=
-137,-126,yrsVj/ReEYo6/cW0Smhh76j1e3A=,lt7MKMZFI+Yse9hDPgmvZygG/ek=
-144,-117,yrsVj/ReEYo6/cW0Smhh76j1e3A=,eqS6Y7hxmAojXwJ8r1/uUybcI9o=
-144,-121,yrsVj/ReEYo6/cW0Smhh76j1e3A=,lt7MKMZFI+Yse9hDPgmvZygG/ek=
-141,-120,yrsVj/ReEYo6/cW0Smhh76j1e3A=,eqS6Y7hxmAojXwJ8r1/uUybcI9o=
-143,-120,yrsVj/ReEYo6/cW0Smhh76j1e3A=,eqS6Y7hxmAojXwJ8r1/uUybcI9o=
-142,-120,yrsVj/ReEYo6/cW0Smhh76j1e3A=,eqS6Y7hxmAojXwJ8r1/uUybcI9o=
-143,-119,yrsVj/ReEYo6/cW0Smhh76j1e3A=,eqS6Y7hxmAojXwJ8r1/uUybcI9o=
-142,-119,yrsVj/ReEYo6/cW0Smhh76j1e3A=,eqS6Y7hxmAojXwJ8r1/uUybcI9o=
-143,-124,yrsVj/ReEYo6/cW0Smhh76j1e3A=,lt7MKMZFI+Yse9hDPgmvZygG/ek=
-141,-124,yrsVj/ReEYo6/cW0Smhh76j1e3A=,lt7MKMZFI+Yse9hDPgmvZygG/ek=
-143,-123,yrsVj/ReEYo6/cW0Smhh76j1e3A=,lt7MKMZFI+Yse9hDPgmvZygG/ek=
-141,-123,yrsVj/ReEYo6/cW0Smhh76j1e3A=,lt7MKMZFI+Yse9hDPgmvZygG/ek=
-142,-123,yrsVj/ReEYo6/cW0Smhh76j1e3A=,lt7MKMZFI+Yse9hDPgmvZygG/ek=
-142,-122,yrsVj/ReEYo6/cW0Smhh76j1e3A=,lt7MKMZFI+Yse9hDPgmvZygG/ek=
-143,-122,yrsVj/ReEYo6/cW0Smhh76j1e3A=,lt7MKMZFI+Yse9hDPgmvZygG/ek=
-142,-124,yrsVj/ReEYo6/cW0Smhh76j1e3A=,lt7MKMZFI+Yse9hDPgmvZygG/ek=
-142,-118,yrsVj/ReEYo6/cW0Smhh76j1e3A=,eqS6Y7hxmAojXwJ8r1/uUybcI9o=
-142,-121,yrsVj/ReEYo6/cW0Smhh76j1e3A=,lt7MKMZFI+Yse9hDPgmvZygG/ek=
-141,-121,yrsVj/ReEYo6/cW0Smhh76j1e3A=,lt7MKMZFI+Yse9hDPgmvZygG/ek=
-141,-118,yrsVj/ReEYo6/cW0Smhh76j1e3A=,eqS6Y7hxmAojXwJ8r1/uUybcI9o=
-143,-118,yrsVj/ReEYo6/cW0Smhh76j1e3A=,eqS6Y7hxmAojXwJ8r1/uUybcI9o=
-144,-122,yrsVj/ReEYo6/cW0Smhh76j1e3A=,lt7MKMZFI+Yse9hDPgmvZygG/ek=
-141,-122,yrsVj/ReEYo6/cW0Smhh76j1e3A=,lt7MKMZFI+Yse9hDPgmvZygG/ek=
-144,-123,yrsVj/ReEYo6/cW0Smhh76j1e3A=,lt7MKMZFI+Yse9hDPgmvZygG/ek=
-144,-118,yrsVj/ReEYo6/cW0Smhh76j1e3A=,eqS6Y7hxmAojXwJ8r1/uUybcI9o=
-141,-117,yrsVj/ReEYo6/cW0Smhh76j1e3A=,eqS6Y7hxmAojXwJ8r1/uUybcI9o=
-143,-117,yrsVj/ReEYo6/cW0Smhh76j1e3A=,eqS6Y7hxmAojXwJ8r1/uUybcI9o=
-144,-120,yrsVj/ReEYo6/cW0Smhh76j1e3A=,eqS6Y7hxmAojXwJ8r1/uUybcI9o=
-143,-128,yrsVj/ReEYo6/cW0Smhh76j1e3A=,lt7MKMZFI+Yse9hDPgmvZygG/ek=
-142,-117,yrsVj/ReEYo6/cW0Smhh76j1e3A=,eqS6Y7hxmAojXwJ8r1/uUybcI9o=
-144,-119,yrsVj/ReEYo6/cW0Smhh76j1e3A=,eqS6Y7hxmAojXwJ8r1/uUybcI9o=
-144,-113,yrsVj/ReEYo6/cW0Smhh76j1e3A=,eqS6Y7hxmAojXwJ8r1/uUybcI9o=
-144,-124,yrsVj/ReEYo6/cW0Smhh76j1e3A=,lt7MKMZFI+Yse9hDPgmvZygG/ek=
-143,-121,yrsVj/ReEYo6/cW0Smhh76j1e3A=,lt7MKMZFI+Yse9hDPgmvZygG/ek=
-131,-115,yrsVj/ReEYo6/cW0Smhh76j1e3A=,04K/c+IhnxH5kCA43HI3L+XSIfc=
-132,-115,yrsVj/ReEYo6/cW0Smhh76j1e3A=,04K/c+IhnxH5kCA43HI3L+XSIfc=
-141,-119,yrsVj/ReEYo6/cW0Smhh76j1e3A=,eqS6Y7hxmAojXwJ8r1/uUybcI9o=
-144,-114,yrsVj/ReEYo6/cW0Smhh76j1e3A=,eqS6Y7hxmAojXwJ8r1/uUybcI9o=
-132,-113,yrsVj/ReEYo6/cW0Smhh76j1e3A=,04K/c+IhnxH5kCA43HI3L+XSIfc=
-131,-114,yrsVj/ReEYo6/cW0Smhh76j1e3A=,04K/c+IhnxH5kCA43HI3L+XSIfc=
-143,-113,yrsVj/ReEYo6/cW0Smhh76j1e3A=,eqS6Y7hxmAojXwJ8r1/uUybcI9o=
-129,-113,yrsVj/ReEYo6/cW0Smhh76j1e3A=,04K/c+IhnxH5kCA43HI3L+XSIfc=
-130,-116,yrsVj/ReEYo6/cW0Smhh76j1e3A=,04K/c+IhnxH5kCA43HI3L+XSIfc=
-132,-114,yrsVj/ReEYo6/cW0Smhh76j1e3A=,04K/c+IhnxH5kCA43HI3L+XSIfc=
-130,-114,yrsVj/ReEYo6/cW0Smhh76j1e3A=,04K/c+IhnxH5kCA43HI3L+XSIfc=
-142,-113,yrsVj/ReEYo6/cW0Smhh76j1e3A=,eqS6Y7hxmAojXwJ8r1/uUybcI9o=
-132,-116,yrsVj/ReEYo6/cW0Smhh76j1e3A=,04K/c+IhnxH5kCA43HI3L+XSIfc=
-142,-116,yrsVj/ReEYo6/cW0Smhh76j1e3A=,eqS6Y7hxmAojXwJ8r1/uUybcI9o=
-143,-116,yrsVj/ReEYo6/cW0Smhh76j1e3A=,eqS6Y7hxmAojXwJ8r1/uUybcI9o=
-142,-128,yrsVj/ReEYo6/cW0Smhh76j1e3A=,lt7MKMZFI+Yse9hDPgmvZygG/ek=
-144,-115,yrsVj/ReEYo6/cW0Smhh76j1e3A=,eqS6Y7hxmAojXwJ8r1/uUybcI9o=
-144,-128,yrsVj/ReEYo6/cW0Smhh76j1e3A=,lt7MKMZFI+Yse9hDPgmvZygG/ek=
-130,-115,yrsVj/ReEYo6/cW0Smhh76j1e3A=,04K/c+IhnxH5kCA43HI3L+XSIfc=
-131,-116,yrsVj/ReEYo6/cW0Smhh76j1e3A=,04K/c+IhnxH5kCA43HI3L+XSIfc=
-144,-116,yrsVj/ReEYo6/cW0Smhh76j1e3A=,eqS6Y7hxmAojXwJ8r1/uUybcI9o=
-129,-114,yrsVj/ReEYo6/cW0Smhh76j1e3A=,04K/c+IhnxH5kCA43HI3L+XSIfc=
-131,-113,yrsVj/ReEYo6/cW0Smhh76j1e3A=,04K/c+IhnxH5kCA43HI3L+XSIfc=
-141,-116,yrsVj/ReEYo6/cW0Smhh76j1e3A=,eqS6Y7hxmAojXwJ8r1/uUybcI9o=
-143,-115,yrsVj/ReEYo6/cW0Smhh76j1e3A=,eqS6Y7hxmAojXwJ8r1/uUybcI9o=
-143,-126,yrsVj/ReEYo6/cW0Smhh76j1e3A=,lt7MKMZFI+Yse9hDPgmvZygG/ek=
-142,-126,yrsVj/ReEYo6/cW0Smhh76j1e3A=,lt7MKMZFI+Yse9hDPgmvZygG/ek=
-130,-113,yrsVj/ReEYo6/cW0Smhh76j1e3A=,04K/c+IhnxH5kCA43HI3L+XSIfc=
-142,-115,yrsVj/ReEYo6/cW0Smhh76j1e3A=,eqS6Y7hxmAojXwJ8r1/uUybcI9o=
-141,-114,yrsVj/ReEYo6/cW0Smhh76j1e3A=,eqS6Y7hxmAojXwJ8r1/uUybcI9o=
-141,-115,yrsVj/ReEYo6/cW0Smhh76j1e3A=,eqS6Y7hxmAojXwJ8r1/uUybcI9o=
-141,-126,yrsVj/ReEYo6/cW0Smhh76j1e3A=,lt7MKMZFI+Yse9hDPgmvZygG/ek=
-143,-125,yrsVj/ReEYo6/cW0Smhh76j1e3A=,lt7MKMZFI+Yse9hDPgmvZygG/ek=
-141,-128,yrsVj/ReEYo6/cW0Smhh76j1e3A=,lt7MKMZFI+Yse9hDPgmvZygG/ek=
-143,-114,yrsVj/ReEYo6/cW0Smhh76j1e3A=,eqS6Y7hxmAojXwJ8r1/uUybcI9o=
-142,-114,yrsVj/ReEYo6/cW0Smhh76j1e3A=,eqS6Y7hxmAojXwJ8r1/uUybcI9o=
-143,-127,yrsVj/ReEYo6/cW0Smhh76j1e3A=,lt7MKMZFI+Yse9hDPgmvZygG/ek=
-142,-125,yrsVj/ReEYo6/cW0Smhh76j1e3A=,lt7MKMZFI+Yse9hDPgmvZygG/ek=
-141,-125,yrsVj/ReEYo6/cW0Smhh76j1e3A=,lt7MKMZFI+Yse9hDPgmvZygG/ek=
-129,-115,yrsVj/ReEYo6/cW0Smhh76j1e3A=,04K/c+IhnxH5kCA43HI3L+XSIfc=
-144,-127,yrsVj/ReEYo6/cW0Smhh76j1e3A=,lt7MKMZFI+Yse9hDPgmvZygG/ek=
-141,-127,yrsVj/ReEYo6/cW0Smhh76j1e3A=,lt7MKMZFI+Yse9hDPgmvZygG/ek=
-141,-113,yrsVj/ReEYo6/cW0Smhh76j1e3A=,eqS6Y7hxmAojXwJ8r1/uUybcI9o=
-142,-127,yrsVj/ReEYo6/cW0Smhh76j1e3A=,lt7MKMZFI+Yse9hDPgmvZygG/ek=
-144,-125,yrsVj/ReEYo6/cW0Smhh76j1e3A=,lt7MKMZFI+Yse9hDPgmvZygG/ek=
-144,-126,yrsVj/ReEYo6/cW0Smhh76j1e3A=,lt7MKMZFI+Yse9hDPgmvZygG/ek=
-129,-116,yrsVj/ReEYo6/cW0Smhh76j1e3A=,04K/c+IhnxH5kCA43HI3L+XSIfc=
-153,-121,jd/9iIMY1bGt9zbpzrIxiapWs58=,CTX6QuUXINd9B7rnOdtjQnxnhDE=
-154,-121,jd/9iIMY1bGt9zbpzrIxiapWs58=,CTX6QuUXINd9B7rnOdtjQnxnhDE=
-155,-121,jd/9iIMY1bGt9zbpzrIxiapWs58=,CTX6QuUXINd9B7rnOdtjQnxnhDE=
-146,-121,jd/9iIMY1bGt9zbpzrIxiapWs58=,Bzbj/5BcSSu5zspCOs7GasQTE9w=
-152,-123,jd/9iIMY1bGt9zbpzrIxiapWs58=,Bzbj/5BcSSu5zspCOs7GasQTE9w=
-148,-124,jd/9iIMY1bGt9zbpzrIxiapWs58=,Bzbj/5BcSSu5zspCOs7GasQTE9w=
-149,-124,jd/9iIMY1bGt9zbpzrIxiapWs58=,Bzbj/5BcSSu5zspCOs7GasQTE9w=
-147,-124,jd/9iIMY1bGt9zbpzrIxiapWs58=,Bzbj/5BcSSu5zspCOs7GasQTE9w=
-146,-124,jd/9iIMY1bGt9zbpzrIxiapWs58=,Bzbj/5BcSSu5zspCOs7GasQTE9w=
-151,-123,jd/9iIMY1bGt9zbpzrIxiapWs58=,Bzbj/5BcSSu5zspCOs7GasQTE9w=
-147,-123,jd/9iIMY1bGt9zbpzrIxiapWs58=,Bzbj/5BcSSu5zspCOs7GasQTE9w=
-148,-123,jd/9iIMY1bGt9zbpzrIxiapWs58=,Bzbj/5BcSSu5zspCOs7GasQTE9w=
-150,-124,jd/9iIMY1bGt9zbpzrIxiapWs58=,Bzbj/5BcSSu5zspCOs7GasQTE9w=
-151,-124,jd/9iIMY1bGt9zbpzrIxiapWs58=,Bzbj/5BcSSu5zspCOs7GasQTE9w=
-149,-123,jd/9iIMY1bGt9zbpzrIxiapWs58=,Bzbj/5BcSSu5zspCOs7GasQTE9w=
-150,-123,jd/9iIMY1bGt9zbpzrIxiapWs58=,Bzbj/5BcSSu5zspCOs7GasQTE9w=
-156,-121,jd/9iIMY1bGt9zbpzrIxiapWs58=,CTX6QuUXINd9B7rnOdtjQnxnhDE=
-150,-122,jd/9iIMY1bGt9zbpzrIxiapWs58=,Bzbj/5BcSSu5zspCOs7GasQTE9w=
-146,-123,jd/9iIMY1bGt9zbpzrIxiapWs58=,Bzbj/5BcSSu5zspCOs7GasQTE9w=
-151,-122,jd/9iIMY1bGt9zbpzrIxiapWs58=,Bzbj/5BcSSu5zspCOs7GasQTE9w=
-147,-122,jd/9iIMY1bGt9zbpzrIxiapWs58=,Bzbj/5BcSSu5zspCOs7GasQTE9w=
-148,-122,jd/9iIMY1bGt9zbpzrIxiapWs58=,Bzbj/5BcSSu5zspCOs7GasQTE9w=
-149,-122,jd/9iIMY1bGt9zbpzrIxiapWs58=,Bzbj/5BcSSu5zspCOs7GasQTE9w=
-146,-122,jd/9iIMY1bGt9zbpzrIxiapWs58=,Bzbj/5BcSSu5zspCOs7GasQTE9w=
-145,-122,jd/9iIMY1bGt9zbpzrIxiapWs58=,Bzbj/5BcSSu5zspCOs7GasQTE9w=
-145,-123,jd/9iIMY1bGt9zbpzrIxiapWs58=,Bzbj/5BcSSu5zspCOs7GasQTE9w=
-145,-124,jd/9iIMY1bGt9zbpzrIxiapWs58=,Bzbj/5BcSSu5zspCOs7GasQTE9w=
-152,-122,jd/9iIMY1bGt9zbpzrIxiapWs58=,Bzbj/5BcSSu5zspCOs7GasQTE9w=
-153,-122,jd/9iIMY1bGt9zbpzrIxiapWs58=,CTX6QuUXINd9B7rnOdtjQnxnhDE=
-147,-121,jd/9iIMY1bGt9zbpzrIxiapWs58=,Bzbj/5BcSSu5zspCOs7GasQTE9w=
-152,-121,jd/9iIMY1bGt9zbpzrIxiapWs58=,Bzbj/5BcSSu5zspCOs7GasQTE9w=
-155,-120,jd/9iIMY1bGt9zbpzrIxiapWs58=,dbQbojZ4gikR20VtA9G3Fp6rReU=
-153,-119,jd/9iIMY1bGt9zbpzrIxiapWs58=,dbQbojZ4gikR20VtA9G3Fp6rReU=
-156,-120,jd/9iIMY1bGt9zbpzrIxiapWs58=,dbQbojZ4gikR20VtA9G3Fp6rReU=
-152,-118,jd/9iIMY1bGt9zbpzrIxiapWs58=,wCNNIF0rJMb1jCtHg+3HPNEHU3U=
-156,-119,jd/9iIMY1bGt9zbpzrIxiapWs58=,dbQbojZ4gikR20VtA9G3Fp6rReU=
-155,-119,jd/9iIMY1bGt9zbpzrIxiapWs58=,dbQbojZ4gikR20VtA9G3Fp6rReU=
-151,-121,jd/9iIMY1bGt9zbpzrIxiapWs58=,Bzbj/5BcSSu5zspCOs7GasQTE9w=
-154,-119,jd/9iIMY1bGt9zbpzrIxiapWs58=,dbQbojZ4gikR20VtA9G3Fp6rReU=
-150,-121,jd/9iIMY1bGt9zbpzrIxiapWs58=,Bzbj/5BcSSu5zspCOs7GasQTE9w=
-149,-121,jd/9iIMY1bGt9zbpzrIxiapWs58=,Bzbj/5BcSSu5zspCOs7GasQTE9w=
-152,-124,jd/9iIMY1bGt9zbpzrIxiapWs58=,Bzbj/5BcSSu5zspCOs7GasQTE9w=
-156,-124,jd/9iIMY1bGt9zbpzrIxiapWs58=,CTX6QuUXINd9B7rnOdtjQnxnhDE=
-153,-123,jd/9iIMY1bGt9zbpzrIxiapWs58=,CTX6QuUXINd9B7rnOdtjQnxnhDE=
-148,-121,jd/9iIMY1bGt9zbpzrIxiapWs58=,Bzbj/5BcSSu5zspCOs7GasQTE9w=
-156,-118,jd/9iIMY1bGt9zbpzrIxiapWs58=,dbQbojZ4gikR20VtA9G3Fp6rReU=
-155,-118,jd/9iIMY1bGt9zbpzrIxiapWs58=,dbQbojZ4gikR20VtA9G3Fp6rReU=
-154,-118,jd/9iIMY1bGt9zbpzrIxiapWs58=,dbQbojZ4gikR20VtA9G3Fp6rReU=
-148,-117,jd/9iIMY1bGt9zbpzrIxiapWs58=,wCNNIF0rJMb1jCtHg+3HPNEHU3U=
-156,-117,jd/9iIMY1bGt9zbpzrIxiapWs58=,dbQbojZ4gikR20VtA9G3Fp6rReU=
-155,-117,jd/9iIMY1bGt9zbpzrIxiapWs58=,dbQbojZ4gikR20VtA9G3Fp6rReU=
-154,-120,jd/9iIMY1bGt9zbpzrIxiapWs58=,dbQbojZ4gikR20VtA9G3Fp6rReU=
-154,-117,jd/9iIMY1bGt9zbpzrIxiapWs58=,dbQbojZ4gikR20VtA9G3Fp6rReU=
-154,-124,jd/9iIMY1bGt9zbpzrIxiapWs58=,CTX6QuUXINd9B7rnOdtjQnxnhDE=
-156,-123,jd/9iIMY1bGt9zbpzrIxiapWs58=,CTX6QuUXINd9B7rnOdtjQnxnhDE=
-148,-120,jd/9iIMY1bGt9zbpzrIxiapWs58=,wCNNIF0rJMb1jCtHg+3HPNEHU3U=
-147,-120,jd/9iIMY1bGt9zbpzrIxiapWs58=,wCNNIF0rJMb1jCtHg+3HPNEHU3U=
-146,-119,jd/9iIMY1bGt9zbpzrIxiapWs58=,wCNNIF0rJMb1jCtHg+3HPNEHU3U=
-147,-117,jd/9iIMY1bGt9zbpzrIxiapWs58=,wCNNIF0rJMb1jCtHg+3HPNEHU3U=
-152,-120,jd/9iIMY1bGt9zbpzrIxiapWs58=,wCNNIF0rJMb1jCtHg+3HPNEHU3U=
-155,-124,jd/9iIMY1bGt9zbpzrIxiapWs58=,CTX6QuUXINd9B7rnOdtjQnxnhDE=
-155,-123,jd/9iIMY1bGt9zbpzrIxiapWs58=,CTX6QuUXINd9B7rnOdtjQnxnhDE=
-146,-120,jd/9iIMY1bGt9zbpzrIxiapWs58=,wCNNIF0rJMb1jCtHg+3HPNEHU3U=
-152,-119,jd/9iIMY1bGt9zbpzrIxiapWs58=,wCNNIF0rJMb1jCtHg+3HPNEHU3U=
-151,-119,jd/9iIMY1bGt9zbpzrIxiapWs58=,wCNNIF0rJMb1jCtHg+3HPNEHU3U=
-153,-120,jd/9iIMY1bGt9zbpzrIxiapWs58=,dbQbojZ4gikR20VtA9G3Fp6rReU=
-153,-124,jd/9iIMY1bGt9zbpzrIxiapWs58=,CTX6QuUXINd9B7rnOdtjQnxnhDE=
-150,-119,jd/9iIMY1bGt9zbpzrIxiapWs58=,wCNNIF0rJMb1jCtHg+3HPNEHU3U=
-145,-119,jd/9iIMY1bGt9zbpzrIxiapWs58=,wCNNIF0rJMb1jCtHg+3HPNEHU3U=
-149,-117,jd/9iIMY1bGt9zbpzrIxiapWs58=,wCNNIF0rJMb1jCtHg+3HPNEHU3U=
-145,-118,jd/9iIMY1bGt9zbpzrIxiapWs58=,wCNNIF0rJMb1jCtHg+3HPNEHU3U=
-151,-117,jd/9iIMY1bGt9zbpzrIxiapWs58=,wCNNIF0rJMb1jCtHg+3HPNEHU3U=
-150,-117,jd/9iIMY1bGt9zbpzrIxiapWs58=,wCNNIF0rJMb1jCtHg+3HPNEHU3U=
-146,-118,jd/9iIMY1bGt9zbpzrIxiapWs58=,wCNNIF0rJMb1jCtHg+3HPNEHU3U=
-149,-119,jd/9iIMY1bGt9zbpzrIxiapWs58=,wCNNIF0rJMb1jCtHg+3HPNEHU3U=
-149,-118,jd/9iIMY1bGt9zbpzrIxiapWs58=,wCNNIF0rJMb1jCtHg+3HPNEHU3U=
-148,-118,jd/9iIMY1bGt9zbpzrIxiapWs58=,wCNNIF0rJMb1jCtHg+3HPNEHU3U=
-150,-118,jd/9iIMY1bGt9zbpzrIxiapWs58=,wCNNIF0rJMb1jCtHg+3HPNEHU3U=
-147,-119,jd/9iIMY1bGt9zbpzrIxiapWs58=,wCNNIF0rJMb1jCtHg+3HPNEHU3U=
-150,-120,jd/9iIMY1bGt9zbpzrIxiapWs58=,wCNNIF0rJMb1jCtHg+3HPNEHU3U=
-152,-117,jd/9iIMY1bGt9zbpzrIxiapWs58=,wCNNIF0rJMb1jCtHg+3HPNEHU3U=
-154,-123,jd/9iIMY1bGt9zbpzrIxiapWs58=,CTX6QuUXINd9B7rnOdtjQnxnhDE=
-147,-118,jd/9iIMY1bGt9zbpzrIxiapWs58=,wCNNIF0rJMb1jCtHg+3HPNEHU3U=
-151,-118,jd/9iIMY1bGt9zbpzrIxiapWs58=,wCNNIF0rJMb1jCtHg+3HPNEHU3U=
-153,-117,jd/9iIMY1bGt9zbpzrIxiapWs58=,dbQbojZ4gikR20VtA9G3Fp6rReU=
-145,-121,jd/9iIMY1bGt9zbpzrIxiapWs58=,Bzbj/5BcSSu5zspCOs7GasQTE9w=
-148,-119,jd/9iIMY1bGt9zbpzrIxiapWs58=,wCNNIF0rJMb1jCtHg+3HPNEHU3U=
-145,-117,jd/9iIMY1bGt9zbpzrIxiapWs58=,wCNNIF0rJMb1jCtHg+3HPNEHU3U=
-153,-118,jd/9iIMY1bGt9zbpzrIxiapWs58=,dbQbojZ4gikR20VtA9G3Fp6rReU=
-151,-120,jd/9iIMY1bGt9zbpzrIxiapWs58=,wCNNIF0rJMb1jCtHg+3HPNEHU3U=
-146,-117,jd/9iIMY1bGt9zbpzrIxiapWs58=,wCNNIF0rJMb1jCtHg+3HPNEHU3U=
-154,-122,jd/9iIMY1bGt9zbpzrIxiapWs58=,CTX6QuUXINd9B7rnOdtjQnxnhDE=
-156,-122,jd/9iIMY1bGt9zbpzrIxiapWs58=,CTX6QuUXINd9B7rnOdtjQnxnhDE=
-155,-122,jd/9iIMY1bGt9zbpzrIxiapWs58=,CTX6QuUXINd9B7rnOdtjQnxnhDE=
-149,-120,jd/9iIMY1bGt9zbpzrIxiapWs58=,wCNNIF0rJMb1jCtHg+3HPNEHU3U=
-145,-120,jd/9iIMY1bGt9zbpzrIxiapWs58=,wCNNIF0rJMb1jCtHg+3HPNEHU3U=
-146,-128,jd/9iIMY1bGt9zbpzrIxiapWs58=,Bzbj/5BcSSu5zspCOs7GasQTE9w=
-147,-128,jd/9iIMY1bGt9zbpzrIxiapWs58=,Bzbj/5BcSSu5zspCOs7GasQTE9w=
-145,-125,jd/9iIMY1bGt9zbpzrIxiapWs58=,Bzbj/5BcSSu5zspCOs7GasQTE9w=
-147,-127,jd/9iIMY1bGt9zbpzrIxiapWs58=,Bzbj/5BcSSu5zspCOs7GasQTE9w=
-145,-128,jd/9iIMY1bGt9zbpzrIxiapWs58=,Bzbj/5BcSSu5zspCOs7GasQTE9w=
-148,-127,jd/9iIMY1bGt9zbpzrIxiapWs58=,Bzbj/5BcSSu5zspCOs7GasQTE9w=
-148,-126,jd/9iIMY1bGt9zbpzrIxiapWs58=,Bzbj/5BcSSu5zspCOs7GasQTE9w=
-147,-126,jd/9iIMY1bGt9zbpzrIxiapWs58=,Bzbj/5BcSSu5zspCOs7GasQTE9w=
-146,-127,jd/9iIMY1bGt9zbpzrIxiapWs58=,Bzbj/5BcSSu5zspCOs7GasQTE9w=
-148,-125,jd/9iIMY1bGt9zbpzrIxiapWs58=,Bzbj/5BcSSu5zspCOs7GasQTE9w=
-146,-125,jd/9iIMY1bGt9zbpzrIxiapWs58=,Bzbj/5BcSSu5zspCOs7GasQTE9w=
-148,-128,jd/9iIMY1bGt9zbpzrIxiapWs58=,Bzbj/5BcSSu5zspCOs7GasQTE9w=
-147,-125,jd/9iIMY1bGt9zbpzrIxiapWs58=,Bzbj/5BcSSu5zspCOs7GasQTE9w=
-145,-127,jd/9iIMY1bGt9zbpzrIxiapWs58=,Bzbj/5BcSSu5zspCOs7GasQTE9w=
-146,-126,jd/9iIMY1bGt9zbpzrIxiapWs58=,Bzbj/5BcSSu5zspCOs7GasQTE9w=
-145,-126,jd/9iIMY1bGt9zbpzrIxiapWs58=,Bzbj/5BcSSu5zspCOs7GasQTE9w=
-153,-113,jd/9iIMY1bGt9zbpzrIxiapWs58=,dbQbojZ4gikR20VtA9G3Fp6rReU=
-152,-114,1WKqbLBzgljpwRo///BcLFPJh8o=,wCNNIF0rJMb1jCtHg+3HPNEHU3U=
-151,-114,1WKqbLBzgljpwRo///BcLFPJh8o=,wCNNIF0rJMb1jCtHg+3HPNEHU3U=
-156,-114,1WKqbLBzgljpwRo///BcLFPJh8o=,dbQbojZ4gikR20VtA9G3Fp6rReU=
-153,-116,1WKqbLBzgljpwRo///BcLFPJh8o=,dbQbojZ4gikR20VtA9G3Fp6rReU=
-146,-115,1WKqbLBzgljpwRo///BcLFPJh8o=,wCNNIF0rJMb1jCtHg+3HPNEHU3U=
-150,-114,1WKqbLBzgljpwRo///BcLFPJh8o=,wCNNIF0rJMb1jCtHg+3HPNEHU3U=
-145,-115,1WKqbLBzgljpwRo///BcLFPJh8o=,wCNNIF0rJMb1jCtHg+3HPNEHU3U=
-145,-113,1WKqbLBzgljpwRo///BcLFPJh8o=,wCNNIF0rJMb1jCtHg+3HPNEHU3U=
-155,-114,1WKqbLBzgljpwRo///BcLFPJh8o=,dbQbojZ4gikR20VtA9G3Fp6rReU=
-146,-113,1WKqbLBzgljpwRo///BcLFPJh8o=,wCNNIF0rJMb1jCtHg+3HPNEHU3U=
-149,-114,1WKqbLBzgljpwRo///BcLFPJh8o=,wCNNIF0rJMb1jCtHg+3HPNEHU3U=
-148,-114,1WKqbLBzgljpwRo///BcLFPJh8o=,wCNNIF0rJMb1jCtHg+3HPNEHU3U=
-145,-114,1WKqbLBzgljpwRo///BcLFPJh8o=,wCNNIF0rJMb1jCtHg+3HPNEHU3U=
-147,-116,1WKqbLBzgljpwRo///BcLFPJh8o=,wCNNIF0rJMb1jCtHg+3HPNEHU3U=
-147,-115,1WKqbLBzgljpwRo///BcLFPJh8o=,wCNNIF0rJMb1jCtHg+3HPNEHU3U=
-149,-115,1WKqbLBzgljpwRo///BcLFPJh8o=,wCNNIF0rJMb1jCtHg+3HPNEHU3U=
-148,-115,1WKqbLBzgljpwRo///BcLFPJh8o=,wCNNIF0rJMb1jCtHg+3HPNEHU3U=
-153,-115,1WKqbLBzgljpwRo///BcLFPJh8o=,dbQbojZ4gikR20VtA9G3Fp6rReU=
-151,-115,1WKqbLBzgljpwRo///BcLFPJh8o=,wCNNIF0rJMb1jCtHg+3HPNEHU3U=
-147,-114,1WKqbLBzgljpwRo///BcLFPJh8o=,wCNNIF0rJMb1jCtHg+3HPNEHU3U=
-154,-114,1WKqbLBzgljpwRo///BcLFPJh8o=,dbQbojZ4gikR20VtA9G3Fp6rReU=
-147,-113,1WKqbLBzgljpwRo///BcLFPJh8o=,wCNNIF0rJMb1jCtHg+3HPNEHU3U=
-150,-116,1WKqbLBzgljpwRo///BcLFPJh8o=,wCNNIF0rJMb1jCtHg+3HPNEHU3U=
-149,-116,1WKqbLBzgljpwRo///BcLFPJh8o=,wCNNIF0rJMb1jCtHg+3HPNEHU3U=
-152,-115,1WKqbLBzgljpwRo///BcLFPJh8o=,wCNNIF0rJMb1jCtHg+3HPNEHU3U=
-145,-116,1WKqbLBzgljpwRo///BcLFPJh8o=,wCNNIF0rJMb1jCtHg+3HPNEHU3U=
-152,-116,1WKqbLBzgljpwRo///BcLFPJh8o=,wCNNIF0rJMb1jCtHg+3HPNEHU3U=
-150,-115,1WKqbLBzgljpwRo///BcLFPJh8o=,wCNNIF0rJMb1jCtHg+3HPNEHU3U=
-153,-114,1WKqbLBzgljpwRo///BcLFPJh8o=,dbQbojZ4gikR20VtA9G3Fp6rReU=
-151,-116,1WKqbLBzgljpwRo///BcLFPJh8o=,wCNNIF0rJMb1jCtHg+3HPNEHU3U=
-150,-113,1WKqbLBzgljpwRo///BcLFPJh8o=,wCNNIF0rJMb1jCtHg+3HPNEHU3U=
-146,-116,1WKqbLBzgljpwRo///BcLFPJh8o=,wCNNIF0rJMb1jCtHg+3HPNEHU3U=
-148,-113,1WKqbLBzgljpwRo///BcLFPJh8o=,wCNNIF0rJMb1jCtHg+3HPNEHU3U=
-152,-113,1WKqbLBzgljpwRo///BcLFPJh8o=,wCNNIF0rJMb1jCtHg+3HPNEHU3U=
-154,-115,1WKqbLBzgljpwRo///BcLFPJh8o=,dbQbojZ4gikR20VtA9G3Fp6rReU=
-146,-114,1WKqbLBzgljpwRo///BcLFPJh8o=,wCNNIF0rJMb1jCtHg+3HPNEHU3U=
-154,-113,1WKqbLBzgljpwRo///BcLFPJh8o=,dbQbojZ4gikR20VtA9G3Fp6rReU=
-156,-116,1WKqbLBzgljpwRo///BcLFPJh8o=,dbQbojZ4gikR20VtA9G3Fp6rReU=
-155,-113,1WKqbLBzgljpwRo///BcLFPJh8o=,dbQbojZ4gikR20VtA9G3Fp6rReU=
-154,-116,1WKqbLBzgljpwRo///BcLFPJh8o=,dbQbojZ4gikR20VtA9G3Fp6rReU=
-156,-115,1WKqbLBzgljpwRo///BcLFPJh8o=,dbQbojZ4gikR20VtA9G3Fp6rReU=
-155,-116,1WKqbLBzgljpwRo///BcLFPJh8o=,dbQbojZ4gikR20VtA9G3Fp6rReU=
-156,-113,1WKqbLBzgljpwRo///BcLFPJh8o=,dbQbojZ4gikR20VtA9G3Fp6rReU=
-151,-113,1WKqbLBzgljpwRo///BcLFPJh8o=,wCNNIF0rJMb1jCtHg+3HPNEHU3U=
-149,-113,1WKqbLBzgljpwRo///BcLFPJh8o=,wCNNIF0rJMb1jCtHg+3HPNEHU3U=
-148,-116,1WKqbLBzgljpwRo///BcLFPJh8o=,wCNNIF0rJMb1jCtHg+3HPNEHU3U=
-155,-115,1WKqbLBzgljpwRo///BcLFPJh8o=,dbQbojZ4gikR20VtA9G3Fp6rReU=
-159,-120,1WKqbLBzgljpwRo///BcLFPJh8o=,dbQbojZ4gikR20VtA9G3Fp6rReU=
-157,-120,1WKqbLBzgljpwRo///BcLFPJh8o=,dbQbojZ4gikR20VtA9G3Fp6rReU=
-159,-119,1WKqbLBzgljpwRo///BcLFPJh8o=,dbQbojZ4gikR20VtA9G3Fp6rReU=
-159,-124,1WKqbLBzgljpwRo///BcLFPJh8o=,CTX6QuUXINd9B7rnOdtjQnxnhDE=
-158,-120,1WKqbLBzgljpwRo///BcLFPJh8o=,dbQbojZ4gikR20VtA9G3Fp6rReU=
-158,-124,1WKqbLBzgljpwRo///BcLFPJh8o=,CTX6QuUXINd9B7rnOdtjQnxnhDE=
-157,-124,1WKqbLBzgljpwRo///BcLFPJh8o=,CTX6QuUXINd9B7rnOdtjQnxnhDE=
-159,-122,1WKqbLBzgljpwRo///BcLFPJh8o=,CTX6QuUXINd9B7rnOdtjQnxnhDE=
-160,-121,1WKqbLBzgljpwRo///BcLFPJh8o=,CTX6QuUXINd9B7rnOdtjQnxnhDE=
-159,-123,1WKqbLBzgljpwRo///BcLFPJh8o=,CTX6QuUXINd9B7rnOdtjQnxnhDE=
-158,-123,1WKqbLBzgljpwRo///BcLFPJh8o=,CTX6QuUXINd9B7rnOdtjQnxnhDE=
-157,-123,1WKqbLBzgljpwRo///BcLFPJh8o=,CTX6QuUXINd9B7rnOdtjQnxnhDE=
-158,-122,1WKqbLBzgljpwRo///BcLFPJh8o=,CTX6QuUXINd9B7rnOdtjQnxnhDE=
-158,-119,1WKqbLBzgljpwRo///BcLFPJh8o=,dbQbojZ4gikR20VtA9G3Fp6rReU=
-157,-122,1WKqbLBzgljpwRo///BcLFPJh8o=,CTX6QuUXINd9B7rnOdtjQnxnhDE=
-158,-118,1WKqbLBzgljpwRo///BcLFPJh8o=,dbQbojZ4gikR20VtA9G3Fp6rReU=
-159,-118,1WKqbLBzgljpwRo///BcLFPJh8o=,dbQbojZ4gikR20VtA9G3Fp6rReU=
-159,-117,1WKqbLBzgljpwRo///BcLFPJh8o=,dbQbojZ4gikR20VtA9G3Fp6rReU=
-157,-118,1WKqbLBzgljpwRo///BcLFPJh8o=,dbQbojZ4gikR20VtA9G3Fp6rReU=
-158,-117,1WKqbLBzgljpwRo///BcLFPJh8o=,dbQbojZ4gikR20VtA9G3Fp6rReU=
-157,-119,1WKqbLBzgljpwRo///BcLFPJh8o=,dbQbojZ4gikR20VtA9G3Fp6rReU=
-160,-122,1WKqbLBzgljpwRo///BcLFPJh8o=,CTX6QuUXINd9B7rnOdtjQnxnhDE=
-157,-117,1WKqbLBzgljpwRo///BcLFPJh8o=,dbQbojZ4gikR20VtA9G3Fp6rReU=
-159,-121,1WKqbLBzgljpwRo///BcLFPJh8o=,CTX6QuUXINd9B7rnOdtjQnxnhDE=
-160,-117,1WKqbLBzgljpwRo///BcLFPJh8o=,dbQbojZ4gikR20VtA9G3Fp6rReU=
-160,-118,1WKqbLBzgljpwRo///BcLFPJh8o=,dbQbojZ4gikR20VtA9G3Fp6rReU=
-160,-120,1WKqbLBzgljpwRo///BcLFPJh8o=,dbQbojZ4gikR20VtA9G3Fp6rReU=
-157,-121,1WKqbLBzgljpwRo///BcLFPJh8o=,CTX6QuUXINd9B7rnOdtjQnxnhDE=
-160,-124,1WKqbLBzgljpwRo///BcLFPJh8o=,CTX6QuUXINd9B7rnOdtjQnxnhDE=
-160,-119,1WKqbLBzgljpwRo///BcLFPJh8o=,dbQbojZ4gikR20VtA9G3Fp6rReU=
-160,-123,1WKqbLBzgljpwRo///BcLFPJh8o=,CTX6QuUXINd9B7rnOdtjQnxnhDE=
-158,-121,1WKqbLBzgljpwRo///BcLFPJh8o=,CTX6QuUXINd9B7rnOdtjQnxnhDE=
-159,-126,1WKqbLBzgljpwRo///BcLFPJh8o=,CTX6QuUXINd9B7rnOdtjQnxnhDE=
-158,-126,1WKqbLBzgljpwRo///BcLFPJh8o=,CTX6QuUXINd9B7rnOdtjQnxnhDE=
-155,-127,1WKqbLBzgljpwRo///BcLFPJh8o=,CTX6QuUXINd9B7rnOdtjQnxnhDE=
-156,-127,1WKqbLBzgljpwRo///BcLFPJh8o=,CTX6QuUXINd9B7rnOdtjQnxnhDE=
-157,-126,1WKqbLBzgljpwRo///BcLFPJh8o=,CTX6QuUXINd9B7rnOdtjQnxnhDE=
-154,-127,1WKqbLBzgljpwRo///BcLFPJh8o=,CTX6QuUXINd9B7rnOdtjQnxnhDE=
-153,-128,1WKqbLBzgljpwRo///BcLFPJh8o=,CTX6QuUXINd9B7rnOdtjQnxnhDE=
-154,-128,1WKqbLBzgljpwRo///BcLFPJh8o=,CTX6QuUXINd9B7rnOdtjQnxnhDE=
-155,-128,1WKqbLBzgljpwRo///BcLFPJh8o=,CTX6QuUXINd9B7rnOdtjQnxnhDE=
-159,-125,1WKqbLBzgljpwRo///BcLFPJh8o=,CTX6QuUXINd9B7rnOdtjQnxnhDE=
-160,-113,1WKqbLBzgljpwRo///BcLFPJh8o=,dbQbojZ4gikR20VtA9G3Fp6rReU=
-156,-126,1WKqbLBzgljpwRo///BcLFPJh8o=,CTX6QuUXINd9B7rnOdtjQnxnhDE=
-158,-125,1WKqbLBzgljpwRo///BcLFPJh8o=,CTX6QuUXINd9B7rnOdtjQnxnhDE=
-157,-128,1WKqbLBzgljpwRo///BcLFPJh8o=,CTX6QuUXINd9B7rnOdtjQnxnhDE=
-155,-126,1WKqbLBzgljpwRo///BcLFPJh8o=,CTX6QuUXINd9B7rnOdtjQnxnhDE=
-152,-128,1WKqbLBzgljpwRo///BcLFPJh8o=,Bzbj/5BcSSu5zspCOs7GasQTE9w=
-157,-125,1WKqbLBzgljpwRo///BcLFPJh8o=,CTX6QuUXINd9B7rnOdtjQnxnhDE=
-154,-126,1WKqbLBzgljpwRo///BcLFPJh8o=,CTX6QuUXINd9B7rnOdtjQnxnhDE=
-159,-128,1WKqbLBzgljpwRo///BcLFPJh8o=,CTX6QuUXINd9B7rnOdtjQnxnhDE=
-158,-127,1WKqbLBzgljpwRo///BcLFPJh8o=,CTX6QuUXINd9B7rnOdtjQnxnhDE=
-160,-114,1WKqbLBzgljpwRo///BcLFPJh8o=,dbQbojZ4gikR20VtA9G3Fp6rReU=
-159,-127,1WKqbLBzgljpwRo///BcLFPJh8o=,CTX6QuUXINd9B7rnOdtjQnxnhDE=
-156,-125,1WKqbLBzgljpwRo///BcLFPJh8o=,CTX6QuUXINd9B7rnOdtjQnxnhDE=
-155,-125,1WKqbLBzgljpwRo///BcLFPJh8o=,CTX6QuUXINd9B7rnOdtjQnxnhDE=
-158,-128,1WKqbLBzgljpwRo///BcLFPJh8o=,CTX6QuUXINd9B7rnOdtjQnxnhDE=
-157,-127,1WKqbLBzgljpwRo///BcLFPJh8o=,CTX6QuUXINd9B7rnOdtjQnxnhDE=
-160,-115,1WKqbLBzgljpwRo///BcLFPJh8o=,dbQbojZ4gikR20VtA9G3Fp6rReU=
-160,-128,1WKqbLBzgljpwRo///BcLFPJh8o=,CTX6QuUXINd9B7rnOdtjQnxnhDE=
-154,-125,1WKqbLBzgljpwRo///BcLFPJh8o=,CTX6QuUXINd9B7rnOdtjQnxnhDE=
-159,-113,1WKqbLBzgljpwRo///BcLFPJh8o=,dbQbojZ4gikR20VtA9G3Fp6rReU=
-158,-113,1WKqbLBzgljpwRo///BcLFPJh8o=,dbQbojZ4gikR20VtA9G3Fp6rReU=
-160,-126,1WKqbLBzgljpwRo///BcLFPJh8o=,CTX6QuUXINd9B7rnOdtjQnxnhDE=
-160,-125,1WKqbLBzgljpwRo///BcLFPJh8o=,CTX6QuUXINd9B7rnOdtjQnxnhDE=
-160,-116,1WKqbLBzgljpwRo///BcLFPJh8o=,dbQbojZ4gikR20VtA9G3Fp6rReU=
-160,-127,1WKqbLBzgljpwRo///BcLFPJh8o=,CTX6QuUXINd9B7rnOdtjQnxnhDE=
-153,-126,1WKqbLBzgljpwRo///BcLFPJh8o=,CTX6QuUXINd9B7rnOdtjQnxnhDE=
-156,-128,1WKqbLBzgljpwRo///BcLFPJh8o=,CTX6QuUXINd9B7rnOdtjQnxnhDE=
-157,-113,1WKqbLBzgljpwRo///BcLFPJh8o=,dbQbojZ4gikR20VtA9G3Fp6rReU=
-153,-125,1WKqbLBzgljpwRo///BcLFPJh8o=,CTX6QuUXINd9B7rnOdtjQnxnhDE=
-153,-127,1WKqbLBzgljpwRo///BcLFPJh8o=,CTX6QuUXINd9B7rnOdtjQnxnhDE=
-159,-116,1WKqbLBzgljpwRo///BcLFPJh8o=,dbQbojZ4gikR20VtA9G3Fp6rReU=
-158,-116,1WKqbLBzgljpwRo///BcLFPJh8o=,dbQbojZ4gikR20VtA9G3Fp6rReU=
-157,-116,1WKqbLBzgljpwRo///BcLFPJh8o=,dbQbojZ4gikR20VtA9G3Fp6rReU=
-159,-115,1WKqbLBzgljpwRo///BcLFPJh8o=,dbQbojZ4gikR20VtA9G3Fp6rReU=
-157,-114,1WKqbLBzgljpwRo///BcLFPJh8o=,dbQbojZ4gikR20VtA9G3Fp6rReU=
-152,-127,1WKqbLBzgljpwRo///BcLFPJh8o=,Bzbj/5BcSSu5zspCOs7GasQTE9w=
-158,-115,1WKqbLBzgljpwRo///BcLFPJh8o=,dbQbojZ4gikR20VtA9G3Fp6rReU=
-157,-115,1WKqbLBzgljpwRo///BcLFPJh8o=,dbQbojZ4gikR20VtA9G3Fp6rReU=
-159,-114,1WKqbLBzgljpwRo///BcLFPJh8o=,dbQbojZ4gikR20VtA9G3Fp6rReU=
-158,-114,1WKqbLBzgljpwRo///BcLFPJh8o=,dbQbojZ4gikR20VtA9G3Fp6rReU=
-151,-127,1WKqbLBzgljpwRo///BcLFPJh8o=,Bzbj/5BcSSu5zspCOs7GasQTE9w=
-152,-126,1WKqbLBzgljpwRo///BcLFPJh8o=,Bzbj/5BcSSu5zspCOs7GasQTE9w=
-150,-127,1WKqbLBzgljpwRo///BcLFPJh8o=,Bzbj/5BcSSu5zspCOs7GasQTE9w=
-151,-126,1WKqbLBzgljpwRo///BcLFPJh8o=,Bzbj/5BcSSu5zspCOs7GasQTE9w=
-149,-127,1WKqbLBzgljpwRo///BcLFPJh8o=,Bzbj/5BcSSu5zspCOs7GasQTE9w=
-150,-126,1WKqbLBzgljpwRo///BcLFPJh8o=,Bzbj/5BcSSu5zspCOs7GasQTE9w=
-151,-125,1WKqbLBzgljpwRo///BcLFPJh8o=,Bzbj/5BcSSu5zspCOs7GasQTE9w=
-150,-128,1WKqbLBzgljpwRo///BcLFPJh8o=,Bzbj/5BcSSu5zspCOs7GasQTE9w=
-150,-125,1WKqbLBzgljpwRo///BcLFPJh8o=,Bzbj/5BcSSu5zspCOs7GasQTE9w=
-149,-125,1WKqbLBzgljpwRo///BcLFPJh8o=,Bzbj/5BcSSu5zspCOs7GasQTE9w=
-149,-128,1WKqbLBzgljpwRo///BcLFPJh8o=,Bzbj/5BcSSu5zspCOs7GasQTE9w=
-149,-126,1WKqbLBzgljpwRo///BcLFPJh8o=,Bzbj/5BcSSu5zspCOs7GasQTE9w=
-152,-125,1WKqbLBzgljpwRo///BcLFPJh8o=,Bzbj/5BcSSu5zspCOs7GasQTE9w=
-151,-128,1WKqbLBzgljpwRo///BcLFPJh8o=,Bzbj/5BcSSu5zspCOs7GasQTE9w=
-153,-105,2G4bL2yDRVWym/Kjxz1xv6NgGhk=,wvCULYuBtJ290Hy+rzQZKxgjYfo=
-156,-107,2G4bL2yDRVWym/Kjxz1xv6NgGhk=,wvCULYuBtJ290Hy+rzQZKxgjYfo=
-156,-108,2G4bL2yDRVWym/Kjxz1xv6NgGhk=,wvCULYuBtJ290Hy+rzQZKxgjYfo=
-154,-108,2G4bL2yDRVWym/Kjxz1xv6NgGhk=,wvCULYuBtJ290Hy+rzQZKxgjYfo=
-155,-108,2G4bL2yDRVWym/Kjxz1xv6NgGhk=,wvCULYuBtJ290Hy+rzQZKxgjYfo=
-149,-108,2G4bL2yDRVWym/Kjxz1xv6NgGhk=,/75CIAZNlCQ3ydD66pb/jfu+1E0=
-155,-107,2G4bL2yDRVWym/Kjxz1xv6NgGhk=,wvCULYuBtJ290Hy+rzQZKxgjYfo=
-150,-108,2G4bL2yDRVWym/Kjxz1xv6NgGhk=,/75CIAZNlCQ3ydD66pb/jfu+1E0=
-151,-108,2G4bL2yDRVWym/Kjxz1xv6NgGhk=,/75CIAZNlCQ3ydD66pb/jfu+1E0=
-150,-104,2G4bL2yDRVWym/Kjxz1xv6NgGhk=,YZEPJftI5HsSCftMqA/CbagkYew=
-152,-108,2G4bL2yDRVWym/Kjxz1xv6NgGhk=,/75CIAZNlCQ3ydD66pb/jfu+1E0=
-156,-106,2G4bL2yDRVWym/Kjxz1xv6NgGhk=,wvCULYuBtJ290Hy+rzQZKxgjYfo=
-156,-104,2G4bL2yDRVWym/Kjxz1xv6NgGhk=,kQjMpXNvMC1JCnIg5XrhfXl4WSE=
-155,-106,2G4bL2yDRVWym/Kjxz1xv6NgGhk=,wvCULYuBtJ290Hy+rzQZKxgjYfo=
-155,-105,2G4bL2yDRVWym/Kjxz1xv6NgGhk=,wvCULYuBtJ290Hy+rzQZKxgjYfo=
-154,-106,2G4bL2yDRVWym/Kjxz1xv6NgGhk=,wvCULYuBtJ290Hy+rzQZKxgjYfo=
-152,-107,2G4bL2yDRVWym/Kjxz1xv6NgGhk=,/75CIAZNlCQ3ydD66pb/jfu+1E0=
-154,-105,2G4bL2yDRVWym/Kjxz1xv6NgGhk=,wvCULYuBtJ290Hy+rzQZKxgjYfo=
-154,-107,2G4bL2yDRVWym/Kjxz1xv6NgGhk=,wvCULYuBtJ290Hy+rzQZKxgjYfo=
-154,-104,2G4bL2yDRVWym/Kjxz1xv6NgGhk=,kQjMpXNvMC1JCnIg5XrhfXl4WSE=
-153,-108,2G4bL2yDRVWym/Kjxz1xv6NgGhk=,wvCULYuBtJ290Hy+rzQZKxgjYfo=
-155,-103,2G4bL2yDRVWym/Kjxz1xv6NgGhk=,kQjMpXNvMC1JCnIg5XrhfXl4WSE=
-156,-103,2G4bL2yDRVWym/Kjxz1xv6NgGhk=,kQjMpXNvMC1JCnIg5XrhfXl4WSE=
-151,-102,2G4bL2yDRVWym/Kjxz1xv6NgGhk=,YZEPJftI5HsSCftMqA/CbagkYew=
-151,-107,2G4bL2yDRVWym/Kjxz1xv6NgGhk=,/75CIAZNlCQ3ydD66pb/jfu+1E0=
-153,-107,2G4bL2yDRVWym/Kjxz1xv6NgGhk=,wvCULYuBtJ290Hy+rzQZKxgjYfo=
-153,-106,2G4bL2yDRVWym/Kjxz1xv6NgGhk=,wvCULYuBtJ290Hy+rzQZKxgjYfo=
-154,-103,2G4bL2yDRVWym/Kjxz1xv6NgGhk=,kQjMpXNvMC1JCnIg5XrhfXl4WSE=
-156,-102,2G4bL2yDRVWym/Kjxz1xv6NgGhk=,kQjMpXNvMC1JCnIg5XrhfXl4WSE=
-155,-102,2G4bL2yDRVWym/Kjxz1xv6NgGhk=,kQjMpXNvMC1JCnIg5XrhfXl4WSE=
-154,-102,2G4bL2yDRVWym/Kjxz1xv6NgGhk=,kQjMpXNvMC1JCnIg5XrhfXl4WSE=
-150,-102,2G4bL2yDRVWym/Kjxz1xv6NgGhk=,YZEPJftI5HsSCftMqA/CbagkYew=
-150,-107,2G4bL2yDRVWym/Kjxz1xv6NgGhk=,/75CIAZNlCQ3ydD66pb/jfu+1E0=
-154,-101,2G4bL2yDRVWym/Kjxz1xv6NgGhk=,kQjMpXNvMC1JCnIg5XrhfXl4WSE=
-153,-104,2G4bL2yDRVWym/Kjxz1xv6NgGhk=,kQjMpXNvMC1JCnIg5XrhfXl4WSE=
-153,-103,2G4bL2yDRVWym/Kjxz1xv6NgGhk=,kQjMpXNvMC1JCnIg5XrhfXl4WSE=
-153,-102,2G4bL2yDRVWym/Kjxz1xv6NgGhk=,kQjMpXNvMC1JCnIg5XrhfXl4WSE=
-156,-105,2G4bL2yDRVWym/Kjxz1xv6NgGhk=,wvCULYuBtJ290Hy+rzQZKxgjYfo=
-153,-101,2G4bL2yDRVWym/Kjxz1xv6NgGhk=,kQjMpXNvMC1JCnIg5XrhfXl4WSE=
-152,-101,2G4bL2yDRVWym/Kjxz1xv6NgGhk=,YZEPJftI5HsSCftMqA/CbagkYew=
-149,-107,2G4bL2yDRVWym/Kjxz1xv6NgGhk=,/75CIAZNlCQ3ydD66pb/jfu+1E0=
-151,-101,2G4bL2yDRVWym/Kjxz1xv6NgGhk=,YZEPJftI5HsSCftMqA/CbagkYew=
-149,-102,2G4bL2yDRVWym/Kjxz1xv6NgGhk=,YZEPJftI5HsSCftMqA/CbagkYew=
-152,-103,2G4bL2yDRVWym/Kjxz1xv6NgGhk=,YZEPJftI5HsSCftMqA/CbagkYew=
-150,-101,2G4bL2yDRVWym/Kjxz1xv6NgGhk=,YZEPJftI5HsSCftMqA/CbagkYew=
-152,-102,2G4bL2yDRVWym/Kjxz1xv6NgGhk=,YZEPJftI5HsSCftMqA/CbagkYew=
-149,-101,2G4bL2yDRVWym/Kjxz1xv6NgGhk=,YZEPJftI5HsSCftMqA/CbagkYew=
-151,-103,2G4bL2yDRVWym/Kjxz1xv6NgGhk=,YZEPJftI5HsSCftMqA/CbagkYew=
-155,-104,2G4bL2yDRVWym/Kjxz1xv6NgGhk=,kQjMpXNvMC1JCnIg5XrhfXl4WSE=
-149,-105,2G4bL2yDRVWym/Kjxz1xv6NgGhk=,/75CIAZNlCQ3ydD66pb/jfu+1E0=
-149,-104,2G4bL2yDRVWym/Kjxz1xv6NgGhk=,YZEPJftI5HsSCftMqA/CbagkYew=
-152,-104,2G4bL2yDRVWym/Kjxz1xv6NgGhk=,YZEPJftI5HsSCftMqA/CbagkYew=
-150,-106,2G4bL2yDRVWym/Kjxz1xv6NgGhk=,/75CIAZNlCQ3ydD66pb/jfu+1E0=
-149,-106,2G4bL2yDRVWym/Kjxz1xv6NgGhk=,/75CIAZNlCQ3ydD66pb/jfu+1E0=
-151,-105,2G4bL2yDRVWym/Kjxz1xv6NgGhk=,/75CIAZNlCQ3ydD66pb/jfu+1E0=
-151,-106,2G4bL2yDRVWym/Kjxz1xv6NgGhk=,/75CIAZNlCQ3ydD66pb/jfu+1E0=
-151,-104,2G4bL2yDRVWym/Kjxz1xv6NgGhk=,YZEPJftI5HsSCftMqA/CbagkYew=
-152,-105,2G4bL2yDRVWym/Kjxz1xv6NgGhk=,/75CIAZNlCQ3ydD66pb/jfu+1E0=
-156,-101,2G4bL2yDRVWym/Kjxz1xv6NgGhk=,kQjMpXNvMC1JCnIg5XrhfXl4WSE=
-152,-106,2G4bL2yDRVWym/Kjxz1xv6NgGhk=,/75CIAZNlCQ3ydD66pb/jfu+1E0=
-150,-103,2G4bL2yDRVWym/Kjxz1xv6NgGhk=,YZEPJftI5HsSCftMqA/CbagkYew=
-150,-105,2G4bL2yDRVWym/Kjxz1xv6NgGhk=,/75CIAZNlCQ3ydD66pb/jfu+1E0=
-155,-101,2G4bL2yDRVWym/Kjxz1xv6NgGhk=,kQjMpXNvMC1JCnIg5XrhfXl4WSE=
-149,-103,2G4bL2yDRVWym/Kjxz1xv6NgGhk=,YZEPJftI5HsSCftMqA/CbagkYew=
-160,-105,qN2BYayGCDFqb9R/J0Z2So65Crc=,wvCULYuBtJ290Hy+rzQZKxgjYfo=
-159,-108,qN2BYayGCDFqb9R/J0Z2So65Crc=,wvCULYuBtJ290Hy+rzQZKxgjYfo=
-157,-108,qN2BYayGCDFqb9R/J0Z2So65Crc=,wvCULYuBtJ290Hy+rzQZKxgjYfo=
-159,-106,qN2BYayGCDFqb9R/J0Z2So65Crc=,wvCULYuBtJ290Hy+rzQZKxgjYfo=
-158,-108,qN2BYayGCDFqb9R/J0Z2So65Crc=,wvCULYuBtJ290Hy+rzQZKxgjYfo=
-158,-107,qN2BYayGCDFqb9R/J0Z2So65Crc=,wvCULYuBtJ290Hy+rzQZKxgjYfo=
-159,-107,qN2BYayGCDFqb9R/J0Z2So65Crc=,wvCULYuBtJ290Hy+rzQZKxgjYfo=
-157,-107,qN2BYayGCDFqb9R/J0Z2So65Crc=,wvCULYuBtJ290Hy+rzQZKxgjYfo=
-157,-106,qN2BYayGCDFqb9R/J0Z2So65Crc=,wvCULYuBtJ290Hy+rzQZKxgjYfo=
-158,-106,qN2BYayGCDFqb9R/J0Z2So65Crc=,wvCULYuBtJ290Hy+rzQZKxgjYfo=
-159,-104,qN2BYayGCDFqb9R/J0Z2So65Crc=,kQjMpXNvMC1JCnIg5XrhfXl4WSE=
-157,-104,qN2BYayGCDFqb9R/J0Z2So65Crc=,kQjMpXNvMC1JCnIg5XrhfXl4WSE=
-158,-103,qN2BYayGCDFqb9R/J0Z2So65Crc=,kQjMpXNvMC1JCnIg5XrhfXl4WSE=
-159,-103,qN2BYayGCDFqb9R/J0Z2So65Crc=,kQjMpXNvMC1JCnIg5XrhfXl4WSE=
-158,-104,qN2BYayGCDFqb9R/J0Z2So65Crc=,kQjMpXNvMC1JCnIg5XrhfXl4WSE=
-160,-106,qN2BYayGCDFqb9R/J0Z2So65Crc=,wvCULYuBtJ290Hy+rzQZKxgjYfo=
-159,-102,qN2BYayGCDFqb9R/J0Z2So65Crc=,kQjMpXNvMC1JCnIg5XrhfXl4WSE=
-157,-103,qN2BYayGCDFqb9R/J0Z2So65Crc=,kQjMpXNvMC1JCnIg5XrhfXl4WSE=
-159,-105,qN2BYayGCDFqb9R/J0Z2So65Crc=,wvCULYuBtJ290Hy+rzQZKxgjYfo=
-158,-102,qN2BYayGCDFqb9R/J0Z2So65Crc=,kQjMpXNvMC1JCnIg5XrhfXl4WSE=
-157,-102,qN2BYayGCDFqb9R/J0Z2So65Crc=,kQjMpXNvMC1JCnIg5XrhfXl4WSE=
-158,-105,qN2BYayGCDFqb9R/J0Z2So65Crc=,wvCULYuBtJ290Hy+rzQZKxgjYfo=
-157,-101,qN2BYayGCDFqb9R/J0Z2So65Crc=,kQjMpXNvMC1JCnIg5XrhfXl4WSE=
-158,-101,qN2BYayGCDFqb9R/J0Z2So65Crc=,kQjMpXNvMC1JCnIg5XrhfXl4WSE=
-160,-107,qN2BYayGCDFqb9R/J0Z2So65Crc=,wvCULYuBtJ290Hy+rzQZKxgjYfo=
-157,-105,qN2BYayGCDFqb9R/J0Z2So65Crc=,wvCULYuBtJ290Hy+rzQZKxgjYfo=
-147,-104,qN2BYayGCDFqb9R/J0Z2So65Crc=,YZEPJftI5HsSCftMqA/CbagkYew=
-160,-103,qN2BYayGCDFqb9R/J0Z2So65Crc=,kQjMpXNvMC1JCnIg5XrhfXl4WSE=
-145,-112,qN2BYayGCDFqb9R/J0Z2So65Crc=,/75CIAZNlCQ3ydD66pb/jfu+1E0=
-145,-107,qN2BYayGCDFqb9R/J0Z2So65Crc=,/75CIAZNlCQ3ydD66pb/jfu+1E0=
-160,-108,qN2BYayGCDFqb9R/J0Z2So65Crc=,wvCULYuBtJ290Hy+rzQZKxgjYfo=
-145,-105,qN2BYayGCDFqb9R/J0Z2So65Crc=,/75CIAZNlCQ3ydD66pb/jfu+1E0=
-148,-111,qN2BYayGCDFqb9R/J0Z2So65Crc=,/75CIAZNlCQ3ydD66pb/jfu+1E0=
-145,-106,qN2BYayGCDFqb9R/J0Z2So65Crc=,/75CIAZNlCQ3ydD66pb/jfu+1E0=
-160,-101,qN2BYayGCDFqb9R/J0Z2So65Crc=,kQjMpXNvMC1JCnIg5XrhfXl4WSE=
-147,-111,qN2BYayGCDFqb9R/J0Z2So65Crc=,/75CIAZNlCQ3ydD66pb/jfu+1E0=
-145,-109,qN2BYayGCDFqb9R/J0Z2So65Crc=,/75CIAZNlCQ3ydD66pb/jfu+1E0=
-159,-101,qN2BYayGCDFqb9R/J0Z2So65Crc=,kQjMpXNvMC1JCnIg5XrhfXl4WSE=
-145,-108,qN2BYayGCDFqb9R/J0Z2So65Crc=,/75CIAZNlCQ3ydD66pb/jfu+1E0=
-146,-111,qN2BYayGCDFqb9R/J0Z2So65Crc=,/75CIAZNlCQ3ydD66pb/jfu+1E0=
-160,-104,qN2BYayGCDFqb9R/J0Z2So65Crc=,kQjMpXNvMC1JCnIg5XrhfXl4WSE=
-148,-110,qN2BYayGCDFqb9R/J0Z2So65Crc=,/75CIAZNlCQ3ydD66pb/jfu+1E0=
-160,-102,qN2BYayGCDFqb9R/J0Z2So65Crc=,kQjMpXNvMC1JCnIg5XrhfXl4WSE=
-145,-104,qN2BYayGCDFqb9R/J0Z2So65Crc=,YZEPJftI5HsSCftMqA/CbagkYew=
-146,-104,qN2BYayGCDFqb9R/J0Z2So65Crc=,YZEPJftI5HsSCftMqA/CbagkYew=
-147,-110,qN2BYayGCDFqb9R/J0Z2So65Crc=,/75CIAZNlCQ3ydD66pb/jfu+1E0=
-152,-112,qN2BYayGCDFqb9R/J0Z2So65Crc=,/75CIAZNlCQ3ydD66pb/jfu+1E0=
-146,-103,qN2BYayGCDFqb9R/J0Z2So65Crc=,YZEPJftI5HsSCftMqA/CbagkYew=
-156,-112,qN2BYayGCDFqb9R/J0Z2So65Crc=,wvCULYuBtJ290Hy+rzQZKxgjYfo=
-148,-109,qN2BYayGCDFqb9R/J0Z2So65Crc=,/75CIAZNlCQ3ydD66pb/jfu+1E0=
-145,-110,qN2BYayGCDFqb9R/J0Z2So65Crc=,/75CIAZNlCQ3ydD66pb/jfu+1E0=
-146,-109,qN2BYayGCDFqb9R/J0Z2So65Crc=,/75CIAZNlCQ3ydD66pb/jfu+1E0=
-147,-102,qN2BYayGCDFqb9R/J0Z2So65Crc=,YZEPJftI5HsSCftMqA/CbagkYew=
-148,-101,qN2BYayGCDFqb9R/J0Z2So65Crc=,YZEPJftI5HsSCftMqA/CbagkYew=
-146,-112,qN2BYayGCDFqb9R/J0Z2So65Crc=,/75CIAZNlCQ3ydD66pb/jfu+1E0=
-148,-104,qN2BYayGCDFqb9R/J0Z2So65Crc=,YZEPJftI5HsSCftMqA/CbagkYew=
-155,-112,qN2BYayGCDFqb9R/J0Z2So65Crc=,wvCULYuBtJ290Hy+rzQZKxgjYfo=
-151,-112,qN2BYayGCDFqb9R/J0Z2So65Crc=,/75CIAZNlCQ3ydD66pb/jfu+1E0=
-145,-111,qN2BYayGCDFqb9R/J0Z2So65Crc=,/75CIAZNlCQ3ydD66pb/jfu+1E0=
-147,-109,qN2BYayGCDFqb9R/J0Z2So65Crc=,/75CIAZNlCQ3ydD66pb/jfu+1E0=
-146,-102,qN2BYayGCDFqb9R/J0Z2So65Crc=,YZEPJftI5HsSCftMqA/CbagkYew=
-145,-101,qN2BYayGCDFqb9R/J0Z2So65Crc=,YZEPJftI5HsSCftMqA/CbagkYew=
-148,-103,qN2BYayGCDFqb9R/J0Z2So65Crc=,YZEPJftI5HsSCftMqA/CbagkYew=
-154,-112,qN2BYayGCDFqb9R/J0Z2So65Crc=,wvCULYuBtJ290Hy+rzQZKxgjYfo=
-156,-111,qN2BYayGCDFqb9R/J0Z2So65Crc=,wvCULYuBtJ290Hy+rzQZKxgjYfo=
-148,-105,qN2BYayGCDFqb9R/J0Z2So65Crc=,/75CIAZNlCQ3ydD66pb/jfu+1E0=
-146,-110,qN2BYayGCDFqb9R/J0Z2So65Crc=,/75CIAZNlCQ3ydD66pb/jfu+1E0=
-146,-105,qN2BYayGCDFqb9R/J0Z2So65Crc=,/75CIAZNlCQ3ydD66pb/jfu+1E0=
-148,-102,qN2BYayGCDFqb9R/J0Z2So65Crc=,YZEPJftI5HsSCftMqA/CbagkYew=
-148,-108,qN2BYayGCDFqb9R/J0Z2So65Crc=,/75CIAZNlCQ3ydD66pb/jfu+1E0=
-147,-105,qN2BYayGCDFqb9R/J0Z2So65Crc=,/75CIAZNlCQ3ydD66pb/jfu+1E0=
-153,-112,qN2BYayGCDFqb9R/J0Z2So65Crc=,wvCULYuBtJ290Hy+rzQZKxgjYfo=
-147,-112,qN2BYayGCDFqb9R/J0Z2So65Crc=,/75CIAZNlCQ3ydD66pb/jfu+1E0=
-150,-112,qN2BYayGCDFqb9R/J0Z2So65Crc=,/75CIAZNlCQ3ydD66pb/jfu+1E0=
-146,-106,qN2BYayGCDFqb9R/J0Z2So65Crc=,/75CIAZNlCQ3ydD66pb/jfu+1E0=
-145,-102,qN2BYayGCDFqb9R/J0Z2So65Crc=,YZEPJftI5HsSCftMqA/CbagkYew=
-147,-106,qN2BYayGCDFqb9R/J0Z2So65Crc=,/75CIAZNlCQ3ydD66pb/jfu+1E0=
-152,-111,qN2BYayGCDFqb9R/J0Z2So65Crc=,/75CIAZNlCQ3ydD66pb/jfu+1E0=
-147,-108,qN2BYayGCDFqb9R/J0Z2So65Crc=,/75CIAZNlCQ3ydD66pb/jfu+1E0=
-147,-101,qN2BYayGCDFqb9R/J0Z2So65Crc=,YZEPJftI5HsSCftMqA/CbagkYew=
-150,-111,qN2BYayGCDFqb9R/J0Z2So65Crc=,/75CIAZNlCQ3ydD66pb/jfu+1E0=
-151,-111,qN2BYayGCDFqb9R/J0Z2So65Crc=,/75CIAZNlCQ3ydD66pb/jfu+1E0=
-153,-109,qN2BYayGCDFqb9R/J0Z2So65Crc=,wvCULYuBtJ290Hy+rzQZKxgjYfo=
-148,-106,qN2BYayGCDFqb9R/J0Z2So65Crc=,/75CIAZNlCQ3ydD66pb/jfu+1E0=
-149,-112,qN2BYayGCDFqb9R/J0Z2So65Crc=,/75CIAZNlCQ3ydD66pb/jfu+1E0=
-146,-101,qN2BYayGCDFqb9R/J0Z2So65Crc=,YZEPJftI5HsSCftMqA/CbagkYew=
-147,-103,qN2BYayGCDFqb9R/J0Z2So65Crc=,YZEPJftI5HsSCftMqA/CbagkYew=
-146,-108,qN2BYayGCDFqb9R/J0Z2So65Crc=,/75CIAZNlCQ3ydD66pb/jfu+1E0=
-145,-103,qN2BYayGCDFqb9R/J0Z2So65Crc=,YZEPJftI5HsSCftMqA/CbagkYew=
-153,-110,qN2BYayGCDFqb9R/J0Z2So65Crc=,wvCULYuBtJ290Hy+rzQZKxgjYfo=
-148,-112,qN2BYayGCDFqb9R/J0Z2So65Crc=,/75CIAZNlCQ3ydD66pb/jfu+1E0=
-147,-107,qN2BYayGCDFqb9R/J0Z2So65Crc=,/75CIAZNlCQ3ydD66pb/jfu+1E0=
-152,-110,qN2BYayGCDFqb9R/J0Z2So65Crc=,/75CIAZNlCQ3ydD66pb/jfu+1E0=
-153,-111,qN2BYayGCDFqb9R/J0Z2So65Crc=,wvCULYuBtJ290Hy+rzQZKxgjYfo=
-148,-107,qN2BYayGCDFqb9R/J0Z2So65Crc=,/75CIAZNlCQ3ydD66pb/jfu+1E0=
-151,-110,qN2BYayGCDFqb9R/J0Z2So65Crc=,/75CIAZNlCQ3ydD66pb/jfu+1E0=
-149,-109,qN2BYayGCDFqb9R/J0Z2So65Crc=,/75CIAZNlCQ3ydD66pb/jfu+1E0=
-149,-111,qN2BYayGCDFqb9R/J0Z2So65Crc=,/75CIAZNlCQ3ydD66pb/jfu+1E0=
-150,-110,qN2BYayGCDFqb9R/J0Z2So65Crc=,/75CIAZNlCQ3ydD66pb/jfu+1E0=
-154,-109,qN2BYayGCDFqb9R/J0Z2So65Crc=,wvCULYuBtJ290Hy+rzQZKxgjYfo=
-149,-110,qN2BYayGCDFqb9R/J0Z2So65Crc=,/75CIAZNlCQ3ydD66pb/jfu+1E0=
-155,-111,qN2BYayGCDFqb9R/J0Z2So65Crc=,wvCULYuBtJ290Hy+rzQZKxgjYfo=
-146,-107,qN2BYayGCDFqb9R/J0Z2So65Crc=,/75CIAZNlCQ3ydD66pb/jfu+1E0=
-152,-109,qN2BYayGCDFqb9R/J0Z2So65Crc=,/75CIAZNlCQ3ydD66pb/jfu+1E0=
-156,-110,qN2BYayGCDFqb9R/J0Z2So65Crc=,wvCULYuBtJ290Hy+rzQZKxgjYfo=
-155,-110,qN2BYayGCDFqb9R/J0Z2So65Crc=,wvCULYuBtJ290Hy+rzQZKxgjYfo=
-155,-109,qN2BYayGCDFqb9R/J0Z2So65Crc=,wvCULYuBtJ290Hy+rzQZKxgjYfo=
-151,-109,qN2BYayGCDFqb9R/J0Z2So65Crc=,/75CIAZNlCQ3ydD66pb/jfu+1E0=
-154,-110,qN2BYayGCDFqb9R/J0Z2So65Crc=,wvCULYuBtJ290Hy+rzQZKxgjYfo=
-156,-109,qN2BYayGCDFqb9R/J0Z2So65Crc=,wvCULYuBtJ290Hy+rzQZKxgjYfo=
-150,-109,qN2BYayGCDFqb9R/J0Z2So65Crc=,/75CIAZNlCQ3ydD66pb/jfu+1E0=
-160,-112,qN2BYayGCDFqb9R/J0Z2So65Crc=,wvCULYuBtJ290Hy+rzQZKxgjYfo=
-159,-110,qN2BYayGCDFqb9R/J0Z2So65Crc=,wvCULYuBtJ290Hy+rzQZKxgjYfo=
-158,-110,qN2BYayGCDFqb9R/J0Z2So65Crc=,wvCULYuBtJ290Hy+rzQZKxgjYfo=
-159,-109,qN2BYayGCDFqb9R/J0Z2So65Crc=,wvCULYuBtJ290Hy+rzQZKxgjYfo=
-158,-109,qN2BYayGCDFqb9R/J0Z2So65Crc=,wvCULYuBtJ290Hy+rzQZKxgjYfo=
-157,-110,qN2BYayGCDFqb9R/J0Z2So65Crc=,wvCULYuBtJ290Hy+rzQZKxgjYfo=
-157,-109,qN2BYayGCDFqb9R/J0Z2So65Crc=,wvCULYuBtJ290Hy+rzQZKxgjYfo=
-158,-111,qN2BYayGCDFqb9R/J0Z2So65Crc=,wvCULYuBtJ290Hy+rzQZKxgjYfo=
-160,-110,qN2BYayGCDFqb9R/J0Z2So65Crc=,wvCULYuBtJ290Hy+rzQZKxgjYfo=
-157,-111,qN2BYayGCDFqb9R/J0Z2So65Crc=,wvCULYuBtJ290Hy+rzQZKxgjYfo=
-159,-112,qN2BYayGCDFqb9R/J0Z2So65Crc=,wvCULYuBtJ290Hy+rzQZKxgjYfo=
-160,-111,qN2BYayGCDFqb9R/J0Z2So65Crc=,wvCULYuBtJ290Hy+rzQZKxgjYfo=
-157,-112,qN2BYayGCDFqb9R/J0Z2So65Crc=,wvCULYuBtJ290Hy+rzQZKxgjYfo=
-158,-112,qN2BYayGCDFqb9R/J0Z2So65Crc=,wvCULYuBtJ290Hy+rzQZKxgjYfo=
-154,-111,qN2BYayGCDFqb9R/J0Z2So65Crc=,wvCULYuBtJ290Hy+rzQZKxgjYfo=
-159,-111,qN2BYayGCDFqb9R/J0Z2So65Crc=,wvCULYuBtJ290Hy+rzQZKxgjYfo=
-160,-109,qN2BYayGCDFqb9R/J0Z2So65Crc=,wvCULYuBtJ290Hy+rzQZKxgjYfo=
-157,-100,qN2BYayGCDFqb9R/J0Z2So65Crc=,kQjMpXNvMC1JCnIg5XrhfXl4WSE=
-158,-100,qN2BYayGCDFqb9R/J0Z2So65Crc=,kQjMpXNvMC1JCnIg5XrhfXl4WSE=
-158,-97,qN2BYayGCDFqb9R/J0Z2So65Crc=,kQjMpXNvMC1JCnIg5XrhfXl4WSE=
-159,-98,qN2BYayGCDFqb9R/J0Z2So65Crc=,kQjMpXNvMC1JCnIg5XrhfXl4WSE=
-160,-100,qN2BYayGCDFqb9R/J0Z2So65Crc=,kQjMpXNvMC1JCnIg5XrhfXl4WSE=
-157,-97,qN2BYayGCDFqb9R/J0Z2So65Crc=,kQjMpXNvMC1JCnIg5XrhfXl4WSE=
-159,-100,qN2BYayGCDFqb9R/J0Z2So65Crc=,kQjMpXNvMC1JCnIg5XrhfXl4WSE=
-160,-97,qN2BYayGCDFqb9R/J0Z2So65Crc=,kQjMpXNvMC1JCnIg5XrhfXl4WSE=
-159,-99,qN2BYayGCDFqb9R/J0Z2So65Crc=,kQjMpXNvMC1JCnIg5XrhfXl4WSE=
-159,-97,qN2BYayGCDFqb9R/J0Z2So65Crc=,kQjMpXNvMC1JCnIg5XrhfXl4WSE=
-158,-99,qN2BYayGCDFqb9R/J0Z2So65Crc=,kQjMpXNvMC1JCnIg5XrhfXl4WSE=
-157,-99,qN2BYayGCDFqb9R/J0Z2So65Crc=,kQjMpXNvMC1JCnIg5XrhfXl4WSE=
-160,-99,qN2BYayGCDFqb9R/J0Z2So65Crc=,kQjMpXNvMC1JCnIg5XrhfXl4WSE=
-157,-98,qN2BYayGCDFqb9R/J0Z2So65Crc=,kQjMpXNvMC1JCnIg5XrhfXl4WSE=
-158,-98,qN2BYayGCDFqb9R/J0Z2So65Crc=,kQjMpXNvMC1JCnIg5XrhfXl4WSE=
-160,-98,qN2BYayGCDFqb9R/J0Z2So65Crc=,kQjMpXNvMC1JCnIg5XrhfXl4WSE=
-146,-97,qN2BYayGCDFqb9R/J0Z2So65Crc=,YZEPJftI5HsSCftMqA/CbagkYew=
-148,-97,qN2BYayGCDFqb9R/J0Z2So65Crc=,YZEPJftI5HsSCftMqA/CbagkYew=
-147,-97,qN2BYayGCDFqb9R/J0Z2So65Crc=,YZEPJftI5HsSCftMqA/CbagkYew=
-149,-97,qN2BYayGCDFqb9R/J0Z2So65Crc=,YZEPJftI5HsSCftMqA/CbagkYew=
-150,-97,qN2BYayGCDFqb9R/J0Z2So65Crc=,YZEPJftI5HsSCftMqA/CbagkYew=
-154,-98,qN2BYayGCDFqb9R/J0Z2So65Crc=,kQjMpXNvMC1JCnIg5XrhfXl4WSE=
-155,-98,qN2BYayGCDFqb9R/J0Z2So65Crc=,kQjMpXNvMC1JCnIg5XrhfXl4WSE=
-146,-99,qN2BYayGCDFqb9R/J0Z2So65Crc=,YZEPJftI5HsSCftMqA/CbagkYew=
-156,-97,qN2BYayGCDFqb9R/J0Z2So65Crc=,kQjMpXNvMC1JCnIg5XrhfXl4WSE=
-155,-100,qN2BYayGCDFqb9R/J0Z2So65Crc=,kQjMpXNvMC1JCnIg5XrhfXl4WSE=
-151,-97,qN2BYayGCDFqb9R/J0Z2So65Crc=,YZEPJftI5HsSCftMqA/CbagkYew=
-156,-98,qN2BYayGCDFqb9R/J0Z2So65Crc=,kQjMpXNvMC1JCnIg5XrhfXl4WSE=
-148,-100,qN2BYayGCDFqb9R/J0Z2So65Crc=,YZEPJftI5HsSCftMqA/CbagkYew=
-154,-97,qN2BYayGCDFqb9R/J0Z2So65Crc=,kQjMpXNvMC1JCnIg5XrhfXl4WSE=
-156,-100,qN2BYayGCDFqb9R/J0Z2So65Crc=,kQjMpXNvMC1JCnIg5XrhfXl4WSE=
-153,-97,qN2BYayGCDFqb9R/J0Z2So65Crc=,kQjMpXNvMC1JCnIg5XrhfXl4WSE=
-155,-99,qN2BYayGCDFqb9R/J0Z2So65Crc=,kQjMpXNvMC1JCnIg5XrhfXl4WSE=
-147,-100,qN2BYayGCDFqb9R/J0Z2So65Crc=,YZEPJftI5HsSCftMqA/CbagkYew=
-154,-99,qN2BYayGCDFqb9R/J0Z2So65Crc=,kQjMpXNvMC1JCnIg5XrhfXl4WSE=
-155,-97,qN2BYayGCDFqb9R/J0Z2So65Crc=,kQjMpXNvMC1JCnIg5XrhfXl4WSE=
-156,-99,qN2BYayGCDFqb9R/J0Z2So65Crc=,kQjMpXNvMC1JCnIg5XrhfXl4WSE=
-146,-100,qN2BYayGCDFqb9R/J0Z2So65Crc=,YZEPJftI5HsSCftMqA/CbagkYew=
-145,-97,qN2BYayGCDFqb9R/J0Z2So65Crc=,YZEPJftI5HsSCftMqA/CbagkYew=
-148,-98,qN2BYayGCDFqb9R/J0Z2So65Crc=,YZEPJftI5HsSCftMqA/CbagkYew=
-150,-99,qN2BYayGCDFqb9R/J0Z2So65Crc=,YZEPJftI5HsSCftMqA/CbagkYew=
-147,-99,qN2BYayGCDFqb9R/J0Z2So65Crc=,YZEPJftI5HsSCftMqA/CbagkYew=
-152,-99,qN2BYayGCDFqb9R/J0Z2So65Crc=,YZEPJftI5HsSCftMqA/CbagkYew=
-147,-98,qN2BYayGCDFqb9R/J0Z2So65Crc=,YZEPJftI5HsSCftMqA/CbagkYew=
-149,-99,qN2BYayGCDFqb9R/J0Z2So65Crc=,YZEPJftI5HsSCftMqA/CbagkYew=
-152,-100,qN2BYayGCDFqb9R/J0Z2So65Crc=,YZEPJftI5HsSCftMqA/CbagkYew=
-154,-100,qN2BYayGCDFqb9R/J0Z2So65Crc=,kQjMpXNvMC1JCnIg5XrhfXl4WSE=
-153,-98,qN2BYayGCDFqb9R/J0Z2So65Crc=,kQjMpXNvMC1JCnIg5XrhfXl4WSE=
-151,-99,qN2BYayGCDFqb9R/J0Z2So65Crc=,YZEPJftI5HsSCftMqA/CbagkYew=
-146,-98,qN2BYayGCDFqb9R/J0Z2So65Crc=,YZEPJftI5HsSCftMqA/CbagkYew=
-153,-100,qN2BYayGCDFqb9R/J0Z2So65Crc=,kQjMpXNvMC1JCnIg5XrhfXl4WSE=
-145,-100,qN2BYayGCDFqb9R/J0Z2So65Crc=,YZEPJftI5HsSCftMqA/CbagkYew=
-145,-99,qN2BYayGCDFqb9R/J0Z2So65Crc=,YZEPJftI5HsSCftMqA/CbagkYew=
-150,-100,qN2BYayGCDFqb9R/J0Z2So65Crc=,YZEPJftI5HsSCftMqA/CbagkYew=
-152,-97,qN2BYayGCDFqb9R/J0Z2So65Crc=,YZEPJftI5HsSCftMqA/CbagkYew=
-149,-100,qN2BYayGCDFqb9R/J0Z2So65Crc=,YZEPJftI5HsSCftMqA/CbagkYew=
-151,-100,qN2BYayGCDFqb9R/J0Z2So65Crc=,YZEPJftI5HsSCftMqA/CbagkYew=
-153,-99,qN2BYayGCDFqb9R/J0Z2So65Crc=,kQjMpXNvMC1JCnIg5XrhfXl4WSE=
-148,-99,qN2BYayGCDFqb9R/J0Z2So65Crc=,YZEPJftI5HsSCftMqA/CbagkYew=
-145,-98,qN2BYayGCDFqb9R/J0Z2So65Crc=,YZEPJftI5HsSCftMqA/CbagkYew=
-150,-98,qN2BYayGCDFqb9R/J0Z2So65Crc=,YZEPJftI5HsSCftMqA/CbagkYew=
-151,-98,qN2BYayGCDFqb9R/J0Z2So65Crc=,YZEPJftI5HsSCftMqA/CbagkYew=
-152,-98,qN2BYayGCDFqb9R/J0Z2So65Crc=,YZEPJftI5HsSCftMqA/CbagkYew=
-149,-98,qN2BYayGCDFqb9R/J0Z2So65Crc=,YZEPJftI5HsSCftMqA/CbagkYew=
