247,-40,vyDPRuj+V8wrwSYb8+ZQWCZ3l+w=,Tq7XL8wtSJgC+l7soN5sJNMfMuo=
246,-40,vyDPRuj+V8wrwSYb8+ZQWCZ3l+w=,Tq7XL8wtSJgC+l7soN5sJNMfMuo=
245,-40,vyDPRuj+V8wrwSYb8+ZQWCZ3l+w=,Tq7XL8wtSJgC+l7soN5sJNMfMuo=
244,-40,vyDPRuj+V8wrwSYb8+ZQWCZ3l+w=,Tq7XL8wtSJgC+l7soN5sJNMfMuo=
247,-37,vyDPRuj+V8wrwSYb8+ZQWCZ3l+w=,Tq7XL8wtSJgC+l7soN5sJNMfMuo=
247,-43,vyDPRuj+V8wrwSYb8+ZQWCZ3l+w=,xMoyFx+J8g6WzOcBSG100jD3Hdk=
244,-44,vyDPRuj+V8wrwSYb8+ZQWCZ3l+w=,xMoyFx+J8g6WzOcBSG100jD3Hdk=
247,-42,vyDPRuj+V8wrwSYb8+ZQWCZ3l+w=,xMoyFx+J8g6WzOcBSG100jD3Hdk=
245,-44,vyDPRuj+V8wrwSYb8+ZQWCZ3l+w=,xMoyFx+J8g6WzOcBSG100jD3Hdk=
246,-44,vyDPRuj+V8wrwSYb8+ZQWCZ3l+w=,xMoyFx+J8g6WzOcBSG100jD3Hdk=
244,-43,vyDPRuj+V8wrwSYb8+ZQWCZ3l+w=,xMoyFx+J8g6WzOcBSG100jD3Hdk=
245,-43,vyDPRuj+V8wrwSYb8+ZQWCZ3l+w=,xMoyFx+J8g6WzOcBSG100jD3Hdk=
246,-43,vyDPRuj+V8wrwSYb8+ZQWCZ3l+w=,xMoyFx+J8g6WzOcBSG100jD3Hdk=
244,-42,vyDPRuj+V8wrwSYb8+ZQWCZ3l+w=,xMoyFx+J8g6WzOcBSG100jD3Hdk=
247,-41,vyDPRuj+V8wrwSYb8+ZQWCZ3l+w=,xMoyFx+J8g6WzOcBSG100jD3Hdk=
245,-42,vyDPRuj+V8wrwSYb8+ZQWCZ3l+w=,xMoyFx+J8g6WzOcBSG100jD3Hdk=
246,-42,vyDPRuj+V8wrwSYb8+ZQWCZ3l+w=,xMoyFx+J8g6WzOcBSG100jD3Hdk=
244,-41,vyDPRuj+V8wrwSYb8+ZQWCZ3l+w=,xMoyFx+J8g6WzOcBSG100jD3Hdk=
245,-41,vyDPRuj+V8wrwSYb8+ZQWCZ3l+w=,xMoyFx+J8g6WzOcBSG100jD3Hdk=
246,-41,vyDPRuj+V8wrwSYb8+ZQWCZ3l+w=,xMoyFx+J8g6WzOcBSG100jD3Hdk=
249,-37,vyDPRuj+V8wrwSYb8+ZQWCZ3l+w=,2Q8GmLg8faBBfDOzbK9SsaJlKbw=
248,-44,vyDPRuj+V8wrwSYb8+ZQWCZ3l+w=,/jsEok/5m0TKdvjg+BWKrj0oMtQ=
250,-37,vyDPRuj+V8wrwSYb8+ZQWCZ3l+w=,2Q8GmLg8faBBfDOzbK9SsaJlKbw=
250,-38,vyDPRuj+V8wrwSYb8+ZQWCZ3l+w=,2Q8GmLg8faBBfDOzbK9SsaJlKbw=
251,-37,vyDPRuj+V8wrwSYb8+ZQWCZ3l+w=,2Q8GmLg8faBBfDOzbK9SsaJlKbw=
244,-39,vyDPRuj+V8wrwSYb8+ZQWCZ3l+w=,Tq7XL8wtSJgC+l7soN5sJNMfMuo=
246,-37,vyDPRuj+V8wrwSYb8+ZQWCZ3l+w=,Tq7XL8wtSJgC+l7soN5sJNMfMuo=
251,-38,vyDPRuj+V8wrwSYb8+ZQWCZ3l+w=,2Q8GmLg8faBBfDOzbK9SsaJlKbw=
245,-39,vyDPRuj+V8wrwSYb8+ZQWCZ3l+w=,Tq7XL8wtSJgC+l7soN5sJNMfMuo=
249,-39,vyDPRuj+V8wrwSYb8+ZQWCZ3l+w=,2Q8GmLg8faBBfDOzbK9SsaJlKbw=
250,-39,vyDPRuj+V8wrwSYb8+ZQWCZ3l+w=,2Q8GmLg8faBBfDOzbK9SsaJlKbw=
251,-39,vyDPRuj+V8wrwSYb8+ZQWCZ3l+w=,2Q8GmLg8faBBfDOzbK9SsaJlKbw=
247,-44,vyDPRuj+V8wrwSYb8+ZQWCZ3l+w=,xMoyFx+J8g6WzOcBSG100jD3Hdk=
249,-44,vyDPRuj+V8wrwSYb8+ZQWCZ3l+w=,/jsEok/5m0TKdvjg+BWKrj0oMtQ=
248,-37,vyDPRuj+V8wrwSYb8+ZQWCZ3l+w=,2Q8GmLg8faBBfDOzbK9SsaJlKbw=
248,-39,vyDPRuj+V8wrwSYb8+ZQWCZ3l+w=,2Q8GmLg8faBBfDOzbK9SsaJlKbw=
246,-39,vyDPRuj+V8wrwSYb8+ZQWCZ3l+w=,Tq7XL8wtSJgC+l7soN5sJNMfMuo=
247,-39,vyDPRuj+V8wrwSYb8+ZQWCZ3l+w=,Tq7XL8wtSJgC+l7soN5sJNMfMuo=
251,-41,vyDPRuj+V8wrwSYb8+ZQWCZ3l+w=,/jsEok/5m0TKdvjg+BWKrj0oMtQ=
250,-41,vyDPRuj+V8wrwSYb8+ZQWCZ3l+w=,/jsEok/5m0TKdvjg+BWKrj0oMtQ=
249,-41,vyDPRuj+V8wrwSYb8+ZQWCZ3l+w=,/jsEok/5m0TKdvjg+BWKrj0oMtQ=
245,-37,vyDPRuj+V8wrwSYb8+ZQWCZ3l+w=,Tq7XL8wtSJgC+l7soN5sJNMfMuo=
248,-41,vyDPRuj+V8wrwSYb8+ZQWCZ3l+w=,/jsEok/5m0TKdvjg+BWKrj0oMtQ=
245,-38,vyDPRuj+V8wrwSYb8+ZQWCZ3l+w=,Tq7XL8wtSJgC+l7soN5sJNMfMuo=
244,-38,vyDPRuj+V8wrwSYb8+ZQWCZ3l+w=,Tq7XL8wtSJgC+l7soN5sJNMfMuo=
251,-40,vyDPRuj+V8wrwSYb8+ZQWCZ3l+w=,2Q8GmLg8faBBfDOzbK9SsaJlKbw=
250,-40,vyDPRuj+V8wrwSYb8+ZQWCZ3l+w=,2Q8GmLg8faBBfDOzbK9SsaJlKbw=
249,-40,vyDPRuj+V8wrwSYb8+ZQWCZ3l+w=,2Q8GmLg8faBBfDOzbK9SsaJlKbw=
246,-38,vyDPRuj+V8wrwSYb8+ZQWCZ3l+w=,Tq7XL8wtSJgC+l7soN5sJNMfMuo=
247,-38,vyDPRuj+V8wrwSYb8+ZQWCZ3l+w=,Tq7XL8wtSJgC+l7soN5sJNMfMuo=
250,-42,vyDPRuj+V8wrwSYb8+ZQWCZ3l+w=,/jsEok/5m0TKdvjg+BWKrj0oMtQ=
251,-42,vyDPRuj+V8wrwSYb8+ZQWCZ3l+w=,/jsEok/5m0TKdvjg+BWKrj0oMtQ=
244,-37,vyDPRuj+V8wrwSYb8+ZQWCZ3l+w=,Tq7XL8wtSJgC+l7soN5sJNMfMuo=
249,-42,vyDPRuj+V8wrwSYb8+ZQWCZ3l+w=,/jsEok/5m0TKdvjg+BWKrj0oMtQ=
248,-42,vyDPRuj+V8wrwSYb8+ZQWCZ3l+w=,/jsEok/5m0TKdvjg+BWKrj0oMtQ=
250,-43,vyDPRuj+V8wrwSYb8+ZQWCZ3l+w=,/jsEok/5m0TKdvjg+BWKrj0oMtQ=
251,-43,vyDPRuj+V8wrwSYb8+ZQWCZ3l+w=,/jsEok/5m0TKdvjg+BWKrj0oMtQ=
251,-44,vyDPRuj+V8wrwSYb8+ZQWCZ3l+w=,/jsEok/5m0TKdvjg+BWKrj0oMtQ=
249,-43,vyDPRuj+V8wrwSYb8+ZQWCZ3l+w=,/jsEok/5m0TKdvjg+BWKrj0oMtQ=
250,-44,vyDPRuj+V8wrwSYb8+ZQWCZ3l+w=,/jsEok/5m0TKdvjg+BWKrj0oMtQ=
248,-43,vyDPRuj+V8wrwSYb8+ZQWCZ3l+w=,/jsEok/5m0TKdvjg+BWKrj0oMtQ=
249,-38,vyDPRuj+V8wrwSYb8+ZQWCZ3l+w=,2Q8GmLg8faBBfDOzbK9SsaJlKbw=
248,-40,vyDPRuj+V8wrwSYb8+ZQWCZ3l+w=,2Q8GmLg8faBBfDOzbK9SsaJlKbw=
248,-38,vyDPRuj+V8wrwSYb8+ZQWCZ3l+w=,2Q8GmLg8faBBfDOzbK9SsaJlKbw=
253,-46,vyDPRuj+V8wrwSYb8+ZQWCZ3l+w=,/jsEok/5m0TKdvjg+BWKrj0oMtQ=
254,-46,vyDPRuj+V8wrwSYb8+ZQWCZ3l+w=,/jsEok/5m0TKdvjg+BWKrj0oMtQ=
255,-46,vyDPRuj+V8wrwSYb8+ZQWCZ3l+w=,/jsEok/5m0TKdvjg+BWKrj0oMtQ=
255,-48,vyDPRuj+V8wrwSYb8+ZQWCZ3l+w=,/jsEok/5m0TKdvjg+BWKrj0oMtQ=
253,-47,vyDPRuj+V8wrwSYb8+ZQWCZ3l+w=,/jsEok/5m0TKdvjg+BWKrj0oMtQ=
252,-47,vyDPRuj+V8wrwSYb8+ZQWCZ3l+w=,/jsEok/5m0TKdvjg+BWKrj0oMtQ=
254,-47,vyDPRuj+V8wrwSYb8+ZQWCZ3l+w=,/jsEok/5m0TKdvjg+BWKrj0oMtQ=
252,-46,vyDPRuj+V8wrwSYb8+ZQWCZ3l+w=,/jsEok/5m0TKdvjg+BWKrj0oMtQ=
255,-47,vyDPRuj+V8wrwSYb8+ZQWCZ3l+w=,/jsEok/5m0TKdvjg+BWKrj0oMtQ=
254,-48,vyDPRuj+V8wrwSYb8+ZQWCZ3l+w=,/jsEok/5m0TKdvjg+BWKrj0oMtQ=
252,-48,vyDPRuj+V8wrwSYb8+ZQWCZ3l+w=,/jsEok/5m0TKdvjg+BWKrj0oMtQ=
253,-48,vyDPRuj+V8wrwSYb8+ZQWCZ3l+w=,/jsEok/5m0TKdvjg+BWKrj0oMtQ=
254,-45,vyDPRuj+V8wrwSYb8+ZQWCZ3l+w=,/jsEok/5m0TKdvjg+BWKrj0oMtQ=
253,-45,vyDPRuj+V8wrwSYb8+ZQWCZ3l+w=,/jsEok/5m0TKdvjg+BWKrj0oMtQ=
252,-45,vyDPRuj+V8wrwSYb8+ZQWCZ3l+w=,/jsEok/5m0TKdvjg+BWKrj0oMtQ=
255,-45,vyDPRuj+V8wrwSYb8+ZQWCZ3l+w=,/jsEok/5m0TKdvjg+BWKrj0oMtQ=
252,-44,vyDPRuj+V8wrwSYb8+ZQWCZ3l+w=,/jsEok/5m0TKdvjg+BWKrj0oMtQ=
253,-44,vyDPRuj+V8wrwSYb8+ZQWCZ3l+w=,/jsEok/5m0TKdvjg+BWKrj0oMtQ=
255,-41,vyDPRuj+V8wrwSYb8+ZQWCZ3l+w=,/jsEok/5m0TKdvjg+BWKrj0oMtQ=
255,-40,vyDPRuj+V8wrwSYb8+ZQWCZ3l+w=,2Q8GmLg8faBBfDOzbK9SsaJlKbw=
255,-44,vyDPRuj+V8wrwSYb8+ZQWCZ3l+w=,/jsEok/5m0TKdvjg+BWKrj0oMtQ=
255,-38,vyDPRuj+V8wrwSYb8+ZQWCZ3l+w=,2Q8GmLg8faBBfDOzbK9SsaJlKbw=
254,-44,vyDPRuj+V8wrwSYb8+ZQWCZ3l+w=,/jsEok/5m0TKdvjg+BWKrj0oMtQ=
255,-37,vyDPRuj+V8wrwSYb8+ZQWCZ3l+w=,2Q8GmLg8faBBfDOzbK9SsaJlKbw=
252,-43,vyDPRuj+V8wrwSYb8+ZQWCZ3l+w=,/jsEok/5m0TKdvjg+BWKrj0oMtQ=
254,-39,vyDPRuj+V8wrwSYb8+ZQWCZ3l+w=,2Q8GmLg8faBBfDOzbK9SsaJlKbw=
255,-39,vyDPRuj+V8wrwSYb8+ZQWCZ3l+w=,2Q8GmLg8faBBfDOzbK9SsaJlKbw=
253,-43,vyDPRuj+V8wrwSYb8+ZQWCZ3l+w=,/jsEok/5m0TKdvjg+BWKrj0oMtQ=
252,-37,vyDPRuj+V8wrwSYb8+ZQWCZ3l+w=,2Q8GmLg8faBBfDOzbK9SsaJlKbw=
253,-40,vyDPRuj+V8wrwSYb8+ZQWCZ3l+w=,2Q8GmLg8faBBfDOzbK9SsaJlKbw=
254,-43,vyDPRuj+V8wrwSYb8+ZQWCZ3l+w=,/jsEok/5m0TKdvjg+BWKrj0oMtQ=
248,-48,vyDPRuj+V8wrwSYb8+ZQWCZ3l+w=,/jsEok/5m0TKdvjg+BWKrj0oMtQ=
252,-38,vyDPRuj+V8wrwSYb8+ZQWCZ3l+w=,2Q8GmLg8faBBfDOzbK9SsaJlKbw=
254,-40,vyDPRuj+V8wrwSYb8+ZQWCZ3l+w=,2Q8GmLg8faBBfDOzbK9SsaJlKbw=
253,-38,vyDPRuj+V8wrwSYb8+ZQWCZ3l+w=,2Q8GmLg8faBBfDOzbK9SsaJlKbw=
254,-41,vyDPRuj+V8wrwSYb8+ZQWCZ3l+w=,/jsEok/5m0TKdvjg+BWKrj0oMtQ=
253,-41,vyDPRuj+V8wrwSYb8+ZQWCZ3l+w=,/jsEok/5m0TKdvjg+BWKrj0oMtQ=
255,-43,vyDPRuj+V8wrwSYb8+ZQWCZ3l+w=,/jsEok/5m0TKdvjg+BWKrj0oMtQ=
253,-39,vyDPRuj+V8wrwSYb8+ZQWCZ3l+w=,2Q8GmLg8faBBfDOzbK9SsaJlKbw=
254,-38,vyDPRuj+V8wrwSYb8+ZQWCZ3l+w=,2Q8GmLg8faBBfDOzbK9SsaJlKbw=
252,-39,vyDPRuj+V8wrwSYb8+ZQWCZ3l+w=,2Q8GmLg8faBBfDOzbK9SsaJlKbw=
253,-37,vyDPRuj+V8wrwSYb8+ZQWCZ3l+w=,2Q8GmLg8faBBfDOzbK9SsaJlKbw=
248,-45,vyDPRuj+V8wrwSYb8+ZQWCZ3l+w=,/jsEok/5m0TKdvjg+BWKrj0oMtQ=
254,-37,vyDPRuj+V8wrwSYb8+ZQWCZ3l+w=,2Q8GmLg8faBBfDOzbK9SsaJlKbw=
252,-40,vyDPRuj+V8wrwSYb8+ZQWCZ3l+w=,2Q8GmLg8faBBfDOzbK9SsaJlKbw=
254,-42,vyDPRuj+V8wrwSYb8+ZQWCZ3l+w=,/jsEok/5m0TKdvjg+BWKrj0oMtQ=
255,-42,vyDPRuj+V8wrwSYb8+ZQWCZ3l+w=,/jsEok/5m0TKdvjg+BWKrj0oMtQ=
253,-42,vyDPRuj+V8wrwSYb8+ZQWCZ3l+w=,/jsEok/5m0TKdvjg+BWKrj0oMtQ=
244,-48,vyDPRuj+V8wrwSYb8+ZQWCZ3l+w=,xMoyFx+J8g6WzOcBSG100jD3Hdk=
246,-47,vyDPRuj+V8wrwSYb8+ZQWCZ3l+w=,xMoyFx+J8g6WzOcBSG100jD3Hdk=
248,-47,vyDPRuj+V8wrwSYb8+ZQWCZ3l+w=,/jsEok/5m0TKdvjg+BWKrj0oMtQ=
244,-47,vyDPRuj+V8wrwSYb8+ZQWCZ3l+w=,xMoyFx+J8g6WzOcBSG100jD3Hdk=
245,-47,vyDPRuj+V8wrwSYb8+ZQWCZ3l+w=,xMoyFx+J8g6WzOcBSG100jD3Hdk=
252,-42,vyDPRuj+V8wrwSYb8+ZQWCZ3l+w=,/jsEok/5m0TKdvjg+BWKrj0oMtQ=
244,-46,vyDPRuj+V8wrwSYb8+ZQWCZ3l+w=,xMoyFx+J8g6WzOcBSG100jD3Hdk=
249,-45,vyDPRuj+V8wrwSYb8+ZQWCZ3l+w=,/jsEok/5m0TKdvjg+BWKrj0oMtQ=
245,-46,vyDPRuj+V8wrwSYb8+ZQWCZ3l+w=,xMoyFx+J8g6WzOcBSG100jD3Hdk=
246,-46,vyDPRuj+V8wrwSYb8+ZQWCZ3l+w=,xMoyFx+J8g6WzOcBSG100jD3Hdk=
244,-45,vyDPRuj+V8wrwSYb8+ZQWCZ3l+w=,xMoyFx+J8g6WzOcBSG100jD3Hdk=
245,-45,vyDPRuj+V8wrwSYb8+ZQWCZ3l+w=,xMoyFx+J8g6WzOcBSG100jD3Hdk=
246,-45,vyDPRuj+V8wrwSYb8+ZQWCZ3l+w=,xMoyFx+J8g6WzOcBSG100jD3Hdk=
247,-47,vyDPRuj+V8wrwSYb8+ZQWCZ3l+w=,xMoyFx+J8g6WzOcBSG100jD3Hdk=
249,-47,vyDPRuj+V8wrwSYb8+ZQWCZ3l+w=,/jsEok/5m0TKdvjg+BWKrj0oMtQ=
247,-46,vyDPRuj+V8wrwSYb8+ZQWCZ3l+w=,xMoyFx+J8g6WzOcBSG100jD3Hdk=
247,-45,vyDPRuj+V8wrwSYb8+ZQWCZ3l+w=,xMoyFx+J8g6WzOcBSG100jD3Hdk=
246,-48,vyDPRuj+V8wrwSYb8+ZQWCZ3l+w=,xMoyFx+J8g6WzOcBSG100jD3Hdk=
250,-45,vyDPRuj+V8wrwSYb8+ZQWCZ3l+w=,/jsEok/5m0TKdvjg+BWKrj0oMtQ=
249,-46,vyDPRuj+V8wrwSYb8+ZQWCZ3l+w=,/jsEok/5m0TKdvjg+BWKrj0oMtQ=
250,-46,vyDPRuj+V8wrwSYb8+ZQWCZ3l+w=,/jsEok/5m0TKdvjg+BWKrj0oMtQ=
251,-47,vyDPRuj+V8wrwSYb8+ZQWCZ3l+w=,/jsEok/5m0TKdvjg+BWKrj0oMtQ=
251,-48,vyDPRuj+V8wrwSYb8+ZQWCZ3l+w=,/jsEok/5m0TKdvjg+BWKrj0oMtQ=
251,-46,vyDPRuj+V8wrwSYb8+ZQWCZ3l+w=,/jsEok/5m0TKdvjg+BWKrj0oMtQ=
250,-47,vyDPRuj+V8wrwSYb8+ZQWCZ3l+w=,/jsEok/5m0TKdvjg+BWKrj0oMtQ=
251,-45,vyDPRuj+V8wrwSYb8+ZQWCZ3l+w=,/jsEok/5m0TKdvjg+BWKrj0oMtQ=
249,-48,vyDPRuj+V8wrwSYb8+ZQWCZ3l+w=,/jsEok/5m0TKdvjg+BWKrj0oMtQ=
247,-48,vyDPRuj+V8wrwSYb8+ZQWCZ3l+w=,xMoyFx+J8g6WzOcBSG100jD3Hdk=
250,-48,vyDPRuj+V8wrwSYb8+ZQWCZ3l+w=,/jsEok/5m0TKdvjg+BWKrj0oMtQ=
252,-41,vyDPRuj+V8wrwSYb8+ZQWCZ3l+w=,/jsEok/5m0TKdvjg+BWKrj0oMtQ=
248,-46,vyDPRuj+V8wrwSYb8+ZQWCZ3l+w=,/jsEok/5m0TKdvjg+BWKrj0oMtQ=
245,-48,vyDPRuj+V8wrwSYb8+ZQWCZ3l+w=,xMoyFx+J8g6WzOcBSG100jD3Hdk=
240,-48,vyDPRuj+V8wrwSYb8+ZQWCZ3l+w=,xMoyFx+J8g6WzOcBSG100jD3Hdk=
240,-41,vyDPRuj+V8wrwSYb8+ZQWCZ3l+w=,xMoyFx+J8g6WzOcBSG100jD3Hdk=
241,-39,vyDPRuj+V8wrwSYb8+ZQWCZ3l+w=,Tq7XL8wtSJgC+l7soN5sJNMfMuo=
242,-39,vyDPRuj+V8wrwSYb8+ZQWCZ3l+w=,Tq7XL8wtSJgC+l7soN5sJNMfMuo=
243,-39,vyDPRuj+V8wrwSYb8+ZQWCZ3l+w=,Tq7XL8wtSJgC+l7soN5sJNMfMuo=
242,-38,vyDPRuj+V8wrwSYb8+ZQWCZ3l+w=,Tq7XL8wtSJgC+l7soN5sJNMfMuo=
241,-38,vyDPRuj+V8wrwSYb8+ZQWCZ3l+w=,Tq7XL8wtSJgC+l7soN5sJNMfMuo=
240,-42,vyDPRuj+V8wrwSYb8+ZQWCZ3l+w=,xMoyFx+J8g6WzOcBSG100jD3Hdk=
241,-37,vyDPRuj+V8wrwSYb8+ZQWCZ3l+w=,Tq7XL8wtSJgC+l7soN5sJNMfMuo=
242,-37,vyDPRuj+V8wrwSYb8+ZQWCZ3l+w=,Tq7XL8wtSJgC+l7soN5sJNMfMuo=
243,-37,vyDPRuj+V8wrwSYb8+ZQWCZ3l+w=,Tq7XL8wtSJgC+l7soN5sJNMfMuo=
242,-40,vyDPRuj+V8wrwSYb8+ZQWCZ3l+w=,Tq7XL8wtSJgC+l7soN5sJNMfMuo=
241,-40,vyDPRuj+V8wrwSYb8+ZQWCZ3l+w=,Tq7XL8wtSJgC+l7soN5sJNMfMuo=
243,-40,vyDPRuj+V8wrwSYb8+ZQWCZ3l+w=,Tq7XL8wtSJgC+l7soN5sJNMfMuo=
241,-46,vyDPRuj+V8wrwSYb8+ZQWCZ3l+w=,xMoyFx+J8g6WzOcBSG100jD3Hdk=
240,-43,vyDPRuj+V8wrwSYb8+ZQWCZ3l+w=,xMoyFx+J8g6WzOcBSG100jD3Hdk=
242,-46,vyDPRuj+V8wrwSYb8+ZQWCZ3l+w=,xMoyFx+J8g6WzOcBSG100jD3Hdk=
243,-46,vyDPRuj+V8wrwSYb8+ZQWCZ3l+w=,xMoyFx+J8g6WzOcBSG100jD3Hdk=
241,-45,vyDPRuj+V8wrwSYb8+ZQWCZ3l+w=,xMoyFx+J8g6WzOcBSG100jD3Hdk=
243,-45,vyDPRuj+V8wrwSYb8+ZQWCZ3l+w=,xMoyFx+J8g6WzOcBSG100jD3Hdk=
242,-45,vyDPRuj+V8wrwSYb8+ZQWCZ3l+w=,xMoyFx+J8g6WzOcBSG100jD3Hdk=
241,-44,vyDPRuj+V8wrwSYb8+ZQWCZ3l+w=,xMoyFx+J8g6WzOcBSG100jD3Hdk=
240,-47,vyDPRuj+V8wrwSYb8+ZQWCZ3l+w=,xMoyFx+J8g6WzOcBSG100jD3Hdk=
240,-44,vyDPRuj+V8wrwSYb8+ZQWCZ3l+w=,xMoyFx+J8g6WzOcBSG100jD3Hdk=
243,-38,vyDPRuj+V8wrwSYb8+ZQWCZ3l+w=,Tq7XL8wtSJgC+l7soN5sJNMfMuo=
242,-43,vyDPRuj+V8wrwSYb8+ZQWCZ3l+w=,xMoyFx+J8g6WzOcBSG100jD3Hdk=
243,-43,vyDPRuj+V8wrwSYb8+ZQWCZ3l+w=,xMoyFx+J8g6WzOcBSG100jD3Hdk=
241,-42,vyDPRuj+V8wrwSYb8+ZQWCZ3l+w=,xMoyFx+J8g6WzOcBSG100jD3Hdk=
243,-42,vyDPRuj+V8wrwSYb8+ZQWCZ3l+w=,xMoyFx+J8g6WzOcBSG100jD3Hdk=
242,-42,vyDPRuj+V8wrwSYb8+ZQWCZ3l+w=,xMoyFx+J8g6WzOcBSG100jD3Hdk=
243,-44,vyDPRuj+V8wrwSYb8+ZQWCZ3l+w=,xMoyFx+J8g6WzOcBSG100jD3Hdk=
241,-41,vyDPRuj+V8wrwSYb8+ZQWCZ3l+w=,xMoyFx+J8g6WzOcBSG100jD3Hdk=
242,-44,vyDPRuj+V8wrwSYb8+ZQWCZ3l+w=,xMoyFx+J8g6WzOcBSG100jD3Hdk=
241,-43,vyDPRuj+V8wrwSYb8+ZQWCZ3l+w=,xMoyFx+J8g6WzOcBSG100jD3Hdk=
240,-45,vyDPRuj+V8wrwSYb8+ZQWCZ3l+w=,xMoyFx+J8g6WzOcBSG100jD3Hdk=
242,-41,vyDPRuj+V8wrwSYb8+ZQWCZ3l+w=,xMoyFx+J8g6WzOcBSG100jD3Hdk=
243,-41,vyDPRuj+V8wrwSYb8+ZQWCZ3l+w=,xMoyFx+J8g6WzOcBSG100jD3Hdk=
241,-47,vyDPRuj+V8wrwSYb8+ZQWCZ3l+w=,xMoyFx+J8g6WzOcBSG100jD3Hdk=
242,-47,vyDPRuj+V8wrwSYb8+ZQWCZ3l+w=,xMoyFx+J8g6WzOcBSG100jD3Hdk=
243,-47,vyDPRuj+V8wrwSYb8+ZQWCZ3l+w=,xMoyFx+J8g6WzOcBSG100jD3Hdk=
240,-38,vyDPRuj+V8wrwSYb8+ZQWCZ3l+w=,Tq7XL8wtSJgC+l7soN5sJNMfMuo=
240,-37,vyDPRuj+V8wrwSYb8+ZQWCZ3l+w=,Tq7XL8wtSJgC+l7soN5sJNMfMuo=
240,-46,vyDPRuj+V8wrwSYb8+ZQWCZ3l+w=,xMoyFx+J8g6WzOcBSG100jD3Hdk=
243,-48,vyDPRuj+V8wrwSYb8+ZQWCZ3l+w=,xMoyFx+J8g6WzOcBSG100jD3Hdk=
241,-48,vyDPRuj+V8wrwSYb8+ZQWCZ3l+w=,xMoyFx+J8g6WzOcBSG100jD3Hdk=
242,-48,vyDPRuj+V8wrwSYb8+ZQWCZ3l+w=,xMoyFx+J8g6WzOcBSG100jD3Hdk=
240,-39,vyDPRuj+V8wrwSYb8+ZQWCZ3l+w=,Tq7XL8wtSJgC+l7soN5sJNMfMuo=
240,-40,vyDPRuj+V8wrwSYb8+ZQWCZ3l+w=,Tq7XL8wtSJgC+l7soN5sJNMfMuo=
240,-33,vyDPRuj+V8wrwSYb8+ZQWCZ3l+w=,Tq7XL8wtSJgC+l7soN5sJNMfMuo=
241,-33,vyDPRuj+V8wrwSYb8+ZQWCZ3l+w=,Tq7XL8wtSJgC+l7soN5sJNMfMuo=
242,-33,vyDPRuj+V8wrwSYb8+ZQWCZ3l+w=,Tq7XL8wtSJgC+l7soN5sJNMfMuo=
243,-33,vyDPRuj+V8wrwSYb8+ZQWCZ3l+w=,Tq7XL8wtSJgC+l7soN5sJNMfMuo=
241,-36,vyDPRuj+V8wrwSYb8+ZQWCZ3l+w=,Tq7XL8wtSJgC+l7soN5sJNMfMuo=
242,-36,vyDPRuj+V8wrwSYb8+ZQWCZ3l+w=,Tq7XL8wtSJgC+l7soN5sJNMfMuo=
243,-36,vyDPRuj+V8wrwSYb8+ZQWCZ3l+w=,Tq7XL8wtSJgC+l7soN5sJNMfMuo=
241,-35,vyDPRuj+V8wrwSYb8+ZQWCZ3l+w=,Tq7XL8wtSJgC+l7soN5sJNMfMuo=
243,-35,vyDPRuj+V8wrwSYb8+ZQWCZ3l+w=,Tq7XL8wtSJgC+l7soN5sJNMfMuo=
241,-34,vyDPRuj+V8wrwSYb8+ZQWCZ3l+w=,Tq7XL8wtSJgC+l7soN5sJNMfMuo=
243,-34,vyDPRuj+V8wrwSYb8+ZQWCZ3l+w=,Tq7XL8wtSJgC+l7soN5sJNMfMuo=
242,-34,vyDPRuj+V8wrwSYb8+ZQWCZ3l+w=,Tq7XL8wtSJgC+l7soN5sJNMfMuo=
240,-36,vyDPRuj+V8wrwSYb8+ZQWCZ3l+w=,Tq7XL8wtSJgC+l7soN5sJNMfMuo=
240,-35,vyDPRuj+V8wrwSYb8+ZQWCZ3l+w=,Tq7XL8wtSJgC+l7soN5sJNMfMuo=
240,-34,vyDPRuj+V8wrwSYb8+ZQWCZ3l+w=,Tq7XL8wtSJgC+l7soN5sJNMfMuo=
242,-35,vyDPRuj+V8wrwSYb8+ZQWCZ3l+w=,Tq7XL8wtSJgC+l7soN5sJNMfMuo=
250,-36,vyDPRuj+V8wrwSYb8+ZQWCZ3l+w=,2Q8GmLg8faBBfDOzbK9SsaJlKbw=
254,-35,kpxN3s8lbS5gS/dTywRv6DQn5ho=,2Q8GmLg8faBBfDOzbK9SsaJlKbw=
252,-36,kpxN3s8lbS5gS/dTywRv6DQn5ho=,2Q8GmLg8faBBfDOzbK9SsaJlKbw=
250,-33,kpxN3s8lbS5gS/dTywRv6DQn5ho=,2Q8GmLg8faBBfDOzbK9SsaJlKbw=
253,-36,kpxN3s8lbS5gS/dTywRv6DQn5ho=,2Q8GmLg8faBBfDOzbK9SsaJlKbw=
254,-36,kpxN3s8lbS5gS/dTywRv6DQn5ho=,2Q8GmLg8faBBfDOzbK9SsaJlKbw=
250,-34,kpxN3s8lbS5gS/dTywRv6DQn5ho=,2Q8GmLg8faBBfDOzbK9SsaJlKbw=
252,-34,kpxN3s8lbS5gS/dTywRv6DQn5ho=,2Q8GmLg8faBBfDOzbK9SsaJlKbw=
254,-34,kpxN3s8lbS5gS/dTywRv6DQn5ho=,2Q8GmLg8faBBfDOzbK9SsaJlKbw=
251,-33,kpxN3s8lbS5gS/dTywRv6DQn5ho=,2Q8GmLg8faBBfDOzbK9SsaJlKbw=
251,-34,kpxN3s8lbS5gS/dTywRv6DQn5ho=,2Q8GmLg8faBBfDOzbK9SsaJlKbw=
249,-33,kpxN3s8lbS5gS/dTywRv6DQn5ho=,2Q8GmLg8faBBfDOzbK9SsaJlKbw=
253,-34,kpxN3s8lbS5gS/dTywRv6DQn5ho=,2Q8GmLg8faBBfDOzbK9SsaJlKbw=
249,-35,kpxN3s8lbS5gS/dTywRv6DQn5ho=,2Q8GmLg8faBBfDOzbK9SsaJlKbw=
252,-35,kpxN3s8lbS5gS/dTywRv6DQn5ho=,2Q8GmLg8faBBfDOzbK9SsaJlKbw=
249,-34,kpxN3s8lbS5gS/dTywRv6DQn5ho=,2Q8GmLg8faBBfDOzbK9SsaJlKbw=
250,-35,kpxN3s8lbS5gS/dTywRv6DQn5ho=,2Q8GmLg8faBBfDOzbK9SsaJlKbw=
251,-35,kpxN3s8lbS5gS/dTywRv6DQn5ho=,2Q8GmLg8faBBfDOzbK9SsaJlKbw=
249,-36,kpxN3s8lbS5gS/dTywRv6DQn5ho=,2Q8GmLg8faBBfDOzbK9SsaJlKbw=
251,-36,kpxN3s8lbS5gS/dTywRv6DQn5ho=,2Q8GmLg8faBBfDOzbK9SsaJlKbw=
244,-34,kpxN3s8lbS5gS/dTywRv6DQn5ho=,Tq7XL8wtSJgC+l7soN5sJNMfMuo=
253,-35,kpxN3s8lbS5gS/dTywRv6DQn5ho=,2Q8GmLg8faBBfDOzbK9SsaJlKbw=
245,-34,kpxN3s8lbS5gS/dTywRv6DQn5ho=,Tq7XL8wtSJgC+l7soN5sJNMfMuo=
252,-33,kpxN3s8lbS5gS/dTywRv6DQn5ho=,2Q8GmLg8faBBfDOzbK9SsaJlKbw=
244,-33,kpxN3s8lbS5gS/dTywRv6DQn5ho=,Tq7XL8wtSJgC+l7soN5sJNMfMuo=
246,-33,kpxN3s8lbS5gS/dTywRv6DQn5ho=,Tq7XL8wtSJgC+l7soN5sJNMfMuo=
246,-34,kpxN3s8lbS5gS/dTywRv6DQn5ho=,Tq7XL8wtSJgC+l7soN5sJNMfMuo=
245,-33,kpxN3s8lbS5gS/dTywRv6DQn5ho=,Tq7XL8wtSJgC+l7soN5sJNMfMuo=
248,-34,kpxN3s8lbS5gS/dTywRv6DQn5ho=,2Q8GmLg8faBBfDOzbK9SsaJlKbw=
244,-36,kpxN3s8lbS5gS/dTywRv6DQn5ho=,Tq7XL8wtSJgC+l7soN5sJNMfMuo=
248,-36,kpxN3s8lbS5gS/dTywRv6DQn5ho=,2Q8GmLg8faBBfDOzbK9SsaJlKbw=
245,-36,kpxN3s8lbS5gS/dTywRv6DQn5ho=,Tq7XL8wtSJgC+l7soN5sJNMfMuo=
246,-36,kpxN3s8lbS5gS/dTywRv6DQn5ho=,Tq7XL8wtSJgC+l7soN5sJNMfMuo=
248,-35,kpxN3s8lbS5gS/dTywRv6DQn5ho=,2Q8GmLg8faBBfDOzbK9SsaJlKbw=
244,-35,kpxN3s8lbS5gS/dTywRv6DQn5ho=,Tq7XL8wtSJgC+l7soN5sJNMfMuo=
247,-36,kpxN3s8lbS5gS/dTywRv6DQn5ho=,Tq7XL8wtSJgC+l7soN5sJNMfMuo=
246,-35,kpxN3s8lbS5gS/dTywRv6DQn5ho=,Tq7XL8wtSJgC+l7soN5sJNMfMuo=
247,-35,kpxN3s8lbS5gS/dTywRv6DQn5ho=,Tq7XL8wtSJgC+l7soN5sJNMfMuo=
254,-33,kpxN3s8lbS5gS/dTywRv6DQn5ho=,2Q8GmLg8faBBfDOzbK9SsaJlKbw=
245,-35,kpxN3s8lbS5gS/dTywRv6DQn5ho=,Tq7XL8wtSJgC+l7soN5sJNMfMuo=
255,-35,kpxN3s8lbS5gS/dTywRv6DQn5ho=,2Q8GmLg8faBBfDOzbK9SsaJlKbw=
255,-36,kpxN3s8lbS5gS/dTywRv6DQn5ho=,2Q8GmLg8faBBfDOzbK9SsaJlKbw=
255,-34,kpxN3s8lbS5gS/dTywRv6DQn5ho=,2Q8GmLg8faBBfDOzbK9SsaJlKbw=
248,-33,kpxN3s8lbS5gS/dTywRv6DQn5ho=,2Q8GmLg8faBBfDOzbK9SsaJlKbw=
253,-33,kpxN3s8lbS5gS/dTywRv6DQn5ho=,2Q8GmLg8faBBfDOzbK9SsaJlKbw=
255,-33,kpxN3s8lbS5gS/dTywRv6DQn5ho=,2Q8GmLg8faBBfDOzbK9SsaJlKbw=
247,-33,kpxN3s8lbS5gS/dTywRv6DQn5ho=,Tq7XL8wtSJgC+l7soN5sJNMfMuo=
247,-34,kpxN3s8lbS5gS/dTywRv6DQn5ho=,Tq7XL8wtSJgC+l7soN5sJNMfMuo=
248,-56,zgQJ/6uRA46ZR2ooLvG7PhPe9z4=,pRBNvwuoEYQQNGKqGz1V64E+GcU=
244,-56,zgQJ/6uRA46ZR2ooLvG7PhPe9z4=,a7OULcBANP1/sExmDmh5xlfszFI=
245,-55,zgQJ/6uRA46ZR2ooLvG7PhPe9z4=,a7OULcBANP1/sExmDmh5xlfszFI=
246,-55,zgQJ/6uRA46ZR2ooLvG7PhPe9z4=,a7OULcBANP1/sExmDmh5xlfszFI=
244,-55,zgQJ/6uRA46ZR2ooLvG7PhPe9z4=,a7OULcBANP1/sExmDmh5xlfszFI=
244,-54,zgQJ/6uRA46ZR2ooLvG7PhPe9z4=,a7OULcBANP1/sExmDmh5xlfszFI=
245,-54,zgQJ/6uRA46ZR2ooLvG7PhPe9z4=,a7OULcBANP1/sExmDmh5xlfszFI=
246,-54,zgQJ/6uRA46ZR2ooLvG7PhPe9z4=,a7OULcBANP1/sExmDmh5xlfszFI=
244,-53,zgQJ/6uRA46ZR2ooLvG7PhPe9z4=,a7OULcBANP1/sExmDmh5xlfszFI=
245,-53,zgQJ/6uRA46ZR2ooLvG7PhPe9z4=,a7OULcBANP1/sExmDmh5xlfszFI=
246,-53,zgQJ/6uRA46ZR2ooLvG7PhPe9z4=,a7OULcBANP1/sExmDmh5xlfszFI=
247,-55,zgQJ/6uRA46ZR2ooLvG7PhPe9z4=,a7OULcBANP1/sExmDmh5xlfszFI=
247,-53,zgQJ/6uRA46ZR2ooLvG7PhPe9z4=,a7OULcBANP1/sExmDmh5xlfszFI=
247,-54,zgQJ/6uRA46ZR2ooLvG7PhPe9z4=,a7OULcBANP1/sExmDmh5xlfszFI=
244,-59,zgQJ/6uRA46ZR2ooLvG7PhPe9z4=,m7sVlVbbxQ/5LMMM7KsyfgNGyMg=
248,-59,zgQJ/6uRA46ZR2ooLvG7PhPe9z4=,zkZi945TipPOXe3+2hbTNlk0pSg=
247,-59,zgQJ/6uRA46ZR2ooLvG7PhPe9z4=,m7sVlVbbxQ/5LMMM7KsyfgNGyMg=
246,-59,zgQJ/6uRA46ZR2ooLvG7PhPe9z4=,m7sVlVbbxQ/5LMMM7KsyfgNGyMg=
248,-60,zgQJ/6uRA46ZR2ooLvG7PhPe9z4=,zkZi945TipPOXe3+2hbTNlk0pSg=
247,-60,zgQJ/6uRA46ZR2ooLvG7PhPe9z4=,m7sVlVbbxQ/5LMMM7KsyfgNGyMg=
245,-59,zgQJ/6uRA46ZR2ooLvG7PhPe9z4=,m7sVlVbbxQ/5LMMM7KsyfgNGyMg=
246,-60,zgQJ/6uRA46ZR2ooLvG7PhPe9z4=,m7sVlVbbxQ/5LMMM7KsyfgNGyMg=
245,-60,zgQJ/6uRA46ZR2ooLvG7PhPe9z4=,m7sVlVbbxQ/5LMMM7KsyfgNGyMg=
249,-60,zgQJ/6uRA46ZR2ooLvG7PhPe9z4=,zkZi945TipPOXe3+2hbTNlk0pSg=
250,-60,zgQJ/6uRA46ZR2ooLvG7PhPe9z4=,zkZi945TipPOXe3+2hbTNlk0pSg=
247,-56,zgQJ/6uRA46ZR2ooLvG7PhPe9z4=,a7OULcBANP1/sExmDmh5xlfszFI=
244,-60,zgQJ/6uRA46ZR2ooLvG7PhPe9z4=,m7sVlVbbxQ/5LMMM7KsyfgNGyMg=
246,-56,zgQJ/6uRA46ZR2ooLvG7PhPe9z4=,a7OULcBANP1/sExmDmh5xlfszFI=
249,-59,zgQJ/6uRA46ZR2ooLvG7PhPe9z4=,zkZi945TipPOXe3+2hbTNlk0pSg=
251,-60,zgQJ/6uRA46ZR2ooLvG7PhPe9z4=,zkZi945TipPOXe3+2hbTNlk0pSg=
248,-58,zgQJ/6uRA46ZR2ooLvG7PhPe9z4=,zkZi945TipPOXe3+2hbTNlk0pSg=
245,-56,zgQJ/6uRA46ZR2ooLvG7PhPe9z4=,a7OULcBANP1/sExmDmh5xlfszFI=
250,-59,zgQJ/6uRA46ZR2ooLvG7PhPe9z4=,zkZi945TipPOXe3+2hbTNlk0pSg=
251,-59,zgQJ/6uRA46ZR2ooLvG7PhPe9z4=,zkZi945TipPOXe3+2hbTNlk0pSg=
248,-54,zgQJ/6uRA46ZR2ooLvG7PhPe9z4=,pRBNvwuoEYQQNGKqGz1V64E+GcU=
249,-54,zgQJ/6uRA46ZR2ooLvG7PhPe9z4=,pRBNvwuoEYQQNGKqGz1V64E+GcU=
249,-58,zgQJ/6uRA46ZR2ooLvG7PhPe9z4=,zkZi945TipPOXe3+2hbTNlk0pSg=
251,-54,zgQJ/6uRA46ZR2ooLvG7PhPe9z4=,pRBNvwuoEYQQNGKqGz1V64E+GcU=
250,-54,zgQJ/6uRA46ZR2ooLvG7PhPe9z4=,pRBNvwuoEYQQNGKqGz1V64E+GcU=
251,-58,zgQJ/6uRA46ZR2ooLvG7PhPe9z4=,zkZi945TipPOXe3+2hbTNlk0pSg=
250,-58,zgQJ/6uRA46ZR2ooLvG7PhPe9z4=,zkZi945TipPOXe3+2hbTNlk0pSg=
249,-57,zgQJ/6uRA46ZR2ooLvG7PhPe9z4=,zkZi945TipPOXe3+2hbTNlk0pSg=
248,-55,zgQJ/6uRA46ZR2ooLvG7PhPe9z4=,pRBNvwuoEYQQNGKqGz1V64E+GcU=
249,-55,zgQJ/6uRA46ZR2ooLvG7PhPe9z4=,pRBNvwuoEYQQNGKqGz1V64E+GcU=
250,-55,zgQJ/6uRA46ZR2ooLvG7PhPe9z4=,pRBNvwuoEYQQNGKqGz1V64E+GcU=
251,-55,zgQJ/6uRA46ZR2ooLvG7PhPe9z4=,pRBNvwuoEYQQNGKqGz1V64E+GcU=
251,-57,zgQJ/6uRA46ZR2ooLvG7PhPe9z4=,zkZi945TipPOXe3+2hbTNlk0pSg=
244,-58,zgQJ/6uRA46ZR2ooLvG7PhPe9z4=,m7sVlVbbxQ/5LMMM7KsyfgNGyMg=
250,-53,zgQJ/6uRA46ZR2ooLvG7PhPe9z4=,pRBNvwuoEYQQNGKqGz1V64E+GcU=
245,-57,zgQJ/6uRA46ZR2ooLvG7PhPe9z4=,m7sVlVbbxQ/5LMMM7KsyfgNGyMg=
244,-57,zgQJ/6uRA46ZR2ooLvG7PhPe9z4=,m7sVlVbbxQ/5LMMM7KsyfgNGyMg=
246,-57,zgQJ/6uRA46ZR2ooLvG7PhPe9z4=,m7sVlVbbxQ/5LMMM7KsyfgNGyMg=
250,-57,zgQJ/6uRA46ZR2ooLvG7PhPe9z4=,zkZi945TipPOXe3+2hbTNlk0pSg=
247,-57,zgQJ/6uRA46ZR2ooLvG7PhPe9z4=,m7sVlVbbxQ/5LMMM7KsyfgNGyMg=
248,-53,zgQJ/6uRA46ZR2ooLvG7PhPe9z4=,pRBNvwuoEYQQNGKqGz1V64E+GcU=
251,-53,zgQJ/6uRA46ZR2ooLvG7PhPe9z4=,pRBNvwuoEYQQNGKqGz1V64E+GcU=
250,-56,zgQJ/6uRA46ZR2ooLvG7PhPe9z4=,pRBNvwuoEYQQNGKqGz1V64E+GcU=
248,-57,zgQJ/6uRA46ZR2ooLvG7PhPe9z4=,zkZi945TipPOXe3+2hbTNlk0pSg=
247,-58,zgQJ/6uRA46ZR2ooLvG7PhPe9z4=,m7sVlVbbxQ/5LMMM7KsyfgNGyMg=
249,-53,zgQJ/6uRA46ZR2ooLvG7PhPe9z4=,pRBNvwuoEYQQNGKqGz1V64E+GcU=
251,-56,zgQJ/6uRA46ZR2ooLvG7PhPe9z4=,pRBNvwuoEYQQNGKqGz1V64E+GcU=
246,-58,zgQJ/6uRA46ZR2ooLvG7PhPe9z4=,m7sVlVbbxQ/5LMMM7KsyfgNGyMg=
249,-56,zgQJ/6uRA46ZR2ooLvG7PhPe9z4=,pRBNvwuoEYQQNGKqGz1V64E+GcU=
245,-58,zgQJ/6uRA46ZR2ooLvG7PhPe9z4=,m7sVlVbbxQ/5LMMM7KsyfgNGyMg=
248,-64,jNwynClOgB2oEQKKzu5eDWqMVwA=,zkZi945TipPOXe3+2hbTNlk0pSg=
240,-64,jNwynClOgB2oEQKKzu5eDWqMVwA=,m7sVlVbbxQ/5LMMM7KsyfgNGyMg=
244,-63,jNwynClOgB2oEQKKzu5eDWqMVwA=,m7sVlVbbxQ/5LMMM7KsyfgNGyMg=
245,-63,jNwynClOgB2oEQKKzu5eDWqMVwA=,m7sVlVbbxQ/5LMMM7KsyfgNGyMg=
247,-63,jNwynClOgB2oEQKKzu5eDWqMVwA=,m7sVlVbbxQ/5LMMM7KsyfgNGyMg=
246,-63,jNwynClOgB2oEQKKzu5eDWqMVwA=,m7sVlVbbxQ/5LMMM7KsyfgNGyMg=
241,-62,jNwynClOgB2oEQKKzu5eDWqMVwA=,m7sVlVbbxQ/5LMMM7KsyfgNGyMg=
248,-61,jNwynClOgB2oEQKKzu5eDWqMVwA=,zkZi945TipPOXe3+2hbTNlk0pSg=
243,-62,jNwynClOgB2oEQKKzu5eDWqMVwA=,m7sVlVbbxQ/5LMMM7KsyfgNGyMg=
244,-62,jNwynClOgB2oEQKKzu5eDWqMVwA=,m7sVlVbbxQ/5LMMM7KsyfgNGyMg=
247,-62,jNwynClOgB2oEQKKzu5eDWqMVwA=,m7sVlVbbxQ/5LMMM7KsyfgNGyMg=
246,-62,jNwynClOgB2oEQKKzu5eDWqMVwA=,m7sVlVbbxQ/5LMMM7KsyfgNGyMg=
241,-61,jNwynClOgB2oEQKKzu5eDWqMVwA=,m7sVlVbbxQ/5LMMM7KsyfgNGyMg=
248,-62,jNwynClOgB2oEQKKzu5eDWqMVwA=,zkZi945TipPOXe3+2hbTNlk0pSg=
245,-62,jNwynClOgB2oEQKKzu5eDWqMVwA=,m7sVlVbbxQ/5LMMM7KsyfgNGyMg=
242,-61,jNwynClOgB2oEQKKzu5eDWqMVwA=,m7sVlVbbxQ/5LMMM7KsyfgNGyMg=
243,-61,jNwynClOgB2oEQKKzu5eDWqMVwA=,m7sVlVbbxQ/5LMMM7KsyfgNGyMg=
240,-57,jNwynClOgB2oEQKKzu5eDWqMVwA=,m7sVlVbbxQ/5LMMM7KsyfgNGyMg=
250,-63,jNwynClOgB2oEQKKzu5eDWqMVwA=,zkZi945TipPOXe3+2hbTNlk0pSg=
251,-63,jNwynClOgB2oEQKKzu5eDWqMVwA=,zkZi945TipPOXe3+2hbTNlk0pSg=
244,-61,jNwynClOgB2oEQKKzu5eDWqMVwA=,m7sVlVbbxQ/5LMMM7KsyfgNGyMg=
242,-62,jNwynClOgB2oEQKKzu5eDWqMVwA=,m7sVlVbbxQ/5LMMM7KsyfgNGyMg=
248,-63,jNwynClOgB2oEQKKzu5eDWqMVwA=,zkZi945TipPOXe3+2hbTNlk0pSg=
243,-63,jNwynClOgB2oEQKKzu5eDWqMVwA=,m7sVlVbbxQ/5LMMM7KsyfgNGyMg=
242,-63,jNwynClOgB2oEQKKzu5eDWqMVwA=,m7sVlVbbxQ/5LMMM7KsyfgNGyMg=
245,-61,jNwynClOgB2oEQKKzu5eDWqMVwA=,m7sVlVbbxQ/5LMMM7KsyfgNGyMg=
240,-58,jNwynClOgB2oEQKKzu5eDWqMVwA=,m7sVlVbbxQ/5LMMM7KsyfgNGyMg=
247,-61,jNwynClOgB2oEQKKzu5eDWqMVwA=,m7sVlVbbxQ/5LMMM7KsyfgNGyMg=
243,-57,jNwynClOgB2oEQKKzu5eDWqMVwA=,m7sVlVbbxQ/5LMMM7KsyfgNGyMg=
251,-64,jNwynClOgB2oEQKKzu5eDWqMVwA=,zkZi945TipPOXe3+2hbTNlk0pSg=
241,-63,jNwynClOgB2oEQKKzu5eDWqMVwA=,m7sVlVbbxQ/5LMMM7KsyfgNGyMg=
242,-57,jNwynClOgB2oEQKKzu5eDWqMVwA=,m7sVlVbbxQ/5LMMM7KsyfgNGyMg=
246,-61,jNwynClOgB2oEQKKzu5eDWqMVwA=,m7sVlVbbxQ/5LMMM7KsyfgNGyMg=
240,-62,jNwynClOgB2oEQKKzu5eDWqMVwA=,m7sVlVbbxQ/5LMMM7KsyfgNGyMg=
241,-49,jNwynClOgB2oEQKKzu5eDWqMVwA=,a7OULcBANP1/sExmDmh5xlfszFI=
240,-61,jNwynClOgB2oEQKKzu5eDWqMVwA=,m7sVlVbbxQ/5LMMM7KsyfgNGyMg=
240,-59,jNwynClOgB2oEQKKzu5eDWqMVwA=,m7sVlVbbxQ/5LMMM7KsyfgNGyMg=
249,-63,jNwynClOgB2oEQKKzu5eDWqMVwA=,zkZi945TipPOXe3+2hbTNlk0pSg=
250,-64,jNwynClOgB2oEQKKzu5eDWqMVwA=,zkZi945TipPOXe3+2hbTNlk0pSg=
243,-58,jNwynClOgB2oEQKKzu5eDWqMVwA=,m7sVlVbbxQ/5LMMM7KsyfgNGyMg=
242,-58,jNwynClOgB2oEQKKzu5eDWqMVwA=,m7sVlVbbxQ/5LMMM7KsyfgNGyMg=
240,-63,jNwynClOgB2oEQKKzu5eDWqMVwA=,m7sVlVbbxQ/5LMMM7KsyfgNGyMg=
241,-57,jNwynClOgB2oEQKKzu5eDWqMVwA=,m7sVlVbbxQ/5LMMM7KsyfgNGyMg=
249,-62,jNwynClOgB2oEQKKzu5eDWqMVwA=,zkZi945TipPOXe3+2hbTNlk0pSg=
241,-58,jNwynClOgB2oEQKKzu5eDWqMVwA=,m7sVlVbbxQ/5LMMM7KsyfgNGyMg=
243,-59,jNwynClOgB2oEQKKzu5eDWqMVwA=,m7sVlVbbxQ/5LMMM7KsyfgNGyMg=
246,-64,jNwynClOgB2oEQKKzu5eDWqMVwA=,m7sVlVbbxQ/5LMMM7KsyfgNGyMg=
249,-64,jNwynClOgB2oEQKKzu5eDWqMVwA=,zkZi945TipPOXe3+2hbTNlk0pSg=
240,-60,jNwynClOgB2oEQKKzu5eDWqMVwA=,m7sVlVbbxQ/5LMMM7KsyfgNGyMg=
241,-59,jNwynClOgB2oEQKKzu5eDWqMVwA=,m7sVlVbbxQ/5LMMM7KsyfgNGyMg=
242,-59,jNwynClOgB2oEQKKzu5eDWqMVwA=,m7sVlVbbxQ/5LMMM7KsyfgNGyMg=
242,-60,jNwynClOgB2oEQKKzu5eDWqMVwA=,m7sVlVbbxQ/5LMMM7KsyfgNGyMg=
247,-64,jNwynClOgB2oEQKKzu5eDWqMVwA=,m7sVlVbbxQ/5LMMM7KsyfgNGyMg=
251,-61,jNwynClOgB2oEQKKzu5eDWqMVwA=,zkZi945TipPOXe3+2hbTNlk0pSg=
242,-64,jNwynClOgB2oEQKKzu5eDWqMVwA=,m7sVlVbbxQ/5LMMM7KsyfgNGyMg=
245,-64,jNwynClOgB2oEQKKzu5eDWqMVwA=,m7sVlVbbxQ/5LMMM7KsyfgNGyMg=
241,-64,jNwynClOgB2oEQKKzu5eDWqMVwA=,m7sVlVbbxQ/5LMMM7KsyfgNGyMg=
244,-64,jNwynClOgB2oEQKKzu5eDWqMVwA=,m7sVlVbbxQ/5LMMM7KsyfgNGyMg=
243,-64,jNwynClOgB2oEQKKzu5eDWqMVwA=,m7sVlVbbxQ/5LMMM7KsyfgNGyMg=
250,-62,jNwynClOgB2oEQKKzu5eDWqMVwA=,zkZi945TipPOXe3+2hbTNlk0pSg=
249,-61,jNwynClOgB2oEQKKzu5eDWqMVwA=,zkZi945TipPOXe3+2hbTNlk0pSg=
241,-60,jNwynClOgB2oEQKKzu5eDWqMVwA=,m7sVlVbbxQ/5LMMM7KsyfgNGyMg=
251,-62,jNwynClOgB2oEQKKzu5eDWqMVwA=,zkZi945TipPOXe3+2hbTNlk0pSg=
243,-60,jNwynClOgB2oEQKKzu5eDWqMVwA=,m7sVlVbbxQ/5LMMM7KsyfgNGyMg=
250,-61,jNwynClOgB2oEQKKzu5eDWqMVwA=,zkZi945TipPOXe3+2hbTNlk0pSg=
242,-49,jNwynClOgB2oEQKKzu5eDWqMVwA=,a7OULcBANP1/sExmDmh5xlfszFI=
240,-50,jNwynClOgB2oEQKKzu5eDWqMVwA=,a7OULcBANP1/sExmDmh5xlfszFI=
243,-49,jNwynClOgB2oEQKKzu5eDWqMVwA=,a7OULcBANP1/sExmDmh5xlfszFI=
240,-51,jNwynClOgB2oEQKKzu5eDWqMVwA=,a7OULcBANP1/sExmDmh5xlfszFI=
241,-55,jNwynClOgB2oEQKKzu5eDWqMVwA=,a7OULcBANP1/sExmDmh5xlfszFI=
242,-54,jNwynClOgB2oEQKKzu5eDWqMVwA=,a7OULcBANP1/sExmDmh5xlfszFI=
241,-54,jNwynClOgB2oEQKKzu5eDWqMVwA=,a7OULcBANP1/sExmDmh5xlfszFI=
243,-54,jNwynClOgB2oEQKKzu5eDWqMVwA=,a7OULcBANP1/sExmDmh5xlfszFI=
240,-52,jNwynClOgB2oEQKKzu5eDWqMVwA=,a7OULcBANP1/sExmDmh5xlfszFI=
242,-55,jNwynClOgB2oEQKKzu5eDWqMVwA=,a7OULcBANP1/sExmDmh5xlfszFI=
243,-55,jNwynClOgB2oEQKKzu5eDWqMVwA=,a7OULcBANP1/sExmDmh5xlfszFI=
243,-53,jNwynClOgB2oEQKKzu5eDWqMVwA=,a7OULcBANP1/sExmDmh5xlfszFI=
242,-53,jNwynClOgB2oEQKKzu5eDWqMVwA=,a7OULcBANP1/sExmDmh5xlfszFI=
242,-52,jNwynClOgB2oEQKKzu5eDWqMVwA=,a7OULcBANP1/sExmDmh5xlfszFI=
240,-53,jNwynClOgB2oEQKKzu5eDWqMVwA=,a7OULcBANP1/sExmDmh5xlfszFI=
241,-52,jNwynClOgB2oEQKKzu5eDWqMVwA=,a7OULcBANP1/sExmDmh5xlfszFI=
242,-51,jNwynClOgB2oEQKKzu5eDWqMVwA=,a7OULcBANP1/sExmDmh5xlfszFI=
241,-50,jNwynClOgB2oEQKKzu5eDWqMVwA=,a7OULcBANP1/sExmDmh5xlfszFI=
240,-54,jNwynClOgB2oEQKKzu5eDWqMVwA=,a7OULcBANP1/sExmDmh5xlfszFI=
243,-51,jNwynClOgB2oEQKKzu5eDWqMVwA=,a7OULcBANP1/sExmDmh5xlfszFI=
242,-50,jNwynClOgB2oEQKKzu5eDWqMVwA=,a7OULcBANP1/sExmDmh5xlfszFI=
243,-50,jNwynClOgB2oEQKKzu5eDWqMVwA=,a7OULcBANP1/sExmDmh5xlfszFI=
241,-56,jNwynClOgB2oEQKKzu5eDWqMVwA=,a7OULcBANP1/sExmDmh5xlfszFI=
243,-56,jNwynClOgB2oEQKKzu5eDWqMVwA=,a7OULcBANP1/sExmDmh5xlfszFI=
242,-56,jNwynClOgB2oEQKKzu5eDWqMVwA=,a7OULcBANP1/sExmDmh5xlfszFI=
241,-53,jNwynClOgB2oEQKKzu5eDWqMVwA=,a7OULcBANP1/sExmDmh5xlfszFI=
240,-55,jNwynClOgB2oEQKKzu5eDWqMVwA=,a7OULcBANP1/sExmDmh5xlfszFI=
240,-49,jNwynClOgB2oEQKKzu5eDWqMVwA=,a7OULcBANP1/sExmDmh5xlfszFI=
240,-56,jNwynClOgB2oEQKKzu5eDWqMVwA=,a7OULcBANP1/sExmDmh5xlfszFI=
241,-51,jNwynClOgB2oEQKKzu5eDWqMVwA=,a7OULcBANP1/sExmDmh5xlfszFI=
243,-52,jNwynClOgB2oEQKKzu5eDWqMVwA=,a7OULcBANP1/sExmDmh5xlfszFI=
255,-61,jNwynClOgB2oEQKKzu5eDWqMVwA=,zkZi945TipPOXe3+2hbTNlk0pSg=
255,-64,jNwynClOgB2oEQKKzu5eDWqMVwA=,zkZi945TipPOXe3+2hbTNlk0pSg=
255,-62,jNwynClOgB2oEQKKzu5eDWqMVwA=,zkZi945TipPOXe3+2hbTNlk0pSg=
252,-63,jNwynClOgB2oEQKKzu5eDWqMVwA=,zkZi945TipPOXe3+2hbTNlk0pSg=
255,-63,jNwynClOgB2oEQKKzu5eDWqMVwA=,zkZi945TipPOXe3+2hbTNlk0pSg=
253,-63,jNwynClOgB2oEQKKzu5eDWqMVwA=,zkZi945TipPOXe3+2hbTNlk0pSg=
254,-63,jNwynClOgB2oEQKKzu5eDWqMVwA=,zkZi945TipPOXe3+2hbTNlk0pSg=
254,-64,jNwynClOgB2oEQKKzu5eDWqMVwA=,zkZi945TipPOXe3+2hbTNlk0pSg=
253,-62,jNwynClOgB2oEQKKzu5eDWqMVwA=,zkZi945TipPOXe3+2hbTNlk0pSg=
252,-62,jNwynClOgB2oEQKKzu5eDWqMVwA=,zkZi945TipPOXe3+2hbTNlk0pSg=
253,-61,jNwynClOgB2oEQKKzu5eDWqMVwA=,zkZi945TipPOXe3+2hbTNlk0pSg=
252,-61,jNwynClOgB2oEQKKzu5eDWqMVwA=,zkZi945TipPOXe3+2hbTNlk0pSg=
254,-62,jNwynClOgB2oEQKKzu5eDWqMVwA=,zkZi945TipPOXe3+2hbTNlk0pSg=
253,-64,jNwynClOgB2oEQKKzu5eDWqMVwA=,zkZi945TipPOXe3+2hbTNlk0pSg=
254,-61,jNwynClOgB2oEQKKzu5eDWqMVwA=,zkZi945TipPOXe3+2hbTNlk0pSg=
252,-64,jNwynClOgB2oEQKKzu5eDWqMVwA=,zkZi945TipPOXe3+2hbTNlk0pSg=
255,-58,jNwynClOgB2oEQKKzu5eDWqMVwA=,zkZi945TipPOXe3+2hbTNlk0pSg=
255,-57,jNwynClOgB2oEQKKzu5eDWqMVwA=,zkZi945TipPOXe3+2hbTNlk0pSg=
255,-56,jNwynClOgB2oEQKKzu5eDWqMVwA=,pRBNvwuoEYQQNGKqGz1V64E+GcU=
253,-60,jNwynClOgB2oEQKKzu5eDWqMVwA=,zkZi945TipPOXe3+2hbTNlk0pSg=
253,-59,jNwynClOgB2oEQKKzu5eDWqMVwA=,zkZi945TipPOXe3+2hbTNlk0pSg=
254,-60,jNwynClOgB2oEQKKzu5eDWqMVwA=,zkZi945TipPOXe3+2hbTNlk0pSg=
252,-59,jNwynClOgB2oEQKKzu5eDWqMVwA=,zkZi945TipPOXe3+2hbTNlk0pSg=
254,-59,jNwynClOgB2oEQKKzu5eDWqMVwA=,zkZi945TipPOXe3+2hbTNlk0pSg=
252,-58,jNwynClOgB2oEQKKzu5eDWqMVwA=,zkZi945TipPOXe3+2hbTNlk0pSg=
252,-54,jNwynClOgB2oEQKKzu5eDWqMVwA=,pRBNvwuoEYQQNGKqGz1V64E+GcU=
253,-58,jNwynClOgB2oEQKKzu5eDWqMVwA=,zkZi945TipPOXe3+2hbTNlk0pSg=
252,-53,jNwynClOgB2oEQKKzu5eDWqMVwA=,pRBNvwuoEYQQNGKqGz1V64E+GcU=
255,-54,jNwynClOgB2oEQKKzu5eDWqMVwA=,pRBNvwuoEYQQNGKqGz1V64E+GcU=
254,-58,jNwynClOgB2oEQKKzu5eDWqMVwA=,zkZi945TipPOXe3+2hbTNlk0pSg=
252,-57,jNwynClOgB2oEQKKzu5eDWqMVwA=,zkZi945TipPOXe3+2hbTNlk0pSg=
252,-60,jNwynClOgB2oEQKKzu5eDWqMVwA=,zkZi945TipPOXe3+2hbTNlk0pSg=
253,-57,jNwynClOgB2oEQKKzu5eDWqMVwA=,zkZi945TipPOXe3+2hbTNlk0pSg=
255,-60,jNwynClOgB2oEQKKzu5eDWqMVwA=,zkZi945TipPOXe3+2hbTNlk0pSg=
253,-54,jNwynClOgB2oEQKKzu5eDWqMVwA=,pRBNvwuoEYQQNGKqGz1V64E+GcU=
255,-59,jNwynClOgB2oEQKKzu5eDWqMVwA=,zkZi945TipPOXe3+2hbTNlk0pSg=
255,-55,jNwynClOgB2oEQKKzu5eDWqMVwA=,pRBNvwuoEYQQNGKqGz1V64E+GcU=
254,-57,jNwynClOgB2oEQKKzu5eDWqMVwA=,zkZi945TipPOXe3+2hbTNlk0pSg=
255,-53,jNwynClOgB2oEQKKzu5eDWqMVwA=,pRBNvwuoEYQQNGKqGz1V64E+GcU=
253,-53,jNwynClOgB2oEQKKzu5eDWqMVwA=,pRBNvwuoEYQQNGKqGz1V64E+GcU=
254,-54,jNwynClOgB2oEQKKzu5eDWqMVwA=,pRBNvwuoEYQQNGKqGz1V64E+GcU=
252,-55,jNwynClOgB2oEQKKzu5eDWqMVwA=,pRBNvwuoEYQQNGKqGz1V64E+GcU=
254,-55,jNwynClOgB2oEQKKzu5eDWqMVwA=,pRBNvwuoEYQQNGKqGz1V64E+GcU=
254,-56,jNwynClOgB2oEQKKzu5eDWqMVwA=,pRBNvwuoEYQQNGKqGz1V64E+GcU=
254,-53,jNwynClOgB2oEQKKzu5eDWqMVwA=,pRBNvwuoEYQQNGKqGz1V64E+GcU=
253,-55,jNwynClOgB2oEQKKzu5eDWqMVwA=,pRBNvwuoEYQQNGKqGz1V64E+GcU=
252,-56,jNwynClOgB2oEQKKzu5eDWqMVwA=,pRBNvwuoEYQQNGKqGz1V64E+GcU=
253,-56,jNwynClOgB2oEQKKzu5eDWqMVwA=,pRBNvwuoEYQQNGKqGz1V64E+GcU=
254,-49,jNwynClOgB2oEQKKzu5eDWqMVwA=,pRBNvwuoEYQQNGKqGz1V64E+GcU=
246,-50,jNwynClOgB2oEQKKzu5eDWqMVwA=,a7OULcBANP1/sExmDmh5xlfszFI=
250,-49,jNwynClOgB2oEQKKzu5eDWqMVwA=,pRBNvwuoEYQQNGKqGz1V64E+GcU=
244,-50,jNwynClOgB2oEQKKzu5eDWqMVwA=,a7OULcBANP1/sExmDmh5xlfszFI=
246,-49,jNwynClOgB2oEQKKzu5eDWqMVwA=,a7OULcBANP1/sExmDmh5xlfszFI=
244,-49,jNwynClOgB2oEQKKzu5eDWqMVwA=,a7OULcBANP1/sExmDmh5xlfszFI=
245,-50,jNwynClOgB2oEQKKzu5eDWqMVwA=,a7OULcBANP1/sExmDmh5xlfszFI=
252,-49,jNwynClOgB2oEQKKzu5eDWqMVwA=,pRBNvwuoEYQQNGKqGz1V64E+GcU=
245,-49,jNwynClOgB2oEQKKzu5eDWqMVwA=,a7OULcBANP1/sExmDmh5xlfszFI=
244,-52,jNwynClOgB2oEQKKzu5eDWqMVwA=,a7OULcBANP1/sExmDmh5xlfszFI=
251,-49,jNwynClOgB2oEQKKzu5eDWqMVwA=,pRBNvwuoEYQQNGKqGz1V64E+GcU=
249,-49,jNwynClOgB2oEQKKzu5eDWqMVwA=,pRBNvwuoEYQQNGKqGz1V64E+GcU=
253,-49,jNwynClOgB2oEQKKzu5eDWqMVwA=,pRBNvwuoEYQQNGKqGz1V64E+GcU=
245,-52,jNwynClOgB2oEQKKzu5eDWqMVwA=,a7OULcBANP1/sExmDmh5xlfszFI=
245,-51,jNwynClOgB2oEQKKzu5eDWqMVwA=,a7OULcBANP1/sExmDmh5xlfszFI=
244,-51,jNwynClOgB2oEQKKzu5eDWqMVwA=,a7OULcBANP1/sExmDmh5xlfszFI=
246,-51,jNwynClOgB2oEQKKzu5eDWqMVwA=,a7OULcBANP1/sExmDmh5xlfszFI=
248,-50,jNwynClOgB2oEQKKzu5eDWqMVwA=,pRBNvwuoEYQQNGKqGz1V64E+GcU=
246,-52,jNwynClOgB2oEQKKzu5eDWqMVwA=,a7OULcBANP1/sExmDmh5xlfszFI=
250,-50,jNwynClOgB2oEQKKzu5eDWqMVwA=,pRBNvwuoEYQQNGKqGz1V64E+GcU=
247,-50,jNwynClOgB2oEQKKzu5eDWqMVwA=,a7OULcBANP1/sExmDmh5xlfszFI=
254,-52,jNwynClOgB2oEQKKzu5eDWqMVwA=,pRBNvwuoEYQQNGKqGz1V64E+GcU=
249,-50,jNwynClOgB2oEQKKzu5eDWqMVwA=,pRBNvwuoEYQQNGKqGz1V64E+GcU=
247,-49,jNwynClOgB2oEQKKzu5eDWqMVwA=,a7OULcBANP1/sExmDmh5xlfszFI=
248,-51,jNwynClOgB2oEQKKzu5eDWqMVwA=,pRBNvwuoEYQQNGKqGz1V64E+GcU=
250,-51,jNwynClOgB2oEQKKzu5eDWqMVwA=,pRBNvwuoEYQQNGKqGz1V64E+GcU=
248,-49,jNwynClOgB2oEQKKzu5eDWqMVwA=,pRBNvwuoEYQQNGKqGz1V64E+GcU=
249,-51,jNwynClOgB2oEQKKzu5eDWqMVwA=,pRBNvwuoEYQQNGKqGz1V64E+GcU=
251,-50,jNwynClOgB2oEQKKzu5eDWqMVwA=,pRBNvwuoEYQQNGKqGz1V64E+GcU=
251,-51,jNwynClOgB2oEQKKzu5eDWqMVwA=,pRBNvwuoEYQQNGKqGz1V64E+GcU=
254,-50,jNwynClOgB2oEQKKzu5eDWqMVwA=,pRBNvwuoEYQQNGKqGz1V64E+GcU=
247,-52,jNwynClOgB2oEQKKzu5eDWqMVwA=,a7OULcBANP1/sExmDmh5xlfszFI=
252,-51,jNwynClOgB2oEQKKzu5eDWqMVwA=,pRBNvwuoEYQQNGKqGz1V64E+GcU=
252,-50,jNwynClOgB2oEQKKzu5eDWqMVwA=,pRBNvwuoEYQQNGKqGz1V64E+GcU=
253,-50,jNwynClOgB2oEQKKzu5eDWqMVwA=,pRBNvwuoEYQQNGKqGz1V64E+GcU=
249,-52,jNwynClOgB2oEQKKzu5eDWqMVwA=,pRBNvwuoEYQQNGKqGz1V64E+GcU=
248,-52,jNwynClOgB2oEQKKzu5eDWqMVwA=,pRBNvwuoEYQQNGKqGz1V64E+GcU=
255,-49,jNwynClOgB2oEQKKzu5eDWqMVwA=,pRBNvwuoEYQQNGKqGz1V64E+GcU=
251,-52,jNwynClOgB2oEQKKzu5eDWqMVwA=,pRBNvwuoEYQQNGKqGz1V64E+GcU=
250,-52,jNwynClOgB2oEQKKzu5eDWqMVwA=,pRBNvwuoEYQQNGKqGz1V64E+GcU=
252,-52,jNwynClOgB2oEQKKzu5eDWqMVwA=,pRBNvwuoEYQQNGKqGz1V64E+GcU=
253,-51,jNwynClOgB2oEQKKzu5eDWqMVwA=,pRBNvwuoEYQQNGKqGz1V64E+GcU=
254,-51,jNwynClOgB2oEQKKzu5eDWqMVwA=,pRBNvwuoEYQQNGKqGz1V64E+GcU=
255,-52,jNwynClOgB2oEQKKzu5eDWqMVwA=,pRBNvwuoEYQQNGKqGz1V64E+GcU=
255,-50,jNwynClOgB2oEQKKzu5eDWqMVwA=,pRBNvwuoEYQQNGKqGz1V64E+GcU=
255,-51,jNwynClOgB2oEQKKzu5eDWqMVwA=,pRBNvwuoEYQQNGKqGz1V64E+GcU=
247,-51,jNwynClOgB2oEQKKzu5eDWqMVwA=,a7OULcBANP1/sExmDmh5xlfszFI=
253,-52,jNwynClOgB2oEQKKzu5eDWqMVwA=,pRBNvwuoEYQQNGKqGz1V64E+GcU=
231,-56,S+ExGvPcvhegEEETSYPFgkHSUKk=,JgI5Pj7CmXGXPqRS4zWEnPGPybg=
231,-58,S+ExGvPcvhegEEETSYPFgkHSUKk=,rGZtf1FemQ5eRaqNGgHuCFjAiGw=
231,-57,S+ExGvPcvhegEEETSYPFgkHSUKk=,rGZtf1FemQ5eRaqNGgHuCFjAiGw=
230,-60,S+ExGvPcvhegEEETSYPFgkHSUKk=,rGZtf1FemQ5eRaqNGgHuCFjAiGw=
228,-60,S+ExGvPcvhegEEETSYPFgkHSUKk=,rGZtf1FemQ5eRaqNGgHuCFjAiGw=
231,-59,S+ExGvPcvhegEEETSYPFgkHSUKk=,rGZtf1FemQ5eRaqNGgHuCFjAiGw=
230,-59,S+ExGvPcvhegEEETSYPFgkHSUKk=,rGZtf1FemQ5eRaqNGgHuCFjAiGw=
229,-60,S+ExGvPcvhegEEETSYPFgkHSUKk=,rGZtf1FemQ5eRaqNGgHuCFjAiGw=
229,-59,S+ExGvPcvhegEEETSYPFgkHSUKk=,rGZtf1FemQ5eRaqNGgHuCFjAiGw=
233,-53,S+ExGvPcvhegEEETSYPFgkHSUKk=,8+tr+0h2bJ9zhb+1O50kU6LhEKg=
230,-58,S+ExGvPcvhegEEETSYPFgkHSUKk=,rGZtf1FemQ5eRaqNGgHuCFjAiGw=
228,-57,S+ExGvPcvhegEEETSYPFgkHSUKk=,rGZtf1FemQ5eRaqNGgHuCFjAiGw=
229,-58,S+ExGvPcvhegEEETSYPFgkHSUKk=,rGZtf1FemQ5eRaqNGgHuCFjAiGw=
228,-58,S+ExGvPcvhegEEETSYPFgkHSUKk=,rGZtf1FemQ5eRaqNGgHuCFjAiGw=
232,-60,S+ExGvPcvhegEEETSYPFgkHSUKk=,sT1g1ymBb8g5Y9MUsxHat2VpeL8=
234,-53,S+ExGvPcvhegEEETSYPFgkHSUKk=,8+tr+0h2bJ9zhb+1O50kU6LhEKg=
233,-54,S+ExGvPcvhegEEETSYPFgkHSUKk=,8+tr+0h2bJ9zhb+1O50kU6LhEKg=
233,-56,S+ExGvPcvhegEEETSYPFgkHSUKk=,8+tr+0h2bJ9zhb+1O50kU6LhEKg=
231,-53,S+ExGvPcvhegEEETSYPFgkHSUKk=,JgI5Pj7CmXGXPqRS4zWEnPGPybg=
233,-60,S+ExGvPcvhegEEETSYPFgkHSUKk=,sT1g1ymBb8g5Y9MUsxHat2VpeL8=
234,-60,S+ExGvPcvhegEEETSYPFgkHSUKk=,sT1g1ymBb8g5Y9MUsxHat2VpeL8=
235,-60,S+ExGvPcvhegEEETSYPFgkHSUKk=,sT1g1ymBb8g5Y9MUsxHat2VpeL8=
232,-59,S+ExGvPcvhegEEETSYPFgkHSUKk=,sT1g1ymBb8g5Y9MUsxHat2VpeL8=
233,-59,S+ExGvPcvhegEEETSYPFgkHSUKk=,sT1g1ymBb8g5Y9MUsxHat2VpeL8=
234,-59,S+ExGvPcvhegEEETSYPFgkHSUKk=,sT1g1ymBb8g5Y9MUsxHat2VpeL8=
235,-59,S+ExGvPcvhegEEETSYPFgkHSUKk=,sT1g1ymBb8g5Y9MUsxHat2VpeL8=
230,-57,S+ExGvPcvhegEEETSYPFgkHSUKk=,rGZtf1FemQ5eRaqNGgHuCFjAiGw=
232,-58,S+ExGvPcvhegEEETSYPFgkHSUKk=,sT1g1ymBb8g5Y9MUsxHat2VpeL8=
234,-56,S+ExGvPcvhegEEETSYPFgkHSUKk=,8+tr+0h2bJ9zhb+1O50kU6LhEKg=
233,-58,S+ExGvPcvhegEEETSYPFgkHSUKk=,sT1g1ymBb8g5Y9MUsxHat2VpeL8=
234,-58,S+ExGvPcvhegEEETSYPFgkHSUKk=,sT1g1ymBb8g5Y9MUsxHat2VpeL8=
230,-53,S+ExGvPcvhegEEETSYPFgkHSUKk=,JgI5Pj7CmXGXPqRS4zWEnPGPybg=
228,-59,S+ExGvPcvhegEEETSYPFgkHSUKk=,rGZtf1FemQ5eRaqNGgHuCFjAiGw=
235,-58,S+ExGvPcvhegEEETSYPFgkHSUKk=,sT1g1ymBb8g5Y9MUsxHat2VpeL8=
232,-57,S+ExGvPcvhegEEETSYPFgkHSUKk=,sT1g1ymBb8g5Y9MUsxHat2VpeL8=
235,-56,S+ExGvPcvhegEEETSYPFgkHSUKk=,8+tr+0h2bJ9zhb+1O50kU6LhEKg=
233,-57,S+ExGvPcvhegEEETSYPFgkHSUKk=,sT1g1ymBb8g5Y9MUsxHat2VpeL8=
234,-57,S+ExGvPcvhegEEETSYPFgkHSUKk=,sT1g1ymBb8g5Y9MUsxHat2VpeL8=
235,-53,S+ExGvPcvhegEEETSYPFgkHSUKk=,8+tr+0h2bJ9zhb+1O50kU6LhEKg=
229,-57,S+ExGvPcvhegEEETSYPFgkHSUKk=,rGZtf1FemQ5eRaqNGgHuCFjAiGw=
235,-57,S+ExGvPcvhegEEETSYPFgkHSUKk=,sT1g1ymBb8g5Y9MUsxHat2VpeL8=
234,-54,S+ExGvPcvhegEEETSYPFgkHSUKk=,8+tr+0h2bJ9zhb+1O50kU6LhEKg=
235,-54,S+ExGvPcvhegEEETSYPFgkHSUKk=,8+tr+0h2bJ9zhb+1O50kU6LhEKg=
233,-55,S+ExGvPcvhegEEETSYPFgkHSUKk=,8+tr+0h2bJ9zhb+1O50kU6LhEKg=
234,-55,S+ExGvPcvhegEEETSYPFgkHSUKk=,8+tr+0h2bJ9zhb+1O50kU6LhEKg=
232,-53,S+ExGvPcvhegEEETSYPFgkHSUKk=,8+tr+0h2bJ9zhb+1O50kU6LhEKg=
235,-55,S+ExGvPcvhegEEETSYPFgkHSUKk=,8+tr+0h2bJ9zhb+1O50kU6LhEKg=
232,-55,S+ExGvPcvhegEEETSYPFgkHSUKk=,8+tr+0h2bJ9zhb+1O50kU6LhEKg=
232,-56,S+ExGvPcvhegEEETSYPFgkHSUKk=,8+tr+0h2bJ9zhb+1O50kU6LhEKg=
232,-54,S+ExGvPcvhegEEETSYPFgkHSUKk=,8+tr+0h2bJ9zhb+1O50kU6LhEKg=
229,-53,S+ExGvPcvhegEEETSYPFgkHSUKk=,JgI5Pj7CmXGXPqRS4zWEnPGPybg=
231,-60,S+ExGvPcvhegEEETSYPFgkHSUKk=,rGZtf1FemQ5eRaqNGgHuCFjAiGw=
228,-56,S+ExGvPcvhegEEETSYPFgkHSUKk=,JgI5Pj7CmXGXPqRS4zWEnPGPybg=
229,-56,S+ExGvPcvhegEEETSYPFgkHSUKk=,JgI5Pj7CmXGXPqRS4zWEnPGPybg=
230,-56,S+ExGvPcvhegEEETSYPFgkHSUKk=,JgI5Pj7CmXGXPqRS4zWEnPGPybg=
231,-55,S+ExGvPcvhegEEETSYPFgkHSUKk=,JgI5Pj7CmXGXPqRS4zWEnPGPybg=
228,-54,S+ExGvPcvhegEEETSYPFgkHSUKk=,JgI5Pj7CmXGXPqRS4zWEnPGPybg=
229,-55,S+ExGvPcvhegEEETSYPFgkHSUKk=,JgI5Pj7CmXGXPqRS4zWEnPGPybg=
230,-55,S+ExGvPcvhegEEETSYPFgkHSUKk=,JgI5Pj7CmXGXPqRS4zWEnPGPybg=
229,-54,S+ExGvPcvhegEEETSYPFgkHSUKk=,JgI5Pj7CmXGXPqRS4zWEnPGPybg=
230,-54,S+ExGvPcvhegEEETSYPFgkHSUKk=,JgI5Pj7CmXGXPqRS4zWEnPGPybg=
228,-53,S+ExGvPcvhegEEETSYPFgkHSUKk=,JgI5Pj7CmXGXPqRS4zWEnPGPybg=
228,-55,S+ExGvPcvhegEEETSYPFgkHSUKk=,JgI5Pj7CmXGXPqRS4zWEnPGPybg=
231,-54,S+ExGvPcvhegEEETSYPFgkHSUKk=,JgI5Pj7CmXGXPqRS4zWEnPGPybg=
239,-53,IV1dyizKfMJf9sdANZc53Sub9Pw=,8+tr+0h2bJ9zhb+1O50kU6LhEKg=
239,-56,IV1dyizKfMJf9sdANZc53Sub9Pw=,8+tr+0h2bJ9zhb+1O50kU6LhEKg=
239,-58,IV1dyizKfMJf9sdANZc53Sub9Pw=,sT1g1ymBb8g5Y9MUsxHat2VpeL8=
236,-63,IV1dyizKfMJf9sdANZc53Sub9Pw=,sT1g1ymBb8g5Y9MUsxHat2VpeL8=
238,-63,IV1dyizKfMJf9sdANZc53Sub9Pw=,sT1g1ymBb8g5Y9MUsxHat2VpeL8=
239,-60,IV1dyizKfMJf9sdANZc53Sub9Pw=,sT1g1ymBb8g5Y9MUsxHat2VpeL8=
239,-59,IV1dyizKfMJf9sdANZc53Sub9Pw=,sT1g1ymBb8g5Y9MUsxHat2VpeL8=
238,-57,IV1dyizKfMJf9sdANZc53Sub9Pw=,sT1g1ymBb8g5Y9MUsxHat2VpeL8=
239,-61,IV1dyizKfMJf9sdANZc53Sub9Pw=,sT1g1ymBb8g5Y9MUsxHat2VpeL8=
237,-57,IV1dyizKfMJf9sdANZc53Sub9Pw=,sT1g1ymBb8g5Y9MUsxHat2VpeL8=
236,-57,IV1dyizKfMJf9sdANZc53Sub9Pw=,sT1g1ymBb8g5Y9MUsxHat2VpeL8=
239,-62,IV1dyizKfMJf9sdANZc53Sub9Pw=,sT1g1ymBb8g5Y9MUsxHat2VpeL8=
238,-58,IV1dyizKfMJf9sdANZc53Sub9Pw=,sT1g1ymBb8g5Y9MUsxHat2VpeL8=
239,-57,IV1dyizKfMJf9sdANZc53Sub9Pw=,sT1g1ymBb8g5Y9MUsxHat2VpeL8=
237,-58,IV1dyizKfMJf9sdANZc53Sub9Pw=,sT1g1ymBb8g5Y9MUsxHat2VpeL8=
236,-58,IV1dyizKfMJf9sdANZc53Sub9Pw=,sT1g1ymBb8g5Y9MUsxHat2VpeL8=
238,-55,IV1dyizKfMJf9sdANZc53Sub9Pw=,8+tr+0h2bJ9zhb+1O50kU6LhEKg=
236,-53,IV1dyizKfMJf9sdANZc53Sub9Pw=,8+tr+0h2bJ9zhb+1O50kU6LhEKg=
236,-55,IV1dyizKfMJf9sdANZc53Sub9Pw=,8+tr+0h2bJ9zhb+1O50kU6LhEKg=
238,-59,IV1dyizKfMJf9sdANZc53Sub9Pw=,sT1g1ymBb8g5Y9MUsxHat2VpeL8=
236,-54,IV1dyizKfMJf9sdANZc53Sub9Pw=,8+tr+0h2bJ9zhb+1O50kU6LhEKg=
237,-54,IV1dyizKfMJf9sdANZc53Sub9Pw=,8+tr+0h2bJ9zhb+1O50kU6LhEKg=
237,-59,IV1dyizKfMJf9sdANZc53Sub9Pw=,sT1g1ymBb8g5Y9MUsxHat2VpeL8=
238,-54,IV1dyizKfMJf9sdANZc53Sub9Pw=,8+tr+0h2bJ9zhb+1O50kU6LhEKg=
237,-55,IV1dyizKfMJf9sdANZc53Sub9Pw=,8+tr+0h2bJ9zhb+1O50kU6LhEKg=
239,-64,IV1dyizKfMJf9sdANZc53Sub9Pw=,sT1g1ymBb8g5Y9MUsxHat2VpeL8=
236,-59,IV1dyizKfMJf9sdANZc53Sub9Pw=,sT1g1ymBb8g5Y9MUsxHat2VpeL8=
237,-53,IV1dyizKfMJf9sdANZc53Sub9Pw=,8+tr+0h2bJ9zhb+1O50kU6LhEKg=
238,-53,IV1dyizKfMJf9sdANZc53Sub9Pw=,8+tr+0h2bJ9zhb+1O50kU6LhEKg=
236,-56,IV1dyizKfMJf9sdANZc53Sub9Pw=,8+tr+0h2bJ9zhb+1O50kU6LhEKg=
238,-56,IV1dyizKfMJf9sdANZc53Sub9Pw=,8+tr+0h2bJ9zhb+1O50kU6LhEKg=
237,-56,IV1dyizKfMJf9sdANZc53Sub9Pw=,8+tr+0h2bJ9zhb+1O50kU6LhEKg=
239,-55,IV1dyizKfMJf9sdANZc53Sub9Pw=,8+tr+0h2bJ9zhb+1O50kU6LhEKg=
239,-54,IV1dyizKfMJf9sdANZc53Sub9Pw=,8+tr+0h2bJ9zhb+1O50kU6LhEKg=
238,-60,IV1dyizKfMJf9sdANZc53Sub9Pw=,sT1g1ymBb8g5Y9MUsxHat2VpeL8=
237,-60,IV1dyizKfMJf9sdANZc53Sub9Pw=,sT1g1ymBb8g5Y9MUsxHat2VpeL8=
238,-61,IV1dyizKfMJf9sdANZc53Sub9Pw=,sT1g1ymBb8g5Y9MUsxHat2VpeL8=
239,-63,IV1dyizKfMJf9sdANZc53Sub9Pw=,sT1g1ymBb8g5Y9MUsxHat2VpeL8=
236,-61,IV1dyizKfMJf9sdANZc53Sub9Pw=,sT1g1ymBb8g5Y9MUsxHat2VpeL8=
237,-61,IV1dyizKfMJf9sdANZc53Sub9Pw=,sT1g1ymBb8g5Y9MUsxHat2VpeL8=
237,-62,IV1dyizKfMJf9sdANZc53Sub9Pw=,sT1g1ymBb8g5Y9MUsxHat2VpeL8=
238,-62,IV1dyizKfMJf9sdANZc53Sub9Pw=,sT1g1ymBb8g5Y9MUsxHat2VpeL8=
236,-60,IV1dyizKfMJf9sdANZc53Sub9Pw=,sT1g1ymBb8g5Y9MUsxHat2VpeL8=
236,-62,IV1dyizKfMJf9sdANZc53Sub9Pw=,sT1g1ymBb8g5Y9MUsxHat2VpeL8=
236,-64,IV1dyizKfMJf9sdANZc53Sub9Pw=,sT1g1ymBb8g5Y9MUsxHat2VpeL8=
237,-64,IV1dyizKfMJf9sdANZc53Sub9Pw=,sT1g1ymBb8g5Y9MUsxHat2VpeL8=
238,-64,IV1dyizKfMJf9sdANZc53Sub9Pw=,sT1g1ymBb8g5Y9MUsxHat2VpeL8=
237,-63,IV1dyizKfMJf9sdANZc53Sub9Pw=,sT1g1ymBb8g5Y9MUsxHat2VpeL8=
232,-63,IV1dyizKfMJf9sdANZc53Sub9Pw=,sT1g1ymBb8g5Y9MUsxHat2VpeL8=
233,-63,IV1dyizKfMJf9sdANZc53Sub9Pw=,sT1g1ymBb8g5Y9MUsxHat2VpeL8=
234,-63,IV1dyizKfMJf9sdANZc53Sub9Pw=,sT1g1ymBb8g5Y9MUsxHat2VpeL8=
235,-63,IV1dyizKfMJf9sdANZc53Sub9Pw=,sT1g1ymBb8g5Y9MUsxHat2VpeL8=
228,-64,IV1dyizKfMJf9sdANZc53Sub9Pw=,rGZtf1FemQ5eRaqNGgHuCFjAiGw=
230,-63,IV1dyizKfMJf9sdANZc53Sub9Pw=,rGZtf1FemQ5eRaqNGgHuCFjAiGw=
229,-63,IV1dyizKfMJf9sdANZc53Sub9Pw=,rGZtf1FemQ5eRaqNGgHuCFjAiGw=
232,-62,IV1dyizKfMJf9sdANZc53Sub9Pw=,sT1g1ymBb8g5Y9MUsxHat2VpeL8=
228,-62,IV1dyizKfMJf9sdANZc53Sub9Pw=,rGZtf1FemQ5eRaqNGgHuCFjAiGw=
228,-63,IV1dyizKfMJf9sdANZc53Sub9Pw=,rGZtf1FemQ5eRaqNGgHuCFjAiGw=
233,-62,IV1dyizKfMJf9sdANZc53Sub9Pw=,sT1g1ymBb8g5Y9MUsxHat2VpeL8=
235,-61,IV1dyizKfMJf9sdANZc53Sub9Pw=,sT1g1ymBb8g5Y9MUsxHat2VpeL8=
234,-62,IV1dyizKfMJf9sdANZc53Sub9Pw=,sT1g1ymBb8g5Y9MUsxHat2VpeL8=
234,-61,IV1dyizKfMJf9sdANZc53Sub9Pw=,sT1g1ymBb8g5Y9MUsxHat2VpeL8=
229,-62,IV1dyizKfMJf9sdANZc53Sub9Pw=,rGZtf1FemQ5eRaqNGgHuCFjAiGw=
232,-64,IV1dyizKfMJf9sdANZc53Sub9Pw=,sT1g1ymBb8g5Y9MUsxHat2VpeL8=
232,-61,IV1dyizKfMJf9sdANZc53Sub9Pw=,sT1g1ymBb8g5Y9MUsxHat2VpeL8=
233,-61,IV1dyizKfMJf9sdANZc53Sub9Pw=,sT1g1ymBb8g5Y9MUsxHat2VpeL8=
229,-64,IV1dyizKfMJf9sdANZc53Sub9Pw=,rGZtf1FemQ5eRaqNGgHuCFjAiGw=
233,-64,IV1dyizKfMJf9sdANZc53Sub9Pw=,sT1g1ymBb8g5Y9MUsxHat2VpeL8=
235,-64,IV1dyizKfMJf9sdANZc53Sub9Pw=,sT1g1ymBb8g5Y9MUsxHat2VpeL8=
235,-62,IV1dyizKfMJf9sdANZc53Sub9Pw=,sT1g1ymBb8g5Y9MUsxHat2VpeL8=
234,-64,IV1dyizKfMJf9sdANZc53Sub9Pw=,sT1g1ymBb8g5Y9MUsxHat2VpeL8=
230,-61,IV1dyizKfMJf9sdANZc53Sub9Pw=,rGZtf1FemQ5eRaqNGgHuCFjAiGw=
229,-61,IV1dyizKfMJf9sdANZc53Sub9Pw=,rGZtf1FemQ5eRaqNGgHuCFjAiGw=
230,-64,IV1dyizKfMJf9sdANZc53Sub9Pw=,rGZtf1FemQ5eRaqNGgHuCFjAiGw=
231,-63,IV1dyizKfMJf9sdANZc53Sub9Pw=,rGZtf1FemQ5eRaqNGgHuCFjAiGw=
228,-61,IV1dyizKfMJf9sdANZc53Sub9Pw=,rGZtf1FemQ5eRaqNGgHuCFjAiGw=
230,-62,IV1dyizKfMJf9sdANZc53Sub9Pw=,rGZtf1FemQ5eRaqNGgHuCFjAiGw=
231,-64,IV1dyizKfMJf9sdANZc53Sub9Pw=,rGZtf1FemQ5eRaqNGgHuCFjAiGw=
231,-62,IV1dyizKfMJf9sdANZc53Sub9Pw=,rGZtf1FemQ5eRaqNGgHuCFjAiGw=
231,-61,IV1dyizKfMJf9sdANZc53Sub9Pw=,rGZtf1FemQ5eRaqNGgHuCFjAiGw=
226,-60,IV1dyizKfMJf9sdANZc53Sub9Pw=,rGZtf1FemQ5eRaqNGgHuCFjAiGw=
227,-61,IV1dyizKfMJf9sdANZc53Sub9Pw=,rGZtf1FemQ5eRaqNGgHuCFjAiGw=
227,-62,IV1dyizKfMJf9sdANZc53Sub9Pw=,rGZtf1FemQ5eRaqNGgHuCFjAiGw=
225,-59,IV1dyizKfMJf9sdANZc53Sub9Pw=,rGZtf1FemQ5eRaqNGgHuCFjAiGw=
226,-62,IV1dyizKfMJf9sdANZc53Sub9Pw=,rGZtf1FemQ5eRaqNGgHuCFjAiGw=
226,-61,IV1dyizKfMJf9sdANZc53Sub9Pw=,rGZtf1FemQ5eRaqNGgHuCFjAiGw=
227,-59,IV1dyizKfMJf9sdANZc53Sub9Pw=,rGZtf1FemQ5eRaqNGgHuCFjAiGw=
227,-60,IV1dyizKfMJf9sdANZc53Sub9Pw=,rGZtf1FemQ5eRaqNGgHuCFjAiGw=
225,-60,IV1dyizKfMJf9sdANZc53Sub9Pw=,rGZtf1FemQ5eRaqNGgHuCFjAiGw=
225,-61,IV1dyizKfMJf9sdANZc53Sub9Pw=,rGZtf1FemQ5eRaqNGgHuCFjAiGw=
224,-57,IV1dyizKfMJf9sdANZc53Sub9Pw=,rGZtf1FemQ5eRaqNGgHuCFjAiGw=
224,-63,IV1dyizKfMJf9sdANZc53Sub9Pw=,rGZtf1FemQ5eRaqNGgHuCFjAiGw=
224,-64,IV1dyizKfMJf9sdANZc53Sub9Pw=,rGZtf1FemQ5eRaqNGgHuCFjAiGw=
226,-59,IV1dyizKfMJf9sdANZc53Sub9Pw=,rGZtf1FemQ5eRaqNGgHuCFjAiGw=
225,-58,IV1dyizKfMJf9sdANZc53Sub9Pw=,rGZtf1FemQ5eRaqNGgHuCFjAiGw=
225,-62,IV1dyizKfMJf9sdANZc53Sub9Pw=,rGZtf1FemQ5eRaqNGgHuCFjAiGw=
227,-58,IV1dyizKfMJf9sdANZc53Sub9Pw=,rGZtf1FemQ5eRaqNGgHuCFjAiGw=
225,-56,IV1dyizKfMJf9sdANZc53Sub9Pw=,JgI5Pj7CmXGXPqRS4zWEnPGPybg=
227,-56,IV1dyizKfMJf9sdANZc53Sub9Pw=,JgI5Pj7CmXGXPqRS4zWEnPGPybg=
226,-56,IV1dyizKfMJf9sdANZc53Sub9Pw=,JgI5Pj7CmXGXPqRS4zWEnPGPybg=
225,-55,IV1dyizKfMJf9sdANZc53Sub9Pw=,JgI5Pj7CmXGXPqRS4zWEnPGPybg=
226,-55,IV1dyizKfMJf9sdANZc53Sub9Pw=,JgI5Pj7CmXGXPqRS4zWEnPGPybg=
227,-55,IV1dyizKfMJf9sdANZc53Sub9Pw=,JgI5Pj7CmXGXPqRS4zWEnPGPybg=
225,-54,IV1dyizKfMJf9sdANZc53Sub9Pw=,JgI5Pj7CmXGXPqRS4zWEnPGPybg=
226,-54,IV1dyizKfMJf9sdANZc53Sub9Pw=,JgI5Pj7CmXGXPqRS4zWEnPGPybg=
227,-63,IV1dyizKfMJf9sdANZc53Sub9Pw=,rGZtf1FemQ5eRaqNGgHuCFjAiGw=
227,-54,IV1dyizKfMJf9sdANZc53Sub9Pw=,JgI5Pj7CmXGXPqRS4zWEnPGPybg=
225,-53,IV1dyizKfMJf9sdANZc53Sub9Pw=,JgI5Pj7CmXGXPqRS4zWEnPGPybg=
224,-58,IV1dyizKfMJf9sdANZc53Sub9Pw=,rGZtf1FemQ5eRaqNGgHuCFjAiGw=
225,-57,IV1dyizKfMJf9sdANZc53Sub9Pw=,rGZtf1FemQ5eRaqNGgHuCFjAiGw=
226,-53,IV1dyizKfMJf9sdANZc53Sub9Pw=,JgI5Pj7CmXGXPqRS4zWEnPGPybg=
226,-63,IV1dyizKfMJf9sdANZc53Sub9Pw=,rGZtf1FemQ5eRaqNGgHuCFjAiGw=
225,-63,IV1dyizKfMJf9sdANZc53Sub9Pw=,rGZtf1FemQ5eRaqNGgHuCFjAiGw=
227,-53,IV1dyizKfMJf9sdANZc53Sub9Pw=,JgI5Pj7CmXGXPqRS4zWEnPGPybg=
227,-57,IV1dyizKfMJf9sdANZc53Sub9Pw=,rGZtf1FemQ5eRaqNGgHuCFjAiGw=
224,-55,IV1dyizKfMJf9sdANZc53Sub9Pw=,JgI5Pj7CmXGXPqRS4zWEnPGPybg=
224,-53,IV1dyizKfMJf9sdANZc53Sub9Pw=,JgI5Pj7CmXGXPqRS4zWEnPGPybg=
224,-54,IV1dyizKfMJf9sdANZc53Sub9Pw=,JgI5Pj7CmXGXPqRS4zWEnPGPybg=
224,-56,IV1dyizKfMJf9sdANZc53Sub9Pw=,JgI5Pj7CmXGXPqRS4zWEnPGPybg=
227,-64,IV1dyizKfMJf9sdANZc53Sub9Pw=,rGZtf1FemQ5eRaqNGgHuCFjAiGw=
226,-64,IV1dyizKfMJf9sdANZc53Sub9Pw=,rGZtf1FemQ5eRaqNGgHuCFjAiGw=
226,-57,IV1dyizKfMJf9sdANZc53Sub9Pw=,rGZtf1FemQ5eRaqNGgHuCFjAiGw=
225,-64,IV1dyizKfMJf9sdANZc53Sub9Pw=,rGZtf1FemQ5eRaqNGgHuCFjAiGw=
226,-58,IV1dyizKfMJf9sdANZc53Sub9Pw=,rGZtf1FemQ5eRaqNGgHuCFjAiGw=
224,-61,IV1dyizKfMJf9sdANZc53Sub9Pw=,rGZtf1FemQ5eRaqNGgHuCFjAiGw=
224,-59,IV1dyizKfMJf9sdANZc53Sub9Pw=,rGZtf1FemQ5eRaqNGgHuCFjAiGw=
224,-62,IV1dyizKfMJf9sdANZc53Sub9Pw=,rGZtf1FemQ5eRaqNGgHuCFjAiGw=
224,-60,IV1dyizKfMJf9sdANZc53Sub9Pw=,rGZtf1FemQ5eRaqNGgHuCFjAiGw=
224,-49,IV1dyizKfMJf9sdANZc53Sub9Pw=,JgI5Pj7CmXGXPqRS4zWEnPGPybg=
225,-49,IV1dyizKfMJf9sdANZc53Sub9Pw=,JgI5Pj7CmXGXPqRS4zWEnPGPybg=
226,-49,IV1dyizKfMJf9sdANZc53Sub9Pw=,JgI5Pj7CmXGXPqRS4zWEnPGPybg=
227,-49,IV1dyizKfMJf9sdANZc53Sub9Pw=,JgI5Pj7CmXGXPqRS4zWEnPGPybg=
225,-52,IV1dyizKfMJf9sdANZc53Sub9Pw=,JgI5Pj7CmXGXPqRS4zWEnPGPybg=
227,-52,IV1dyizKfMJf9sdANZc53Sub9Pw=,JgI5Pj7CmXGXPqRS4zWEnPGPybg=
226,-51,IV1dyizKfMJf9sdANZc53Sub9Pw=,JgI5Pj7CmXGXPqRS4zWEnPGPybg=
225,-51,IV1dyizKfMJf9sdANZc53Sub9Pw=,JgI5Pj7CmXGXPqRS4zWEnPGPybg=
226,-52,IV1dyizKfMJf9sdANZc53Sub9Pw=,JgI5Pj7CmXGXPqRS4zWEnPGPybg=
225,-50,IV1dyizKfMJf9sdANZc53Sub9Pw=,JgI5Pj7CmXGXPqRS4zWEnPGPybg=
226,-50,IV1dyizKfMJf9sdANZc53Sub9Pw=,JgI5Pj7CmXGXPqRS4zWEnPGPybg=
227,-51,IV1dyizKfMJf9sdANZc53Sub9Pw=,JgI5Pj7CmXGXPqRS4zWEnPGPybg=
224,-52,IV1dyizKfMJf9sdANZc53Sub9Pw=,JgI5Pj7CmXGXPqRS4zWEnPGPybg=
227,-50,IV1dyizKfMJf9sdANZc53Sub9Pw=,JgI5Pj7CmXGXPqRS4zWEnPGPybg=
224,-51,IV1dyizKfMJf9sdANZc53Sub9Pw=,JgI5Pj7CmXGXPqRS4zWEnPGPybg=
224,-50,IV1dyizKfMJf9sdANZc53Sub9Pw=,JgI5Pj7CmXGXPqRS4zWEnPGPybg=
235,-49,IV1dyizKfMJf9sdANZc53Sub9Pw=,8+tr+0h2bJ9zhb+1O50kU6LhEKg=
236,-52,IV1dyizKfMJf9sdANZc53Sub9Pw=,8+tr+0h2bJ9zhb+1O50kU6LhEKg=
234,-49,IV1dyizKfMJf9sdANZc53Sub9Pw=,8+tr+0h2bJ9zhb+1O50kU6LhEKg=
238,-52,IV1dyizKfMJf9sdANZc53Sub9Pw=,8+tr+0h2bJ9zhb+1O50kU6LhEKg=
237,-52,IV1dyizKfMJf9sdANZc53Sub9Pw=,8+tr+0h2bJ9zhb+1O50kU6LhEKg=
234,-51,IV1dyizKfMJf9sdANZc53Sub9Pw=,8+tr+0h2bJ9zhb+1O50kU6LhEKg=
238,-51,IV1dyizKfMJf9sdANZc53Sub9Pw=,8+tr+0h2bJ9zhb+1O50kU6LhEKg=
234,-50,IV1dyizKfMJf9sdANZc53Sub9Pw=,8+tr+0h2bJ9zhb+1O50kU6LhEKg=
233,-50,IV1dyizKfMJf9sdANZc53Sub9Pw=,8+tr+0h2bJ9zhb+1O50kU6LhEKg=
235,-51,IV1dyizKfMJf9sdANZc53Sub9Pw=,8+tr+0h2bJ9zhb+1O50kU6LhEKg=
235,-50,IV1dyizKfMJf9sdANZc53Sub9Pw=,8+tr+0h2bJ9zhb+1O50kU6LhEKg=
237,-49,IV1dyizKfMJf9sdANZc53Sub9Pw=,8+tr+0h2bJ9zhb+1O50kU6LhEKg=
236,-50,IV1dyizKfMJf9sdANZc53Sub9Pw=,8+tr+0h2bJ9zhb+1O50kU6LhEKg=
233,-51,IV1dyizKfMJf9sdANZc53Sub9Pw=,8+tr+0h2bJ9zhb+1O50kU6LhEKg=
233,-49,IV1dyizKfMJf9sdANZc53Sub9Pw=,8+tr+0h2bJ9zhb+1O50kU6LhEKg=
231,-49,IV1dyizKfMJf9sdANZc53Sub9Pw=,JgI5Pj7CmXGXPqRS4zWEnPGPybg=
237,-50,IV1dyizKfMJf9sdANZc53Sub9Pw=,8+tr+0h2bJ9zhb+1O50kU6LhEKg=
234,-52,IV1dyizKfMJf9sdANZc53Sub9Pw=,8+tr+0h2bJ9zhb+1O50kU6LhEKg=
236,-51,IV1dyizKfMJf9sdANZc53Sub9Pw=,8+tr+0h2bJ9zhb+1O50kU6LhEKg=
235,-52,IV1dyizKfMJf9sdANZc53Sub9Pw=,8+tr+0h2bJ9zhb+1O50kU6LhEKg=
233,-52,IV1dyizKfMJf9sdANZc53Sub9Pw=,8+tr+0h2bJ9zhb+1O50kU6LhEKg=
237,-51,IV1dyizKfMJf9sdANZc53Sub9Pw=,8+tr+0h2bJ9zhb+1O50kU6LhEKg=
238,-50,IV1dyizKfMJf9sdANZc53Sub9Pw=,8+tr+0h2bJ9zhb+1O50kU6LhEKg=
228,-50,IV1dyizKfMJf9sdANZc53Sub9Pw=,JgI5Pj7CmXGXPqRS4zWEnPGPybg=
236,-49,IV1dyizKfMJf9sdANZc53Sub9Pw=,8+tr+0h2bJ9zhb+1O50kU6LhEKg=
230,-50,IV1dyizKfMJf9sdANZc53Sub9Pw=,JgI5Pj7CmXGXPqRS4zWEnPGPybg=
229,-50,IV1dyizKfMJf9sdANZc53Sub9Pw=,JgI5Pj7CmXGXPqRS4zWEnPGPybg=
231,-50,IV1dyizKfMJf9sdANZc53Sub9Pw=,JgI5Pj7CmXGXPqRS4zWEnPGPybg=
232,-52,IV1dyizKfMJf9sdANZc53Sub9Pw=,8+tr+0h2bJ9zhb+1O50kU6LhEKg=
232,-50,IV1dyizKfMJf9sdANZc53Sub9Pw=,8+tr+0h2bJ9zhb+1O50kU6LhEKg=
232,-51,IV1dyizKfMJf9sdANZc53Sub9Pw=,8+tr+0h2bJ9zhb+1O50kU6LhEKg=
228,-49,IV1dyizKfMJf9sdANZc53Sub9Pw=,JgI5Pj7CmXGXPqRS4zWEnPGPybg=
238,-49,IV1dyizKfMJf9sdANZc53Sub9Pw=,8+tr+0h2bJ9zhb+1O50kU6LhEKg=
229,-49,IV1dyizKfMJf9sdANZc53Sub9Pw=,JgI5Pj7CmXGXPqRS4zWEnPGPybg=
230,-49,IV1dyizKfMJf9sdANZc53Sub9Pw=,JgI5Pj7CmXGXPqRS4zWEnPGPybg=
230,-52,IV1dyizKfMJf9sdANZc53Sub9Pw=,JgI5Pj7CmXGXPqRS4zWEnPGPybg=
229,-52,IV1dyizKfMJf9sdANZc53Sub9Pw=,JgI5Pj7CmXGXPqRS4zWEnPGPybg=
231,-52,IV1dyizKfMJf9sdANZc53Sub9Pw=,JgI5Pj7CmXGXPqRS4zWEnPGPybg=
239,-52,IV1dyizKfMJf9sdANZc53Sub9Pw=,8+tr+0h2bJ9zhb+1O50kU6LhEKg=
239,-51,IV1dyizKfMJf9sdANZc53Sub9Pw=,8+tr+0h2bJ9zhb+1O50kU6LhEKg=
228,-52,IV1dyizKfMJf9sdANZc53Sub9Pw=,JgI5Pj7CmXGXPqRS4zWEnPGPybg=
239,-50,IV1dyizKfMJf9sdANZc53Sub9Pw=,8+tr+0h2bJ9zhb+1O50kU6LhEKg=
232,-49,IV1dyizKfMJf9sdANZc53Sub9Pw=,8+tr+0h2bJ9zhb+1O50kU6LhEKg=
239,-49,IV1dyizKfMJf9sdANZc53Sub9Pw=,8+tr+0h2bJ9zhb+1O50kU6LhEKg=
228,-51,IV1dyizKfMJf9sdANZc53Sub9Pw=,JgI5Pj7CmXGXPqRS4zWEnPGPybg=
230,-51,IV1dyizKfMJf9sdANZc53Sub9Pw=,JgI5Pj7CmXGXPqRS4zWEnPGPybg=
229,-51,IV1dyizKfMJf9sdANZc53Sub9Pw=,JgI5Pj7CmXGXPqRS4zWEnPGPybg=
231,-51,IV1dyizKfMJf9sdANZc53Sub9Pw=,JgI5Pj7CmXGXPqRS4zWEnPGPybg=
230,-41,0+XIbtSXPk4ydudyPV0s0+W38IE=,mYF1nhklXUYqgOkxGmqzpPJzqOE=
229,-41,0+XIbtSXPk4ydudyPV0s0+W38IE=,mYF1nhklXUYqgOkxGmqzpPJzqOE=
228,-41,0+XIbtSXPk4ydudyPV0s0+W38IE=,mYF1nhklXUYqgOkxGmqzpPJzqOE=
231,-41,0+XIbtSXPk4ydudyPV0s0+W38IE=,mYF1nhklXUYqgOkxGmqzpPJzqOE=
231,-42,0+XIbtSXPk4ydudyPV0s0+W38IE=,mYF1nhklXUYqgOkxGmqzpPJzqOE=
231,-43,0+XIbtSXPk4ydudyPV0s0+W38IE=,mYF1nhklXUYqgOkxGmqzpPJzqOE=
231,-44,0+XIbtSXPk4ydudyPV0s0+W38IE=,mYF1nhklXUYqgOkxGmqzpPJzqOE=
230,-42,0+XIbtSXPk4ydudyPV0s0+W38IE=,mYF1nhklXUYqgOkxGmqzpPJzqOE=
232,-44,0+XIbtSXPk4ydudyPV0s0+W38IE=,LaD578hC0wb78/WzuNPdmJCIPRA=
233,-44,0+XIbtSXPk4ydudyPV0s0+W38IE=,LaD578hC0wb78/WzuNPdmJCIPRA=
234,-44,0+XIbtSXPk4ydudyPV0s0+W38IE=,LaD578hC0wb78/WzuNPdmJCIPRA=
235,-38,0+XIbtSXPk4ydudyPV0s0+W38IE=,WHDBU2Vwgcr3IYM9qbBWjxExaT0=
232,-39,0+XIbtSXPk4ydudyPV0s0+W38IE=,WHDBU2Vwgcr3IYM9qbBWjxExaT0=
233,-39,0+XIbtSXPk4ydudyPV0s0+W38IE=,WHDBU2Vwgcr3IYM9qbBWjxExaT0=
235,-44,0+XIbtSXPk4ydudyPV0s0+W38IE=,LaD578hC0wb78/WzuNPdmJCIPRA=
229,-42,0+XIbtSXPk4ydudyPV0s0+W38IE=,mYF1nhklXUYqgOkxGmqzpPJzqOE=
231,-40,0+XIbtSXPk4ydudyPV0s0+W38IE=,O8akVS7HihGu9uiffXVluZeBcIM=
228,-40,0+XIbtSXPk4ydudyPV0s0+W38IE=,O8akVS7HihGu9uiffXVluZeBcIM=
232,-43,0+XIbtSXPk4ydudyPV0s0+W38IE=,LaD578hC0wb78/WzuNPdmJCIPRA=
233,-43,0+XIbtSXPk4ydudyPV0s0+W38IE=,LaD578hC0wb78/WzuNPdmJCIPRA=
234,-43,0+XIbtSXPk4ydudyPV0s0+W38IE=,LaD578hC0wb78/WzuNPdmJCIPRA=
235,-43,0+XIbtSXPk4ydudyPV0s0+W38IE=,LaD578hC0wb78/WzuNPdmJCIPRA=
234,-39,0+XIbtSXPk4ydudyPV0s0+W38IE=,WHDBU2Vwgcr3IYM9qbBWjxExaT0=
233,-42,0+XIbtSXPk4ydudyPV0s0+W38IE=,LaD578hC0wb78/WzuNPdmJCIPRA=
232,-42,0+XIbtSXPk4ydudyPV0s0+W38IE=,LaD578hC0wb78/WzuNPdmJCIPRA=
229,-40,0+XIbtSXPk4ydudyPV0s0+W38IE=,O8akVS7HihGu9uiffXVluZeBcIM=
229,-39,0+XIbtSXPk4ydudyPV0s0+W38IE=,O8akVS7HihGu9uiffXVluZeBcIM=
230,-40,0+XIbtSXPk4ydudyPV0s0+W38IE=,O8akVS7HihGu9uiffXVluZeBcIM=
228,-39,0+XIbtSXPk4ydudyPV0s0+W38IE=,O8akVS7HihGu9uiffXVluZeBcIM=
231,-39,0+XIbtSXPk4ydudyPV0s0+W38IE=,O8akVS7HihGu9uiffXVluZeBcIM=
234,-42,0+XIbtSXPk4ydudyPV0s0+W38IE=,LaD578hC0wb78/WzuNPdmJCIPRA=
228,-42,0+XIbtSXPk4ydudyPV0s0+W38IE=,mYF1nhklXUYqgOkxGmqzpPJzqOE=
235,-42,0+XIbtSXPk4ydudyPV0s0+W38IE=,LaD578hC0wb78/WzuNPdmJCIPRA=
234,-40,0+XIbtSXPk4ydudyPV0s0+W38IE=,WHDBU2Vwgcr3IYM9qbBWjxExaT0=
232,-38,0+XIbtSXPk4ydudyPV0s0+W38IE=,WHDBU2Vwgcr3IYM9qbBWjxExaT0=
233,-38,0+XIbtSXPk4ydudyPV0s0+W38IE=,WHDBU2Vwgcr3IYM9qbBWjxExaT0=
228,-38,0+XIbtSXPk4ydudyPV0s0+W38IE=,O8akVS7HihGu9uiffXVluZeBcIM=
230,-39,0+XIbtSXPk4ydudyPV0s0+W38IE=,O8akVS7HihGu9uiffXVluZeBcIM=
229,-38,0+XIbtSXPk4ydudyPV0s0+W38IE=,O8akVS7HihGu9uiffXVluZeBcIM=
234,-38,0+XIbtSXPk4ydudyPV0s0+W38IE=,WHDBU2Vwgcr3IYM9qbBWjxExaT0=
229,-44,0+XIbtSXPk4ydudyPV0s0+W38IE=,mYF1nhklXUYqgOkxGmqzpPJzqOE=
230,-38,0+XIbtSXPk4ydudyPV0s0+W38IE=,O8akVS7HihGu9uiffXVluZeBcIM=
230,-44,0+XIbtSXPk4ydudyPV0s0+W38IE=,mYF1nhklXUYqgOkxGmqzpPJzqOE=
231,-38,0+XIbtSXPk4ydudyPV0s0+W38IE=,O8akVS7HihGu9uiffXVluZeBcIM=
235,-39,0+XIbtSXPk4ydudyPV0s0+W38IE=,WHDBU2Vwgcr3IYM9qbBWjxExaT0=
230,-43,0+XIbtSXPk4ydudyPV0s0+W38IE=,mYF1nhklXUYqgOkxGmqzpPJzqOE=
232,-40,0+XIbtSXPk4ydudyPV0s0+W38IE=,WHDBU2Vwgcr3IYM9qbBWjxExaT0=
228,-43,0+XIbtSXPk4ydudyPV0s0+W38IE=,mYF1nhklXUYqgOkxGmqzpPJzqOE=
235,-37,0+XIbtSXPk4ydudyPV0s0+W38IE=,WHDBU2Vwgcr3IYM9qbBWjxExaT0=
233,-37,0+XIbtSXPk4ydudyPV0s0+W38IE=,WHDBU2Vwgcr3IYM9qbBWjxExaT0=
235,-40,0+XIbtSXPk4ydudyPV0s0+W38IE=,WHDBU2Vwgcr3IYM9qbBWjxExaT0=
229,-43,0+XIbtSXPk4ydudyPV0s0+W38IE=,mYF1nhklXUYqgOkxGmqzpPJzqOE=
236,-41,0+XIbtSXPk4ydudyPV0s0+W38IE=,LaD578hC0wb78/WzuNPdmJCIPRA=
228,-37,0+XIbtSXPk4ydudyPV0s0+W38IE=,O8akVS7HihGu9uiffXVluZeBcIM=
232,-37,0+XIbtSXPk4ydudyPV0s0+W38IE=,WHDBU2Vwgcr3IYM9qbBWjxExaT0=
235,-41,0+XIbtSXPk4ydudyPV0s0+W38IE=,LaD578hC0wb78/WzuNPdmJCIPRA=
229,-37,0+XIbtSXPk4ydudyPV0s0+W38IE=,O8akVS7HihGu9uiffXVluZeBcIM=
234,-41,0+XIbtSXPk4ydudyPV0s0+W38IE=,LaD578hC0wb78/WzuNPdmJCIPRA=
233,-40,0+XIbtSXPk4ydudyPV0s0+W38IE=,WHDBU2Vwgcr3IYM9qbBWjxExaT0=
230,-37,0+XIbtSXPk4ydudyPV0s0+W38IE=,O8akVS7HihGu9uiffXVluZeBcIM=
233,-41,0+XIbtSXPk4ydudyPV0s0+W38IE=,LaD578hC0wb78/WzuNPdmJCIPRA=
231,-37,0+XIbtSXPk4ydudyPV0s0+W38IE=,O8akVS7HihGu9uiffXVluZeBcIM=
232,-41,0+XIbtSXPk4ydudyPV0s0+W38IE=,LaD578hC0wb78/WzuNPdmJCIPRA=
237,-41,0+XIbtSXPk4ydudyPV0s0+W38IE=,LaD578hC0wb78/WzuNPdmJCIPRA=
239,-41,0+XIbtSXPk4ydudyPV0s0+W38IE=,LaD578hC0wb78/WzuNPdmJCIPRA=
234,-37,0+XIbtSXPk4ydudyPV0s0+W38IE=,WHDBU2Vwgcr3IYM9qbBWjxExaT0=
239,-38,0+XIbtSXPk4ydudyPV0s0+W38IE=,WHDBU2Vwgcr3IYM9qbBWjxExaT0=
236,-44,0+XIbtSXPk4ydudyPV0s0+W38IE=,LaD578hC0wb78/WzuNPdmJCIPRA=
238,-44,0+XIbtSXPk4ydudyPV0s0+W38IE=,LaD578hC0wb78/WzuNPdmJCIPRA=
236,-43,0+XIbtSXPk4ydudyPV0s0+W38IE=,LaD578hC0wb78/WzuNPdmJCIPRA=
237,-43,0+XIbtSXPk4ydudyPV0s0+W38IE=,LaD578hC0wb78/WzuNPdmJCIPRA=
238,-43,0+XIbtSXPk4ydudyPV0s0+W38IE=,LaD578hC0wb78/WzuNPdmJCIPRA=
238,-41,0+XIbtSXPk4ydudyPV0s0+W38IE=,LaD578hC0wb78/WzuNPdmJCIPRA=
236,-42,0+XIbtSXPk4ydudyPV0s0+W38IE=,LaD578hC0wb78/WzuNPdmJCIPRA=
236,-40,0+XIbtSXPk4ydudyPV0s0+W38IE=,WHDBU2Vwgcr3IYM9qbBWjxExaT0=
237,-40,0+XIbtSXPk4ydudyPV0s0+W38IE=,WHDBU2Vwgcr3IYM9qbBWjxExaT0=
237,-42,0+XIbtSXPk4ydudyPV0s0+W38IE=,LaD578hC0wb78/WzuNPdmJCIPRA=
239,-39,0+XIbtSXPk4ydudyPV0s0+W38IE=,WHDBU2Vwgcr3IYM9qbBWjxExaT0=
238,-40,0+XIbtSXPk4ydudyPV0s0+W38IE=,WHDBU2Vwgcr3IYM9qbBWjxExaT0=
238,-42,0+XIbtSXPk4ydudyPV0s0+W38IE=,LaD578hC0wb78/WzuNPdmJCIPRA=
239,-44,0+XIbtSXPk4ydudyPV0s0+W38IE=,LaD578hC0wb78/WzuNPdmJCIPRA=
239,-43,0+XIbtSXPk4ydudyPV0s0+W38IE=,LaD578hC0wb78/WzuNPdmJCIPRA=
238,-37,0+XIbtSXPk4ydudyPV0s0+W38IE=,WHDBU2Vwgcr3IYM9qbBWjxExaT0=
239,-42,0+XIbtSXPk4ydudyPV0s0+W38IE=,LaD578hC0wb78/WzuNPdmJCIPRA=
238,-39,0+XIbtSXPk4ydudyPV0s0+W38IE=,WHDBU2Vwgcr3IYM9qbBWjxExaT0=
237,-39,0+XIbtSXPk4ydudyPV0s0+W38IE=,WHDBU2Vwgcr3IYM9qbBWjxExaT0=
239,-37,0+XIbtSXPk4ydudyPV0s0+W38IE=,WHDBU2Vwgcr3IYM9qbBWjxExaT0=
238,-38,0+XIbtSXPk4ydudyPV0s0+W38IE=,WHDBU2Vwgcr3IYM9qbBWjxExaT0=
236,-39,0+XIbtSXPk4ydudyPV0s0+W38IE=,WHDBU2Vwgcr3IYM9qbBWjxExaT0=
237,-37,0+XIbtSXPk4ydudyPV0s0+W38IE=,WHDBU2Vwgcr3IYM9qbBWjxExaT0=
237,-38,0+XIbtSXPk4ydudyPV0s0+W38IE=,WHDBU2Vwgcr3IYM9qbBWjxExaT0=
236,-37,0+XIbtSXPk4ydudyPV0s0+W38IE=,WHDBU2Vwgcr3IYM9qbBWjxExaT0=
236,-38,0+XIbtSXPk4ydudyPV0s0+W38IE=,WHDBU2Vwgcr3IYM9qbBWjxExaT0=
239,-40,0+XIbtSXPk4ydudyPV0s0+W38IE=,WHDBU2Vwgcr3IYM9qbBWjxExaT0=
228,-44,0+XIbtSXPk4ydudyPV0s0+W38IE=,mYF1nhklXUYqgOkxGmqzpPJzqOE=
237,-44,0+XIbtSXPk4ydudyPV0s0+W38IE=,LaD578hC0wb78/WzuNPdmJCIPRA=
239,-45,0+XIbtSXPk4ydudyPV0s0+W38IE=,LaD578hC0wb78/WzuNPdmJCIPRA=
239,-48,0+XIbtSXPk4ydudyPV0s0+W38IE=,LaD578hC0wb78/WzuNPdmJCIPRA=
236,-47,0+XIbtSXPk4ydudyPV0s0+W38IE=,LaD578hC0wb78/WzuNPdmJCIPRA=
237,-47,0+XIbtSXPk4ydudyPV0s0+W38IE=,LaD578hC0wb78/WzuNPdmJCIPRA=
238,-47,0+XIbtSXPk4ydudyPV0s0+W38IE=,LaD578hC0wb78/WzuNPdmJCIPRA=
236,-46,0+XIbtSXPk4ydudyPV0s0+W38IE=,LaD578hC0wb78/WzuNPdmJCIPRA=
236,-45,0+XIbtSXPk4ydudyPV0s0+W38IE=,LaD578hC0wb78/WzuNPdmJCIPRA=
237,-45,0+XIbtSXPk4ydudyPV0s0+W38IE=,LaD578hC0wb78/WzuNPdmJCIPRA=
237,-46,0+XIbtSXPk4ydudyPV0s0+W38IE=,LaD578hC0wb78/WzuNPdmJCIPRA=
238,-45,0+XIbtSXPk4ydudyPV0s0+W38IE=,LaD578hC0wb78/WzuNPdmJCIPRA=
236,-48,0+XIbtSXPk4ydudyPV0s0+W38IE=,LaD578hC0wb78/WzuNPdmJCIPRA=
238,-46,0+XIbtSXPk4ydudyPV0s0+W38IE=,LaD578hC0wb78/WzuNPdmJCIPRA=
237,-48,0+XIbtSXPk4ydudyPV0s0+W38IE=,LaD578hC0wb78/WzuNPdmJCIPRA=
238,-48,0+XIbtSXPk4ydudyPV0s0+W38IE=,LaD578hC0wb78/WzuNPdmJCIPRA=
239,-47,0+XIbtSXPk4ydudyPV0s0+W38IE=,LaD578hC0wb78/WzuNPdmJCIPRA=
239,-46,0+XIbtSXPk4ydudyPV0s0+W38IE=,LaD578hC0wb78/WzuNPdmJCIPRA=
231,-33,0+XIbtSXPk4ydudyPV0s0+W38IE=,O8akVS7HihGu9uiffXVluZeBcIM=
238,-36,0+XIbtSXPk4ydudyPV0s0+W38IE=,WHDBU2Vwgcr3IYM9qbBWjxExaT0=
236,-36,0+XIbtSXPk4ydudyPV0s0+W38IE=,WHDBU2Vwgcr3IYM9qbBWjxExaT0=
237,-36,0+XIbtSXPk4ydudyPV0s0+W38IE=,WHDBU2Vwgcr3IYM9qbBWjxExaT0=
237,-33,0+XIbtSXPk4ydudyPV0s0+W38IE=,WHDBU2Vwgcr3IYM9qbBWjxExaT0=
235,-36,0+XIbtSXPk4ydudyPV0s0+W38IE=,WHDBU2Vwgcr3IYM9qbBWjxExaT0=
229,-34,0+XIbtSXPk4ydudyPV0s0+W38IE=,O8akVS7HihGu9uiffXVluZeBcIM=
230,-34,0+XIbtSXPk4ydudyPV0s0+W38IE=,O8akVS7HihGu9uiffXVluZeBcIM=
228,-34,0+XIbtSXPk4ydudyPV0s0+W38IE=,O8akVS7HihGu9uiffXVluZeBcIM=
233,-36,0+XIbtSXPk4ydudyPV0s0+W38IE=,WHDBU2Vwgcr3IYM9qbBWjxExaT0=
232,-36,0+XIbtSXPk4ydudyPV0s0+W38IE=,WHDBU2Vwgcr3IYM9qbBWjxExaT0=
231,-36,0+XIbtSXPk4ydudyPV0s0+W38IE=,O8akVS7HihGu9uiffXVluZeBcIM=
230,-33,0+XIbtSXPk4ydudyPV0s0+W38IE=,O8akVS7HihGu9uiffXVluZeBcIM=
229,-33,0+XIbtSXPk4ydudyPV0s0+W38IE=,O8akVS7HihGu9uiffXVluZeBcIM=
228,-33,0+XIbtSXPk4ydudyPV0s0+W38IE=,O8akVS7HihGu9uiffXVluZeBcIM=
238,-35,0+XIbtSXPk4ydudyPV0s0+W38IE=,WHDBU2Vwgcr3IYM9qbBWjxExaT0=
228,-36,0+XIbtSXPk4ydudyPV0s0+W38IE=,O8akVS7HihGu9uiffXVluZeBcIM=
230,-36,0+XIbtSXPk4ydudyPV0s0+W38IE=,O8akVS7HihGu9uiffXVluZeBcIM=
228,-35,0+XIbtSXPk4ydudyPV0s0+W38IE=,O8akVS7HihGu9uiffXVluZeBcIM=
238,-33,0+XIbtSXPk4ydudyPV0s0+W38IE=,WHDBU2Vwgcr3IYM9qbBWjxExaT0=
229,-36,0+XIbtSXPk4ydudyPV0s0+W38IE=,O8akVS7HihGu9uiffXVluZeBcIM=
229,-35,0+XIbtSXPk4ydudyPV0s0+W38IE=,O8akVS7HihGu9uiffXVluZeBcIM=
237,-34,0+XIbtSXPk4ydudyPV0s0+W38IE=,WHDBU2Vwgcr3IYM9qbBWjxExaT0=
230,-35,0+XIbtSXPk4ydudyPV0s0+W38IE=,O8akVS7HihGu9uiffXVluZeBcIM=
231,-35,0+XIbtSXPk4ydudyPV0s0+W38IE=,O8akVS7HihGu9uiffXVluZeBcIM=
237,-35,0+XIbtSXPk4ydudyPV0s0+W38IE=,WHDBU2Vwgcr3IYM9qbBWjxExaT0=
238,-34,0+XIbtSXPk4ydudyPV0s0+W38IE=,WHDBU2Vwgcr3IYM9qbBWjxExaT0=
239,-33,0+XIbtSXPk4ydudyPV0s0+W38IE=,WHDBU2Vwgcr3IYM9qbBWjxExaT0=
236,-35,0+XIbtSXPk4ydudyPV0s0+W38IE=,WHDBU2Vwgcr3IYM9qbBWjxExaT0=
236,-34,0+XIbtSXPk4ydudyPV0s0+W38IE=,WHDBU2Vwgcr3IYM9qbBWjxExaT0=
235,-35,0+XIbtSXPk4ydudyPV0s0+W38IE=,WHDBU2Vwgcr3IYM9qbBWjxExaT0=
235,-34,0+XIbtSXPk4ydudyPV0s0+W38IE=,WHDBU2Vwgcr3IYM9qbBWjxExaT0=
234,-36,0+XIbtSXPk4ydudyPV0s0+W38IE=,WHDBU2Vwgcr3IYM9qbBWjxExaT0=
236,-33,0+XIbtSXPk4ydudyPV0s0+W38IE=,WHDBU2Vwgcr3IYM9qbBWjxExaT0=
234,-35,0+XIbtSXPk4ydudyPV0s0+W38IE=,WHDBU2Vwgcr3IYM9qbBWjxExaT0=
234,-34,0+XIbtSXPk4ydudyPV0s0+W38IE=,WHDBU2Vwgcr3IYM9qbBWjxExaT0=
233,-35,0+XIbtSXPk4ydudyPV0s0+W38IE=,WHDBU2Vwgcr3IYM9qbBWjxExaT0=
233,-34,0+XIbtSXPk4ydudyPV0s0+W38IE=,WHDBU2Vwgcr3IYM9qbBWjxExaT0=
239,-36,0+XIbtSXPk4ydudyPV0s0+W38IE=,WHDBU2Vwgcr3IYM9qbBWjxExaT0=
232,-34,0+XIbtSXPk4ydudyPV0s0+W38IE=,WHDBU2Vwgcr3IYM9qbBWjxExaT0=
239,-34,0+XIbtSXPk4ydudyPV0s0+W38IE=,WHDBU2Vwgcr3IYM9qbBWjxExaT0=
239,-35,0+XIbtSXPk4ydudyPV0s0+W38IE=,WHDBU2Vwgcr3IYM9qbBWjxExaT0=
231,-34,0+XIbtSXPk4ydudyPV0s0+W38IE=,O8akVS7HihGu9uiffXVluZeBcIM=
233,-33,0+XIbtSXPk4ydudyPV0s0+W38IE=,WHDBU2Vwgcr3IYM9qbBWjxExaT0=
234,-33,0+XIbtSXPk4ydudyPV0s0+W38IE=,WHDBU2Vwgcr3IYM9qbBWjxExaT0=
232,-33,0+XIbtSXPk4ydudyPV0s0+W38IE=,WHDBU2Vwgcr3IYM9qbBWjxExaT0=
235,-33,0+XIbtSXPk4ydudyPV0s0+W38IE=,WHDBU2Vwgcr3IYM9qbBWjxExaT0=
232,-35,0+XIbtSXPk4ydudyPV0s0+W38IE=,WHDBU2Vwgcr3IYM9qbBWjxExaT0=
224,-41,lw820c1vl4abIHG34M5ovXJF0h0=,mYF1nhklXUYqgOkxGmqzpPJzqOE=
225,-44,lw820c1vl4abIHG34M5ovXJF0h0=,mYF1nhklXUYqgOkxGmqzpPJzqOE=
226,-44,lw820c1vl4abIHG34M5ovXJF0h0=,mYF1nhklXUYqgOkxGmqzpPJzqOE=
224,-42,lw820c1vl4abIHG34M5ovXJF0h0=,mYF1nhklXUYqgOkxGmqzpPJzqOE=
227,-44,lw820c1vl4abIHG34M5ovXJF0h0=,mYF1nhklXUYqgOkxGmqzpPJzqOE=
226,-43,lw820c1vl4abIHG34M5ovXJF0h0=,mYF1nhklXUYqgOkxGmqzpPJzqOE=
226,-42,lw820c1vl4abIHG34M5ovXJF0h0=,mYF1nhklXUYqgOkxGmqzpPJzqOE=
224,-43,lw820c1vl4abIHG34M5ovXJF0h0=,mYF1nhklXUYqgOkxGmqzpPJzqOE=
225,-42,lw820c1vl4abIHG34M5ovXJF0h0=,mYF1nhklXUYqgOkxGmqzpPJzqOE=
225,-43,lw820c1vl4abIHG34M5ovXJF0h0=,mYF1nhklXUYqgOkxGmqzpPJzqOE=
227,-43,lw820c1vl4abIHG34M5ovXJF0h0=,mYF1nhklXUYqgOkxGmqzpPJzqOE=
227,-42,lw820c1vl4abIHG34M5ovXJF0h0=,mYF1nhklXUYqgOkxGmqzpPJzqOE=
226,-40,lw820c1vl4abIHG34M5ovXJF0h0=,O8akVS7HihGu9uiffXVluZeBcIM=
227,-40,lw820c1vl4abIHG34M5ovXJF0h0=,O8akVS7HihGu9uiffXVluZeBcIM=
225,-40,lw820c1vl4abIHG34M5ovXJF0h0=,O8akVS7HihGu9uiffXVluZeBcIM=
225,-39,lw820c1vl4abIHG34M5ovXJF0h0=,O8akVS7HihGu9uiffXVluZeBcIM=
226,-39,lw820c1vl4abIHG34M5ovXJF0h0=,O8akVS7HihGu9uiffXVluZeBcIM=
227,-39,lw820c1vl4abIHG34M5ovXJF0h0=,O8akVS7HihGu9uiffXVluZeBcIM=
225,-38,lw820c1vl4abIHG34M5ovXJF0h0=,O8akVS7HihGu9uiffXVluZeBcIM=
224,-44,lw820c1vl4abIHG34M5ovXJF0h0=,mYF1nhklXUYqgOkxGmqzpPJzqOE=
225,-37,lw820c1vl4abIHG34M5ovXJF0h0=,O8akVS7HihGu9uiffXVluZeBcIM=
226,-37,lw820c1vl4abIHG34M5ovXJF0h0=,O8akVS7HihGu9uiffXVluZeBcIM=
227,-38,lw820c1vl4abIHG34M5ovXJF0h0=,O8akVS7HihGu9uiffXVluZeBcIM=
224,-39,lw820c1vl4abIHG34M5ovXJF0h0=,O8akVS7HihGu9uiffXVluZeBcIM=
227,-37,lw820c1vl4abIHG34M5ovXJF0h0=,O8akVS7HihGu9uiffXVluZeBcIM=
224,-38,lw820c1vl4abIHG34M5ovXJF0h0=,O8akVS7HihGu9uiffXVluZeBcIM=
226,-41,lw820c1vl4abIHG34M5ovXJF0h0=,mYF1nhklXUYqgOkxGmqzpPJzqOE=
224,-37,lw820c1vl4abIHG34M5ovXJF0h0=,O8akVS7HihGu9uiffXVluZeBcIM=
227,-41,lw820c1vl4abIHG34M5ovXJF0h0=,mYF1nhklXUYqgOkxGmqzpPJzqOE=
224,-40,lw820c1vl4abIHG34M5ovXJF0h0=,O8akVS7HihGu9uiffXVluZeBcIM=
225,-33,lw820c1vl4abIHG34M5ovXJF0h0=,O8akVS7HihGu9uiffXVluZeBcIM=
226,-33,lw820c1vl4abIHG34M5ovXJF0h0=,O8akVS7HihGu9uiffXVluZeBcIM=
225,-35,lw820c1vl4abIHG34M5ovXJF0h0=,O8akVS7HihGu9uiffXVluZeBcIM=
225,-36,lw820c1vl4abIHG34M5ovXJF0h0=,O8akVS7HihGu9uiffXVluZeBcIM=
227,-33,lw820c1vl4abIHG34M5ovXJF0h0=,O8akVS7HihGu9uiffXVluZeBcIM=
226,-36,lw820c1vl4abIHG34M5ovXJF0h0=,O8akVS7HihGu9uiffXVluZeBcIM=
227,-36,lw820c1vl4abIHG34M5ovXJF0h0=,O8akVS7HihGu9uiffXVluZeBcIM=
226,-35,lw820c1vl4abIHG34M5ovXJF0h0=,O8akVS7HihGu9uiffXVluZeBcIM=
224,-34,lw820c1vl4abIHG34M5ovXJF0h0=,O8akVS7HihGu9uiffXVluZeBcIM=
224,-35,lw820c1vl4abIHG34M5ovXJF0h0=,O8akVS7HihGu9uiffXVluZeBcIM=
226,-34,lw820c1vl4abIHG34M5ovXJF0h0=,O8akVS7HihGu9uiffXVluZeBcIM=
225,-41,lw820c1vl4abIHG34M5ovXJF0h0=,mYF1nhklXUYqgOkxGmqzpPJzqOE=
224,-36,lw820c1vl4abIHG34M5ovXJF0h0=,O8akVS7HihGu9uiffXVluZeBcIM=
226,-38,lw820c1vl4abIHG34M5ovXJF0h0=,O8akVS7HihGu9uiffXVluZeBcIM=
235,-48,lw820c1vl4abIHG34M5ovXJF0h0=,LaD578hC0wb78/WzuNPdmJCIPRA=
232,-48,lw820c1vl4abIHG34M5ovXJF0h0=,LaD578hC0wb78/WzuNPdmJCIPRA=
227,-34,lw820c1vl4abIHG34M5ovXJF0h0=,O8akVS7HihGu9uiffXVluZeBcIM=
229,-48,lw820c1vl4abIHG34M5ovXJF0h0=,mYF1nhklXUYqgOkxGmqzpPJzqOE=
231,-48,lw820c1vl4abIHG34M5ovXJF0h0=,mYF1nhklXUYqgOkxGmqzpPJzqOE=
225,-34,lw820c1vl4abIHG34M5ovXJF0h0=,O8akVS7HihGu9uiffXVluZeBcIM=
228,-48,lw820c1vl4abIHG34M5ovXJF0h0=,mYF1nhklXUYqgOkxGmqzpPJzqOE=
224,-33,lw820c1vl4abIHG34M5ovXJF0h0=,O8akVS7HihGu9uiffXVluZeBcIM=
227,-48,lw820c1vl4abIHG34M5ovXJF0h0=,mYF1nhklXUYqgOkxGmqzpPJzqOE=
228,-47,lw820c1vl4abIHG34M5ovXJF0h0=,mYF1nhklXUYqgOkxGmqzpPJzqOE=
226,-48,lw820c1vl4abIHG34M5ovXJF0h0=,mYF1nhklXUYqgOkxGmqzpPJzqOE=
234,-48,lw820c1vl4abIHG34M5ovXJF0h0=,LaD578hC0wb78/WzuNPdmJCIPRA=
230,-48,lw820c1vl4abIHG34M5ovXJF0h0=,mYF1nhklXUYqgOkxGmqzpPJzqOE=
233,-47,lw820c1vl4abIHG34M5ovXJF0h0=,LaD578hC0wb78/WzuNPdmJCIPRA=
232,-47,lw820c1vl4abIHG34M5ovXJF0h0=,LaD578hC0wb78/WzuNPdmJCIPRA=
224,-47,lw820c1vl4abIHG34M5ovXJF0h0=,mYF1nhklXUYqgOkxGmqzpPJzqOE=
233,-48,lw820c1vl4abIHG34M5ovXJF0h0=,LaD578hC0wb78/WzuNPdmJCIPRA=
225,-48,lw820c1vl4abIHG34M5ovXJF0h0=,mYF1nhklXUYqgOkxGmqzpPJzqOE=
230,-47,lw820c1vl4abIHG34M5ovXJF0h0=,mYF1nhklXUYqgOkxGmqzpPJzqOE=
229,-47,lw820c1vl4abIHG34M5ovXJF0h0=,mYF1nhklXUYqgOkxGmqzpPJzqOE=
234,-47,lw820c1vl4abIHG34M5ovXJF0h0=,LaD578hC0wb78/WzuNPdmJCIPRA=
224,-48,lw820c1vl4abIHG34M5ovXJF0h0=,mYF1nhklXUYqgOkxGmqzpPJzqOE=
235,-47,lw820c1vl4abIHG34M5ovXJF0h0=,LaD578hC0wb78/WzuNPdmJCIPRA=
235,-45,lw820c1vl4abIHG34M5ovXJF0h0=,LaD578hC0wb78/WzuNPdmJCIPRA=
232,-46,lw820c1vl4abIHG34M5ovXJF0h0=,LaD578hC0wb78/WzuNPdmJCIPRA=
233,-46,lw820c1vl4abIHG34M5ovXJF0h0=,LaD578hC0wb78/WzuNPdmJCIPRA=
226,-46,lw820c1vl4abIHG34M5ovXJF0h0=,mYF1nhklXUYqgOkxGmqzpPJzqOE=
234,-46,lw820c1vl4abIHG34M5ovXJF0h0=,LaD578hC0wb78/WzuNPdmJCIPRA=
235,-46,lw820c1vl4abIHG34M5ovXJF0h0=,LaD578hC0wb78/WzuNPdmJCIPRA=
230,-46,lw820c1vl4abIHG34M5ovXJF0h0=,mYF1nhklXUYqgOkxGmqzpPJzqOE=
229,-46,lw820c1vl4abIHG34M5ovXJF0h0=,mYF1nhklXUYqgOkxGmqzpPJzqOE=
228,-46,lw820c1vl4abIHG34M5ovXJF0h0=,mYF1nhklXUYqgOkxGmqzpPJzqOE=
226,-45,lw820c1vl4abIHG34M5ovXJF0h0=,mYF1nhklXUYqgOkxGmqzpPJzqOE=
234,-45,lw820c1vl4abIHG34M5ovXJF0h0=,LaD578hC0wb78/WzuNPdmJCIPRA=
232,-45,lw820c1vl4abIHG34M5ovXJF0h0=,LaD578hC0wb78/WzuNPdmJCIPRA=
224,-45,lw820c1vl4abIHG34M5ovXJF0h0=,mYF1nhklXUYqgOkxGmqzpPJzqOE=
233,-45,lw820c1vl4abIHG34M5ovXJF0h0=,LaD578hC0wb78/WzuNPdmJCIPRA=
228,-45,lw820c1vl4abIHG34M5ovXJF0h0=,mYF1nhklXUYqgOkxGmqzpPJzqOE=
227,-45,lw820c1vl4abIHG34M5ovXJF0h0=,mYF1nhklXUYqgOkxGmqzpPJzqOE=
230,-45,lw820c1vl4abIHG34M5ovXJF0h0=,mYF1nhklXUYqgOkxGmqzpPJzqOE=
229,-45,lw820c1vl4abIHG34M5ovXJF0h0=,mYF1nhklXUYqgOkxGmqzpPJzqOE=
227,-47,lw820c1vl4abIHG34M5ovXJF0h0=,mYF1nhklXUYqgOkxGmqzpPJzqOE=
231,-46,lw820c1vl4abIHG34M5ovXJF0h0=,mYF1nhklXUYqgOkxGmqzpPJzqOE=
225,-46,lw820c1vl4abIHG34M5ovXJF0h0=,mYF1nhklXUYqgOkxGmqzpPJzqOE=
231,-45,lw820c1vl4abIHG34M5ovXJF0h0=,mYF1nhklXUYqgOkxGmqzpPJzqOE=
225,-47,lw820c1vl4abIHG34M5ovXJF0h0=,mYF1nhklXUYqgOkxGmqzpPJzqOE=
224,-46,lw820c1vl4abIHG34M5ovXJF0h0=,mYF1nhklXUYqgOkxGmqzpPJzqOE=
225,-45,lw820c1vl4abIHG34M5ovXJF0h0=,mYF1nhklXUYqgOkxGmqzpPJzqOE=
226,-47,lw820c1vl4abIHG34M5ovXJF0h0=,mYF1nhklXUYqgOkxGmqzpPJzqOE=
227,-46,lw820c1vl4abIHG34M5ovXJF0h0=,mYF1nhklXUYqgOkxGmqzpPJzqOE=
231,-47,lw820c1vl4abIHG34M5ovXJF0h0=,mYF1nhklXUYqgOkxGmqzpPJzqOE=
227,-35,lw820c1vl4abIHG34M5ovXJF0h0=,O8akVS7HihGu9uiffXVluZeBcIM=
