-116,34,6NDOqa1Ekx7qWnNmpYxJsq5j13s=,ubiZAto9xfnIgda6SooaXnNDNoA=
-117,36,6NDOqa1Ekx7qWnNmpYxJsq5j13s=,WznnUOPe+Q+r9k+2Tqni/4sVo/U=
-118,37,6NDOqa1Ekx7qWnNmpYxJsq5j13s=,WznnUOPe+Q+r9k+2Tqni/4sVo/U=
-116,35,6NDOqa1Ekx7qWnNmpYxJsq5j13s=,ubiZAto9xfnIgda6SooaXnNDNoA=
-117,37,6NDOqa1Ekx7qWnNmpYxJsq5j13s=,WznnUOPe+Q+r9k+2Tqni/4sVo/U=
-115,34,6NDOqa1Ekx7qWnNmpYxJsq5j13s=,ubiZAto9xfnIgda6SooaXnNDNoA=
-115,36,6NDOqa1Ekx7qWnNmpYxJsq5j13s=,sJk7jPTjHfkC+MA9TUY0t4unqS4=
-115,35,6NDOqa1Ekx7qWnNmpYxJsq5j13s=,ubiZAto9xfnIgda6SooaXnNDNoA=
-115,37,6NDOqa1Ekx7qWnNmpYxJsq5j13s=,sJk7jPTjHfkC+MA9TUY0t4unqS4=
-116,37,6NDOqa1Ekx7qWnNmpYxJsq5j13s=,sJk7jPTjHfkC+MA9TUY0t4unqS4=
-117,34,6NDOqa1Ekx7qWnNmpYxJsq5j13s=,31fa+Ky8vuipLIAv6ezlEvAuOcQ=
-118,34,6NDOqa1Ekx7qWnNmpYxJsq5j13s=,31fa+Ky8vuipLIAv6ezlEvAuOcQ=
-117,35,6NDOqa1Ekx7qWnNmpYxJsq5j13s=,31fa+Ky8vuipLIAv6ezlEvAuOcQ=
-118,36,6NDOqa1Ekx7qWnNmpYxJsq5j13s=,WznnUOPe+Q+r9k+2Tqni/4sVo/U=
-118,35,6NDOqa1Ekx7qWnNmpYxJsq5j13s=,31fa+Ky8vuipLIAv6ezlEvAuOcQ=
-116,36,6NDOqa1Ekx7qWnNmpYxJsq5j13s=,sJk7jPTjHfkC+MA9TUY0t4unqS4=
-119,37,BiTyNJz1EOEbQ031CUzTWrcG5cE=,WznnUOPe+Q+r9k+2Tqni/4sVo/U=
-120,36,BiTyNJz1EOEbQ031CUzTWrcG5cE=,WznnUOPe+Q+r9k+2Tqni/4sVo/U=
-119,34,BiTyNJz1EOEbQ031CUzTWrcG5cE=,31fa+Ky8vuipLIAv6ezlEvAuOcQ=
-121,34,BiTyNJz1EOEbQ031CUzTWrcG5cE=,kOtMHMZvsjxpVxV4C9WVw3xbgD4=
-122,34,BiTyNJz1EOEbQ031CUzTWrcG5cE=,kOtMHMZvsjxpVxV4C9WVw3xbgD4=
-119,35,BiTyNJz1EOEbQ031CUzTWrcG5cE=,31fa+Ky8vuipLIAv6ezlEvAuOcQ=
-120,35,BiTyNJz1EOEbQ031CUzTWrcG5cE=,31fa+Ky8vuipLIAv6ezlEvAuOcQ=
-120,34,BiTyNJz1EOEbQ031CUzTWrcG5cE=,31fa+Ky8vuipLIAv6ezlEvAuOcQ=
-119,36,BiTyNJz1EOEbQ031CUzTWrcG5cE=,WznnUOPe+Q+r9k+2Tqni/4sVo/U=
-121,35,BiTyNJz1EOEbQ031CUzTWrcG5cE=,kOtMHMZvsjxpVxV4C9WVw3xbgD4=
-122,35,BiTyNJz1EOEbQ031CUzTWrcG5cE=,kOtMHMZvsjxpVxV4C9WVw3xbgD4=
-122,37,BiTyNJz1EOEbQ031CUzTWrcG5cE=,5ZD1psc8M1Z69eztAER8tm3n+DQ=
-121,36,BiTyNJz1EOEbQ031CUzTWrcG5cE=,5ZD1psc8M1Z69eztAER8tm3n+DQ=
-121,37,BiTyNJz1EOEbQ031CUzTWrcG5cE=,5ZD1psc8M1Z69eztAER8tm3n+DQ=
-122,36,BiTyNJz1EOEbQ031CUzTWrcG5cE=,5ZD1psc8M1Z69eztAER8tm3n+DQ=
-120,37,BiTyNJz1EOEbQ031CUzTWrcG5cE=,WznnUOPe+Q+r9k+2Tqni/4sVo/U=
-125,36,c8JlqcCgRMwGdpTkqQ9EqEUhSE4=,YeYsfK+AZzQEpCPpTP5+biKc3fc=
-126,36,c8JlqcCgRMwGdpTkqQ9EqEUhSE4=,YeYsfK+AZzQEpCPpTP5+biKc3fc=
-124,35,c8JlqcCgRMwGdpTkqQ9EqEUhSE4=,kOtMHMZvsjxpVxV4C9WVw3xbgD4=
-124,34,c8JlqcCgRMwGdpTkqQ9EqEUhSE4=,kOtMHMZvsjxpVxV4C9WVw3xbgD4=
-124,36,c8JlqcCgRMwGdpTkqQ9EqEUhSE4=,5ZD1psc8M1Z69eztAER8tm3n+DQ=
-125,37,c8JlqcCgRMwGdpTkqQ9EqEUhSE4=,YeYsfK+AZzQEpCPpTP5+biKc3fc=
-125,34,c8JlqcCgRMwGdpTkqQ9EqEUhSE4=,Lzh2CCWv6OFCniB7t9qRdbLeeeA=
-125,35,c8JlqcCgRMwGdpTkqQ9EqEUhSE4=,Lzh2CCWv6OFCniB7t9qRdbLeeeA=
-126,37,c8JlqcCgRMwGdpTkqQ9EqEUhSE4=,YeYsfK+AZzQEpCPpTP5+biKc3fc=
-126,34,c8JlqcCgRMwGdpTkqQ9EqEUhSE4=,Lzh2CCWv6OFCniB7t9qRdbLeeeA=
-124,37,c8JlqcCgRMwGdpTkqQ9EqEUhSE4=,5ZD1psc8M1Z69eztAER8tm3n+DQ=
-126,35,c8JlqcCgRMwGdpTkqQ9EqEUhSE4=,Lzh2CCWv6OFCniB7t9qRdbLeeeA=
-123,35,c8JlqcCgRMwGdpTkqQ9EqEUhSE4=,kOtMHMZvsjxpVxV4C9WVw3xbgD4=
-123,34,c8JlqcCgRMwGdpTkqQ9EqEUhSE4=,kOtMHMZvsjxpVxV4C9WVw3xbgD4=
-123,36,c8JlqcCgRMwGdpTkqQ9EqEUhSE4=,5ZD1psc8M1Z69eztAER8tm3n+DQ=
-123,37,c8JlqcCgRMwGdpTkqQ9EqEUhSE4=,5ZD1psc8M1Z69eztAER8tm3n+DQ=
-125,39,zDMyTBgdPwXxJEkCst+45dfEQj4=,YeYsfK+AZzQEpCPpTP5+biKc3fc=
-126,39,zDMyTBgdPwXxJEkCst+45dfEQj4=,YeYsfK+AZzQEpCPpTP5+biKc3fc=
-123,39,zDMyTBgdPwXxJEkCst+45dfEQj4=,5ZD1psc8M1Z69eztAER8tm3n+DQ=
-123,40,zDMyTBgdPwXxJEkCst+45dfEQj4=,cgv+kauhP8/ldu8QJlpYS3ReqPM=
-125,41,zDMyTBgdPwXxJEkCst+45dfEQj4=,XuCobOxn6u7VglWd2iTDAWzpSko=
-123,41,zDMyTBgdPwXxJEkCst+45dfEQj4=,cgv+kauhP8/ldu8QJlpYS3ReqPM=
-126,40,zDMyTBgdPwXxJEkCst+45dfEQj4=,XuCobOxn6u7VglWd2iTDAWzpSko=
-124,40,zDMyTBgdPwXxJEkCst+45dfEQj4=,cgv+kauhP8/ldu8QJlpYS3ReqPM=
-124,41,zDMyTBgdPwXxJEkCst+45dfEQj4=,cgv+kauhP8/ldu8QJlpYS3ReqPM=
-126,41,zDMyTBgdPwXxJEkCst+45dfEQj4=,XuCobOxn6u7VglWd2iTDAWzpSko=
-125,40,zDMyTBgdPwXxJEkCst+45dfEQj4=,XuCobOxn6u7VglWd2iTDAWzpSko=
-124,39,zDMyTBgdPwXxJEkCst+45dfEQj4=,5ZD1psc8M1Z69eztAER8tm3n+DQ=
-123,38,zDMyTBgdPwXxJEkCst+45dfEQj4=,5ZD1psc8M1Z69eztAER8tm3n+DQ=
-124,38,zDMyTBgdPwXxJEkCst+45dfEQj4=,5ZD1psc8M1Z69eztAER8tm3n+DQ=
-126,38,zDMyTBgdPwXxJEkCst+45dfEQj4=,YeYsfK+AZzQEpCPpTP5+biKc3fc=
-125,38,zDMyTBgdPwXxJEkCst+45dfEQj4=,YeYsfK+AZzQEpCPpTP5+biKc3fc=
-121,39,zDMyTBgdPwXxJEkCst+45dfEQj4=,5ZD1psc8M1Z69eztAER8tm3n+DQ=
-120,38,zDMyTBgdPwXxJEkCst+45dfEQj4=,WznnUOPe+Q+r9k+2Tqni/4sVo/U=
-122,41,zDMyTBgdPwXxJEkCst+45dfEQj4=,cgv+kauhP8/ldu8QJlpYS3ReqPM=
-122,40,zDMyTBgdPwXxJEkCst+45dfEQj4=,cgv+kauhP8/ldu8QJlpYS3ReqPM=
-119,38,zDMyTBgdPwXxJEkCst+45dfEQj4=,WznnUOPe+Q+r9k+2Tqni/4sVo/U=
-119,40,zDMyTBgdPwXxJEkCst+45dfEQj4=,0oyxJyEhl59DOV2jDXnyK8BxJDk=
-120,40,zDMyTBgdPwXxJEkCst+45dfEQj4=,0oyxJyEhl59DOV2jDXnyK8BxJDk=
-122,39,zDMyTBgdPwXxJEkCst+45dfEQj4=,5ZD1psc8M1Z69eztAER8tm3n+DQ=
-119,39,zDMyTBgdPwXxJEkCst+45dfEQj4=,WznnUOPe+Q+r9k+2Tqni/4sVo/U=
-120,39,zDMyTBgdPwXxJEkCst+45dfEQj4=,WznnUOPe+Q+r9k+2Tqni/4sVo/U=
-121,41,zDMyTBgdPwXxJEkCst+45dfEQj4=,cgv+kauhP8/ldu8QJlpYS3ReqPM=
-121,40,zDMyTBgdPwXxJEkCst+45dfEQj4=,cgv+kauhP8/ldu8QJlpYS3ReqPM=
-121,38,zDMyTBgdPwXxJEkCst+45dfEQj4=,5ZD1psc8M1Z69eztAER8tm3n+DQ=
-119,41,zDMyTBgdPwXxJEkCst+45dfEQj4=,0oyxJyEhl59DOV2jDXnyK8BxJDk=
-120,41,zDMyTBgdPwXxJEkCst+45dfEQj4=,0oyxJyEhl59DOV2jDXnyK8BxJDk=
-122,38,zDMyTBgdPwXxJEkCst+45dfEQj4=,5ZD1psc8M1Z69eztAER8tm3n+DQ=
-118,39,zDMyTBgdPwXxJEkCst+45dfEQj4=,WznnUOPe+Q+r9k+2Tqni/4sVo/U=
-117,38,zDMyTBgdPwXxJEkCst+45dfEQj4=,WznnUOPe+Q+r9k+2Tqni/4sVo/U=
-117,39,/uv45AXZ13P5IJG38Ilbkjey5YE=,WznnUOPe+Q+r9k+2Tqni/4sVo/U=
-115,38,/uv45AXZ13P5IJG38Ilbkjey5YE=,sJk7jPTjHfkC+MA9TUY0t4unqS4=
-116,39,/uv45AXZ13P5IJG38Ilbkjey5YE=,sJk7jPTjHfkC+MA9TUY0t4unqS4=
-116,38,/uv45AXZ13P5IJG38Ilbkjey5YE=,sJk7jPTjHfkC+MA9TUY0t4unqS4=
-115,39,/uv45AXZ13P5IJG38Ilbkjey5YE=,sJk7jPTjHfkC+MA9TUY0t4unqS4=
-117,41,/uv45AXZ13P5IJG38Ilbkjey5YE=,0oyxJyEhl59DOV2jDXnyK8BxJDk=
-118,38,/uv45AXZ13P5IJG38Ilbkjey5YE=,WznnUOPe+Q+r9k+2Tqni/4sVo/U=
-118,40,/uv45AXZ13P5IJG38Ilbkjey5YE=,0oyxJyEhl59DOV2jDXnyK8BxJDk=
-118,41,/uv45AXZ13P5IJG38Ilbkjey5YE=,0oyxJyEhl59DOV2jDXnyK8BxJDk=
-117,40,/uv45AXZ13P5IJG38Ilbkjey5YE=,0oyxJyEhl59DOV2jDXnyK8BxJDk=
-115,41,/uv45AXZ13P5IJG38Ilbkjey5YE=,uttX3IyXil0U2b9JHxifTcpjYT4=
-116,41,/uv45AXZ13P5IJG38Ilbkjey5YE=,uttX3IyXil0U2b9JHxifTcpjYT4=
-116,40,/uv45AXZ13P5IJG38Ilbkjey5YE=,uttX3IyXil0U2b9JHxifTcpjYT4=
-115,40,/uv45AXZ13P5IJG38Ilbkjey5YE=,uttX3IyXil0U2b9JHxifTcpjYT4=
-115,43,SY0G3ol1u831uokHweAoFPqJIDk=,uttX3IyXil0U2b9JHxifTcpjYT4=
-116,42,SY0G3ol1u831uokHweAoFPqJIDk=,uttX3IyXil0U2b9JHxifTcpjYT4=
-115,42,SY0G3ol1u831uokHweAoFPqJIDk=,uttX3IyXil0U2b9JHxifTcpjYT4=
-115,45,SY0G3ol1u831uokHweAoFPqJIDk=,PPyvO8kNoGRCpqBTijbSuJqKriw=
-115,44,SY0G3ol1u831uokHweAoFPqJIDk=,PPyvO8kNoGRCpqBTijbSuJqKriw=
-116,44,SY0G3ol1u831uokHweAoFPqJIDk=,PPyvO8kNoGRCpqBTijbSuJqKriw=
-120,43,SY0G3ol1u831uokHweAoFPqJIDk=,0oyxJyEhl59DOV2jDXnyK8BxJDk=
-121,43,SY0G3ol1u831uokHweAoFPqJIDk=,cgv+kauhP8/ldu8QJlpYS3ReqPM=
-122,43,SY0G3ol1u831uokHweAoFPqJIDk=,cgv+kauhP8/ldu8QJlpYS3ReqPM=
-117,42,SY0G3ol1u831uokHweAoFPqJIDk=,0oyxJyEhl59DOV2jDXnyK8BxJDk=
-120,42,SY0G3ol1u831uokHweAoFPqJIDk=,0oyxJyEhl59DOV2jDXnyK8BxJDk=
-116,43,SY0G3ol1u831uokHweAoFPqJIDk=,uttX3IyXil0U2b9JHxifTcpjYT4=
-117,43,SY0G3ol1u831uokHweAoFPqJIDk=,0oyxJyEhl59DOV2jDXnyK8BxJDk=
-116,45,SY0G3ol1u831uokHweAoFPqJIDk=,PPyvO8kNoGRCpqBTijbSuJqKriw=
-119,44,SY0G3ol1u831uokHweAoFPqJIDk=,CwD9fcbYAkkvG/NIU6YbwLR3BDs=
-122,44,SY0G3ol1u831uokHweAoFPqJIDk=,bjqIs133KOh9mmxHsagd2WqG9HE=
-118,43,SY0G3ol1u831uokHweAoFPqJIDk=,0oyxJyEhl59DOV2jDXnyK8BxJDk=
-122,42,SY0G3ol1u831uokHweAoFPqJIDk=,cgv+kauhP8/ldu8QJlpYS3ReqPM=
-119,43,SY0G3ol1u831uokHweAoFPqJIDk=,0oyxJyEhl59DOV2jDXnyK8BxJDk=
-118,42,SY0G3ol1u831uokHweAoFPqJIDk=,0oyxJyEhl59DOV2jDXnyK8BxJDk=
-119,42,SY0G3ol1u831uokHweAoFPqJIDk=,0oyxJyEhl59DOV2jDXnyK8BxJDk=
-121,44,SY0G3ol1u831uokHweAoFPqJIDk=,bjqIs133KOh9mmxHsagd2WqG9HE=
-121,42,SY0G3ol1u831uokHweAoFPqJIDk=,cgv+kauhP8/ldu8QJlpYS3ReqPM=
-120,44,SY0G3ol1u831uokHweAoFPqJIDk=,CwD9fcbYAkkvG/NIU6YbwLR3BDs=
-117,45,SY0G3ol1u831uokHweAoFPqJIDk=,CwD9fcbYAkkvG/NIU6YbwLR3BDs=
-120,45,SY0G3ol1u831uokHweAoFPqJIDk=,CwD9fcbYAkkvG/NIU6YbwLR3BDs=
-118,44,SY0G3ol1u831uokHweAoFPqJIDk=,CwD9fcbYAkkvG/NIU6YbwLR3BDs=
-118,45,SY0G3ol1u831uokHweAoFPqJIDk=,CwD9fcbYAkkvG/NIU6YbwLR3BDs=
-117,44,SY0G3ol1u831uokHweAoFPqJIDk=,CwD9fcbYAkkvG/NIU6YbwLR3BDs=
-119,45,SY0G3ol1u831uokHweAoFPqJIDk=,CwD9fcbYAkkvG/NIU6YbwLR3BDs=
-122,45,SY0G3ol1u831uokHweAoFPqJIDk=,bjqIs133KOh9mmxHsagd2WqG9HE=
-121,45,SY0G3ol1u831uokHweAoFPqJIDk=,bjqIs133KOh9mmxHsagd2WqG9HE=
-126,43,SY0G3ol1u831uokHweAoFPqJIDk=,XuCobOxn6u7VglWd2iTDAWzpSko=
-125,44,SY0G3ol1u831uokHweAoFPqJIDk=,sk77icdZVOm5y6Lc85q5YYpEKE0=
-125,43,SY0G3ol1u831uokHweAoFPqJIDk=,XuCobOxn6u7VglWd2iTDAWzpSko=
-123,42,SY0G3ol1u831uokHweAoFPqJIDk=,cgv+kauhP8/ldu8QJlpYS3ReqPM=
-124,42,SY0G3ol1u831uokHweAoFPqJIDk=,cgv+kauhP8/ldu8QJlpYS3ReqPM=
-126,42,SY0G3ol1u831uokHweAoFPqJIDk=,XuCobOxn6u7VglWd2iTDAWzpSko=
-125,42,SY0G3ol1u831uokHweAoFPqJIDk=,XuCobOxn6u7VglWd2iTDAWzpSko=
-123,43,SY0G3ol1u831uokHweAoFPqJIDk=,cgv+kauhP8/ldu8QJlpYS3ReqPM=
-123,44,SY0G3ol1u831uokHweAoFPqJIDk=,bjqIs133KOh9mmxHsagd2WqG9HE=
-126,44,SY0G3ol1u831uokHweAoFPqJIDk=,sk77icdZVOm5y6Lc85q5YYpEKE0=
-126,45,SY0G3ol1u831uokHweAoFPqJIDk=,sk77icdZVOm5y6Lc85q5YYpEKE0=
-123,45,SY0G3ol1u831uokHweAoFPqJIDk=,bjqIs133KOh9mmxHsagd2WqG9HE=
-125,45,SY0G3ol1u831uokHweAoFPqJIDk=,sk77icdZVOm5y6Lc85q5YYpEKE0=
-124,44,SY0G3ol1u831uokHweAoFPqJIDk=,bjqIs133KOh9mmxHsagd2WqG9HE=
-124,43,SY0G3ol1u831uokHweAoFPqJIDk=,cgv+kauhP8/ldu8QJlpYS3ReqPM=
-124,45,SY0G3ol1u831uokHweAoFPqJIDk=,bjqIs133KOh9mmxHsagd2WqG9HE=
-119,47,SY0G3ol1u831uokHweAoFPqJIDk=,CwD9fcbYAkkvG/NIU6YbwLR3BDs=
-120,47,SY0G3ol1u831uokHweAoFPqJIDk=,CwD9fcbYAkkvG/NIU6YbwLR3BDs=
-120,46,SY0G3ol1u831uokHweAoFPqJIDk=,CwD9fcbYAkkvG/NIU6YbwLR3BDs=
-122,46,SY0G3ol1u831uokHweAoFPqJIDk=,bjqIs133KOh9mmxHsagd2WqG9HE=
-121,46,SY0G3ol1u831uokHweAoFPqJIDk=,bjqIs133KOh9mmxHsagd2WqG9HE=
-119,46,SY0G3ol1u831uokHweAoFPqJIDk=,CwD9fcbYAkkvG/NIU6YbwLR3BDs=
-122,47,SY0G3ol1u831uokHweAoFPqJIDk=,bjqIs133KOh9mmxHsagd2WqG9HE=
-121,47,SY0G3ol1u831uokHweAoFPqJIDk=,bjqIs133KOh9mmxHsagd2WqG9HE=
-124,47,SY0G3ol1u831uokHweAoFPqJIDk=,bjqIs133KOh9mmxHsagd2WqG9HE=
-125,47,SY0G3ol1u831uokHweAoFPqJIDk=,sk77icdZVOm5y6Lc85q5YYpEKE0=
-126,47,SY0G3ol1u831uokHweAoFPqJIDk=,sk77icdZVOm5y6Lc85q5YYpEKE0=
-124,46,SY0G3ol1u831uokHweAoFPqJIDk=,bjqIs133KOh9mmxHsagd2WqG9HE=
-123,47,SY0G3ol1u831uokHweAoFPqJIDk=,bjqIs133KOh9mmxHsagd2WqG9HE=
-125,46,SY0G3ol1u831uokHweAoFPqJIDk=,sk77icdZVOm5y6Lc85q5YYpEKE0=
-126,46,SY0G3ol1u831uokHweAoFPqJIDk=,sk77icdZVOm5y6Lc85q5YYpEKE0=
-123,46,SY0G3ol1u831uokHweAoFPqJIDk=,bjqIs133KOh9mmxHsagd2WqG9HE=
-118,47,Ghn1E6FshgK4T15lAbxdnAZd/Vo=,CwD9fcbYAkkvG/NIU6YbwLR3BDs=
-115,47,Ghn1E6FshgK4T15lAbxdnAZd/Vo=,PPyvO8kNoGRCpqBTijbSuJqKriw=
-117,46,Ghn1E6FshgK4T15lAbxdnAZd/Vo=,CwD9fcbYAkkvG/NIU6YbwLR3BDs=
-116,46,Ghn1E6FshgK4T15lAbxdnAZd/Vo=,PPyvO8kNoGRCpqBTijbSuJqKriw=
-118,46,Ghn1E6FshgK4T15lAbxdnAZd/Vo=,CwD9fcbYAkkvG/NIU6YbwLR3BDs=
-115,46,Ghn1E6FshgK4T15lAbxdnAZd/Vo=,PPyvO8kNoGRCpqBTijbSuJqKriw=
-117,47,Ghn1E6FshgK4T15lAbxdnAZd/Vo=,CwD9fcbYAkkvG/NIU6YbwLR3BDs=
-116,47,Ghn1E6FshgK4T15lAbxdnAZd/Vo=,PPyvO8kNoGRCpqBTijbSuJqKriw=
-127,42,Ghn1E6FshgK4T15lAbxdnAZd/Vo=,XuCobOxn6u7VglWd2iTDAWzpSko=
-128,43,Ghn1E6FshgK4T15lAbxdnAZd/Vo=,XuCobOxn6u7VglWd2iTDAWzpSko=
-127,44,Ghn1E6FshgK4T15lAbxdnAZd/Vo=,sk77icdZVOm5y6Lc85q5YYpEKE0=
-127,45,Ghn1E6FshgK4T15lAbxdnAZd/Vo=,sk77icdZVOm5y6Lc85q5YYpEKE0=
-128,42,Ghn1E6FshgK4T15lAbxdnAZd/Vo=,XuCobOxn6u7VglWd2iTDAWzpSko=
-128,45,Ghn1E6FshgK4T15lAbxdnAZd/Vo=,sk77icdZVOm5y6Lc85q5YYpEKE0=
-127,43,Ghn1E6FshgK4T15lAbxdnAZd/Vo=,XuCobOxn6u7VglWd2iTDAWzpSko=
-128,44,Ghn1E6FshgK4T15lAbxdnAZd/Vo=,sk77icdZVOm5y6Lc85q5YYpEKE0=
-128,39,Ghn1E6FshgK4T15lAbxdnAZd/Vo=,YeYsfK+AZzQEpCPpTP5+biKc3fc=
-128,40,Ghn1E6FshgK4T15lAbxdnAZd/Vo=,XuCobOxn6u7VglWd2iTDAWzpSko=
-128,41,Ghn1E6FshgK4T15lAbxdnAZd/Vo=,XuCobOxn6u7VglWd2iTDAWzpSko=
-128,38,Ghn1E6FshgK4T15lAbxdnAZd/Vo=,YeYsfK+AZzQEpCPpTP5+biKc3fc=
-127,40,Ghn1E6FshgK4T15lAbxdnAZd/Vo=,XuCobOxn6u7VglWd2iTDAWzpSko=
-127,38,Ghn1E6FshgK4T15lAbxdnAZd/Vo=,YeYsfK+AZzQEpCPpTP5+biKc3fc=
-127,41,Ghn1E6FshgK4T15lAbxdnAZd/Vo=,XuCobOxn6u7VglWd2iTDAWzpSko=
-127,39,Ghn1E6FshgK4T15lAbxdnAZd/Vo=,YeYsfK+AZzQEpCPpTP5+biKc3fc=
-128,37,Ghn1E6FshgK4T15lAbxdnAZd/Vo=,YeYsfK+AZzQEpCPpTP5+biKc3fc=
-128,36,Ghn1E6FshgK4T15lAbxdnAZd/Vo=,YeYsfK+AZzQEpCPpTP5+biKc3fc=
-128,35,Ghn1E6FshgK4T15lAbxdnAZd/Vo=,Lzh2CCWv6OFCniB7t9qRdbLeeeA=
-127,37,Ghn1E6FshgK4T15lAbxdnAZd/Vo=,YeYsfK+AZzQEpCPpTP5+biKc3fc=
-128,34,Ghn1E6FshgK4T15lAbxdnAZd/Vo=,Lzh2CCWv6OFCniB7t9qRdbLeeeA=
-127,36,Ghn1E6FshgK4T15lAbxdnAZd/Vo=,YeYsfK+AZzQEpCPpTP5+biKc3fc=
-127,34,Ghn1E6FshgK4T15lAbxdnAZd/Vo=,Lzh2CCWv6OFCniB7t9qRdbLeeeA=
-127,35,Ghn1E6FshgK4T15lAbxdnAZd/Vo=,Lzh2CCWv6OFCniB7t9qRdbLeeeA=
-113,44,Ghn1E6FshgK4T15lAbxdnAZd/Vo=,PPyvO8kNoGRCpqBTijbSuJqKriw=
-114,44,Ghn1E6FshgK4T15lAbxdnAZd/Vo=,PPyvO8kNoGRCpqBTijbSuJqKriw=
-113,43,Ghn1E6FshgK4T15lAbxdnAZd/Vo=,uttX3IyXil0U2b9JHxifTcpjYT4=
-114,42,Ghn1E6FshgK4T15lAbxdnAZd/Vo=,uttX3IyXil0U2b9JHxifTcpjYT4=
-114,43,Ghn1E6FshgK4T15lAbxdnAZd/Vo=,uttX3IyXil0U2b9JHxifTcpjYT4=
-113,42,Ghn1E6FshgK4T15lAbxdnAZd/Vo=,uttX3IyXil0U2b9JHxifTcpjYT4=
-114,45,Ghn1E6FshgK4T15lAbxdnAZd/Vo=,PPyvO8kNoGRCpqBTijbSuJqKriw=
-113,45,Ghn1E6FshgK4T15lAbxdnAZd/Vo=,PPyvO8kNoGRCpqBTijbSuJqKriw=
-113,41,Ghn1E6FshgK4T15lAbxdnAZd/Vo=,uttX3IyXil0U2b9JHxifTcpjYT4=
-114,40,Ghn1E6FshgK4T15lAbxdnAZd/Vo=,uttX3IyXil0U2b9JHxifTcpjYT4=
-113,35,Ghn1E6FshgK4T15lAbxdnAZd/Vo=,ubiZAto9xfnIgda6SooaXnNDNoA=
-114,34,Ghn1E6FshgK4T15lAbxdnAZd/Vo=,ubiZAto9xfnIgda6SooaXnNDNoA=
-113,38,Ghn1E6FshgK4T15lAbxdnAZd/Vo=,sJk7jPTjHfkC+MA9TUY0t4unqS4=
-113,40,Ghn1E6FshgK4T15lAbxdnAZd/Vo=,uttX3IyXil0U2b9JHxifTcpjYT4=
-114,41,Ghn1E6FshgK4T15lAbxdnAZd/Vo=,uttX3IyXil0U2b9JHxifTcpjYT4=
-113,34,Ghn1E6FshgK4T15lAbxdnAZd/Vo=,ubiZAto9xfnIgda6SooaXnNDNoA=
-113,36,Ghn1E6FshgK4T15lAbxdnAZd/Vo=,sJk7jPTjHfkC+MA9TUY0t4unqS4=
-113,37,Ghn1E6FshgK4T15lAbxdnAZd/Vo=,sJk7jPTjHfkC+MA9TUY0t4unqS4=
-114,36,Ghn1E6FshgK4T15lAbxdnAZd/Vo=,sJk7jPTjHfkC+MA9TUY0t4unqS4=
-114,37,Ghn1E6FshgK4T15lAbxdnAZd/Vo=,sJk7jPTjHfkC+MA9TUY0t4unqS4=
-113,39,Ghn1E6FshgK4T15lAbxdnAZd/Vo=,sJk7jPTjHfkC+MA9TUY0t4unqS4=
-114,38,Ghn1E6FshgK4T15lAbxdnAZd/Vo=,sJk7jPTjHfkC+MA9TUY0t4unqS4=
-114,35,Ghn1E6FshgK4T15lAbxdnAZd/Vo=,ubiZAto9xfnIgda6SooaXnNDNoA=
-114,39,Ghn1E6FshgK4T15lAbxdnAZd/Vo=,sJk7jPTjHfkC+MA9TUY0t4unqS4=
-113,47,Ghn1E6FshgK4T15lAbxdnAZd/Vo=,PPyvO8kNoGRCpqBTijbSuJqKriw=
-113,46,Ghn1E6FshgK4T15lAbxdnAZd/Vo=,PPyvO8kNoGRCpqBTijbSuJqKriw=
-114,46,Ghn1E6FshgK4T15lAbxdnAZd/Vo=,PPyvO8kNoGRCpqBTijbSuJqKriw=
-114,47,Ghn1E6FshgK4T15lAbxdnAZd/Vo=,PPyvO8kNoGRCpqBTijbSuJqKriw=
-116,32,lUq4cODm1HlEbylEp9SNFuxgnwo=,ubiZAto9xfnIgda6SooaXnNDNoA=
-117,32,lUq4cODm1HlEbylEp9SNFuxgnwo=,31fa+Ky8vuipLIAv6ezlEvAuOcQ=
-118,32,lUq4cODm1HlEbylEp9SNFuxgnwo=,31fa+Ky8vuipLIAv6ezlEvAuOcQ=
-115,33,lUq4cODm1HlEbylEp9SNFuxgnwo=,ubiZAto9xfnIgda6SooaXnNDNoA=
-117,33,lUq4cODm1HlEbylEp9SNFuxgnwo=,31fa+Ky8vuipLIAv6ezlEvAuOcQ=
-116,33,lUq4cODm1HlEbylEp9SNFuxgnwo=,ubiZAto9xfnIgda6SooaXnNDNoA=
-118,33,lUq4cODm1HlEbylEp9SNFuxgnwo=,31fa+Ky8vuipLIAv6ezlEvAuOcQ=
-115,32,lUq4cODm1HlEbylEp9SNFuxgnwo=,ubiZAto9xfnIgda6SooaXnNDNoA=
-119,32,lUq4cODm1HlEbylEp9SNFuxgnwo=,31fa+Ky8vuipLIAv6ezlEvAuOcQ=
-120,32,lUq4cODm1HlEbylEp9SNFuxgnwo=,31fa+Ky8vuipLIAv6ezlEvAuOcQ=
-119,33,lUq4cODm1HlEbylEp9SNFuxgnwo=,31fa+Ky8vuipLIAv6ezlEvAuOcQ=
-120,33,lUq4cODm1HlEbylEp9SNFuxgnwo=,31fa+Ky8vuipLIAv6ezlEvAuOcQ=
-122,32,lUq4cODm1HlEbylEp9SNFuxgnwo=,kOtMHMZvsjxpVxV4C9WVw3xbgD4=
-122,33,lUq4cODm1HlEbylEp9SNFuxgnwo=,kOtMHMZvsjxpVxV4C9WVw3xbgD4=
-121,33,lUq4cODm1HlEbylEp9SNFuxgnwo=,kOtMHMZvsjxpVxV4C9WVw3xbgD4=
-121,32,lUq4cODm1HlEbylEp9SNFuxgnwo=,kOtMHMZvsjxpVxV4C9WVw3xbgD4=
-125,32,lUq4cODm1HlEbylEp9SNFuxgnwo=,Lzh2CCWv6OFCniB7t9qRdbLeeeA=
-124,33,lUq4cODm1HlEbylEp9SNFuxgnwo=,kOtMHMZvsjxpVxV4C9WVw3xbgD4=
-124,32,lUq4cODm1HlEbylEp9SNFuxgnwo=,kOtMHMZvsjxpVxV4C9WVw3xbgD4=
-126,32,lUq4cODm1HlEbylEp9SNFuxgnwo=,Lzh2CCWv6OFCniB7t9qRdbLeeeA=
-125,33,lUq4cODm1HlEbylEp9SNFuxgnwo=,Lzh2CCWv6OFCniB7t9qRdbLeeeA=
-126,33,lUq4cODm1HlEbylEp9SNFuxgnwo=,Lzh2CCWv6OFCniB7t9qRdbLeeeA=
-123,32,lUq4cODm1HlEbylEp9SNFuxgnwo=,kOtMHMZvsjxpVxV4C9WVw3xbgD4=
-113,32,lUq4cODm1HlEbylEp9SNFuxgnwo=,ubiZAto9xfnIgda6SooaXnNDNoA=
-123,33,lUq4cODm1HlEbylEp9SNFuxgnwo=,kOtMHMZvsjxpVxV4C9WVw3xbgD4=
-113,33,lUq4cODm1HlEbylEp9SNFuxgnwo=,ubiZAto9xfnIgda6SooaXnNDNoA=
-114,32,lUq4cODm1HlEbylEp9SNFuxgnwo=,ubiZAto9xfnIgda6SooaXnNDNoA=
-114,33,lUq4cODm1HlEbylEp9SNFuxgnwo=,ubiZAto9xfnIgda6SooaXnNDNoA=
-127,32,lUq4cODm1HlEbylEp9SNFuxgnwo=,Lzh2CCWv6OFCniB7t9qRdbLeeeA=
-128,32,lUq4cODm1HlEbylEp9SNFuxgnwo=,Lzh2CCWv6OFCniB7t9qRdbLeeeA=
-127,33,lUq4cODm1HlEbylEp9SNFuxgnwo=,Lzh2CCWv6OFCniB7t9qRdbLeeeA=
-128,33,lUq4cODm1HlEbylEp9SNFuxgnwo=,Lzh2CCWv6OFCniB7t9qRdbLeeeA=
-127,47,lUq4cODm1HlEbylEp9SNFuxgnwo=,sk77icdZVOm5y6Lc85q5YYpEKE0=
-128,47,lUq4cODm1HlEbylEp9SNFuxgnwo=,sk77icdZVOm5y6Lc85q5YYpEKE0=
-127,46,lUq4cODm1HlEbylEp9SNFuxgnwo=,sk77icdZVOm5y6Lc85q5YYpEKE0=
-128,46,lUq4cODm1HlEbylEp9SNFuxgnwo=,sk77icdZVOm5y6Lc85q5YYpEKE0=
-118,51,VBuT+qmuw+zgTXSG/z71GemxnWo=,92fPIYkwWJhnjodIJFed1q7ZHu0=
-117,50,VBuT+qmuw+zgTXSG/z71GemxnWo=,92fPIYkwWJhnjodIJFed1q7ZHu0=
-118,52,VBuT+qmuw+zgTXSG/z71GemxnWo=,Hwf8fmyg9HWSaLqcjkdSASsj5ZI=
-118,50,VBuT+qmuw+zgTXSG/z71GemxnWo=,92fPIYkwWJhnjodIJFed1q7ZHu0=
-117,51,VBuT+qmuw+zgTXSG/z71GemxnWo=,92fPIYkwWJhnjodIJFed1q7ZHu0=
-115,51,VBuT+qmuw+zgTXSG/z71GemxnWo=,TmFw18RDpzEPwqs/ax6VW1bXfoI=
-115,53,VBuT+qmuw+zgTXSG/z71GemxnWo=,1qpLmP7m/bXjrVUUzdU1o5QrZHg=
-117,53,VBuT+qmuw+zgTXSG/z71GemxnWo=,Hwf8fmyg9HWSaLqcjkdSASsj5ZI=
-116,51,VBuT+qmuw+zgTXSG/z71GemxnWo=,TmFw18RDpzEPwqs/ax6VW1bXfoI=
-117,52,VBuT+qmuw+zgTXSG/z71GemxnWo=,Hwf8fmyg9HWSaLqcjkdSASsj5ZI=
-115,50,VBuT+qmuw+zgTXSG/z71GemxnWo=,TmFw18RDpzEPwqs/ax6VW1bXfoI=
-116,50,VBuT+qmuw+zgTXSG/z71GemxnWo=,TmFw18RDpzEPwqs/ax6VW1bXfoI=
-116,52,VBuT+qmuw+zgTXSG/z71GemxnWo=,1qpLmP7m/bXjrVUUzdU1o5QrZHg=
-115,52,VBuT+qmuw+zgTXSG/z71GemxnWo=,1qpLmP7m/bXjrVUUzdU1o5QrZHg=
-116,53,VBuT+qmuw+zgTXSG/z71GemxnWo=,1qpLmP7m/bXjrVUUzdU1o5QrZHg=
-118,53,VBuT+qmuw+zgTXSG/z71GemxnWo=,Hwf8fmyg9HWSaLqcjkdSASsj5ZI=
-118,55,gjgRYzvzGWaeuq8aLww1ZnFuNTU=,Hwf8fmyg9HWSaLqcjkdSASsj5ZI=
-117,54,gjgRYzvzGWaeuq8aLww1ZnFuNTU=,Hwf8fmyg9HWSaLqcjkdSASsj5ZI=
-118,54,gjgRYzvzGWaeuq8aLww1ZnFuNTU=,Hwf8fmyg9HWSaLqcjkdSASsj5ZI=
-116,55,gjgRYzvzGWaeuq8aLww1ZnFuNTU=,1qpLmP7m/bXjrVUUzdU1o5QrZHg=
-115,54,gjgRYzvzGWaeuq8aLww1ZnFuNTU=,1qpLmP7m/bXjrVUUzdU1o5QrZHg=
-117,56,gjgRYzvzGWaeuq8aLww1ZnFuNTU=,yyVoh42SBxQAGzUIrSnzrKjg0bc=
-116,57,gjgRYzvzGWaeuq8aLww1ZnFuNTU=,AqznMsg5LmNrfO2wraD81gsZJRM=
-116,54,gjgRYzvzGWaeuq8aLww1ZnFuNTU=,1qpLmP7m/bXjrVUUzdU1o5QrZHg=
-117,57,gjgRYzvzGWaeuq8aLww1ZnFuNTU=,yyVoh42SBxQAGzUIrSnzrKjg0bc=
-115,56,gjgRYzvzGWaeuq8aLww1ZnFuNTU=,AqznMsg5LmNrfO2wraD81gsZJRM=
-116,56,gjgRYzvzGWaeuq8aLww1ZnFuNTU=,AqznMsg5LmNrfO2wraD81gsZJRM=
-117,55,gjgRYzvzGWaeuq8aLww1ZnFuNTU=,Hwf8fmyg9HWSaLqcjkdSASsj5ZI=
-118,57,gjgRYzvzGWaeuq8aLww1ZnFuNTU=,yyVoh42SBxQAGzUIrSnzrKjg0bc=
-118,56,gjgRYzvzGWaeuq8aLww1ZnFuNTU=,yyVoh42SBxQAGzUIrSnzrKjg0bc=
-115,57,gjgRYzvzGWaeuq8aLww1ZnFuNTU=,AqznMsg5LmNrfO2wraD81gsZJRM=
-115,55,gjgRYzvzGWaeuq8aLww1ZnFuNTU=,1qpLmP7m/bXjrVUUzdU1o5QrZHg=
-119,59,+kgzrpdyfOGJsyG/2aDEjWDJRQs=,yyVoh42SBxQAGzUIrSnzrKjg0bc=
-125,59,+kgzrpdyfOGJsyG/2aDEjWDJRQs=,czBZDnru0uZr/gMW70PzUGE4sso=
-123,58,+kgzrpdyfOGJsyG/2aDEjWDJRQs=,C1IBnz79esPnWAFu8alG/d8zoFo=
-122,58,+kgzrpdyfOGJsyG/2aDEjWDJRQs=,C1IBnz79esPnWAFu8alG/d8zoFo=
-126,58,+kgzrpdyfOGJsyG/2aDEjWDJRQs=,czBZDnru0uZr/gMW70PzUGE4sso=
-124,59,+kgzrpdyfOGJsyG/2aDEjWDJRQs=,C1IBnz79esPnWAFu8alG/d8zoFo=
-125,58,+kgzrpdyfOGJsyG/2aDEjWDJRQs=,czBZDnru0uZr/gMW70PzUGE4sso=
-121,58,+kgzrpdyfOGJsyG/2aDEjWDJRQs=,C1IBnz79esPnWAFu8alG/d8zoFo=
-126,59,+kgzrpdyfOGJsyG/2aDEjWDJRQs=,czBZDnru0uZr/gMW70PzUGE4sso=
-125,61,+kgzrpdyfOGJsyG/2aDEjWDJRQs=,O3n8ayk91nK7xMsnUTEl4pPl4Cw=
-126,60,+kgzrpdyfOGJsyG/2aDEjWDJRQs=,O3n8ayk91nK7xMsnUTEl4pPl4Cw=
-126,61,+kgzrpdyfOGJsyG/2aDEjWDJRQs=,O3n8ayk91nK7xMsnUTEl4pPl4Cw=
-125,60,+kgzrpdyfOGJsyG/2aDEjWDJRQs=,O3n8ayk91nK7xMsnUTEl4pPl4Cw=
-121,59,+kgzrpdyfOGJsyG/2aDEjWDJRQs=,C1IBnz79esPnWAFu8alG/d8zoFo=
-124,58,+kgzrpdyfOGJsyG/2aDEjWDJRQs=,C1IBnz79esPnWAFu8alG/d8zoFo=
-122,59,+kgzrpdyfOGJsyG/2aDEjWDJRQs=,C1IBnz79esPnWAFu8alG/d8zoFo=
-123,59,+kgzrpdyfOGJsyG/2aDEjWDJRQs=,C1IBnz79esPnWAFu8alG/d8zoFo=
-120,59,+kgzrpdyfOGJsyG/2aDEjWDJRQs=,yyVoh42SBxQAGzUIrSnzrKjg0bc=
-119,61,+kgzrpdyfOGJsyG/2aDEjWDJRQs=,wN9xb/N1uDVM3GCykk1Jgs3IERk=
-119,58,+kgzrpdyfOGJsyG/2aDEjWDJRQs=,yyVoh42SBxQAGzUIrSnzrKjg0bc=
-123,60,+kgzrpdyfOGJsyG/2aDEjWDJRQs=,3lZ+C3O97px/Z4DBeffnnnTSZ7o=
-124,61,+kgzrpdyfOGJsyG/2aDEjWDJRQs=,3lZ+C3O97px/Z4DBeffnnnTSZ7o=
-124,60,+kgzrpdyfOGJsyG/2aDEjWDJRQs=,3lZ+C3O97px/Z4DBeffnnnTSZ7o=
-120,61,+kgzrpdyfOGJsyG/2aDEjWDJRQs=,wN9xb/N1uDVM3GCykk1Jgs3IERk=
-120,60,+kgzrpdyfOGJsyG/2aDEjWDJRQs=,wN9xb/N1uDVM3GCykk1Jgs3IERk=
-119,60,+kgzrpdyfOGJsyG/2aDEjWDJRQs=,wN9xb/N1uDVM3GCykk1Jgs3IERk=
-122,61,+kgzrpdyfOGJsyG/2aDEjWDJRQs=,3lZ+C3O97px/Z4DBeffnnnTSZ7o=
-123,61,+kgzrpdyfOGJsyG/2aDEjWDJRQs=,3lZ+C3O97px/Z4DBeffnnnTSZ7o=
-120,58,+kgzrpdyfOGJsyG/2aDEjWDJRQs=,yyVoh42SBxQAGzUIrSnzrKjg0bc=
-122,60,+kgzrpdyfOGJsyG/2aDEjWDJRQs=,3lZ+C3O97px/Z4DBeffnnnTSZ7o=
-121,61,+kgzrpdyfOGJsyG/2aDEjWDJRQs=,3lZ+C3O97px/Z4DBeffnnnTSZ7o=
-121,60,+kgzrpdyfOGJsyG/2aDEjWDJRQs=,3lZ+C3O97px/Z4DBeffnnnTSZ7o=
-115,61,c/C4UtFkrtRnAhoZhAzM0IcKcU0=,l9zyL4CL8uZqvD1ebvT3JUK9tps=
-116,61,c/C4UtFkrtRnAhoZhAzM0IcKcU0=,l9zyL4CL8uZqvD1ebvT3JUK9tps=
-117,59,c/C4UtFkrtRnAhoZhAzM0IcKcU0=,yyVoh42SBxQAGzUIrSnzrKjg0bc=
-118,59,c/C4UtFkrtRnAhoZhAzM0IcKcU0=,yyVoh42SBxQAGzUIrSnzrKjg0bc=
-115,60,c/C4UtFkrtRnAhoZhAzM0IcKcU0=,l9zyL4CL8uZqvD1ebvT3JUK9tps=
-117,61,c/C4UtFkrtRnAhoZhAzM0IcKcU0=,wN9xb/N1uDVM3GCykk1Jgs3IERk=
-118,60,c/C4UtFkrtRnAhoZhAzM0IcKcU0=,wN9xb/N1uDVM3GCykk1Jgs3IERk=
-115,59,c/C4UtFkrtRnAhoZhAzM0IcKcU0=,AqznMsg5LmNrfO2wraD81gsZJRM=
-116,58,c/C4UtFkrtRnAhoZhAzM0IcKcU0=,AqznMsg5LmNrfO2wraD81gsZJRM=
-118,58,c/C4UtFkrtRnAhoZhAzM0IcKcU0=,yyVoh42SBxQAGzUIrSnzrKjg0bc=
-115,58,c/C4UtFkrtRnAhoZhAzM0IcKcU0=,AqznMsg5LmNrfO2wraD81gsZJRM=
-117,60,c/C4UtFkrtRnAhoZhAzM0IcKcU0=,wN9xb/N1uDVM3GCykk1Jgs3IERk=
-116,60,c/C4UtFkrtRnAhoZhAzM0IcKcU0=,l9zyL4CL8uZqvD1ebvT3JUK9tps=
-118,61,c/C4UtFkrtRnAhoZhAzM0IcKcU0=,wN9xb/N1uDVM3GCykk1Jgs3IERk=
-116,59,c/C4UtFkrtRnAhoZhAzM0IcKcU0=,AqznMsg5LmNrfO2wraD81gsZJRM=
-117,58,c/C4UtFkrtRnAhoZhAzM0IcKcU0=,yyVoh42SBxQAGzUIrSnzrKjg0bc=
-113,62,c/C4UtFkrtRnAhoZhAzM0IcKcU0=,l9zyL4CL8uZqvD1ebvT3JUK9tps=
-114,62,c/C4UtFkrtRnAhoZhAzM0IcKcU0=,l9zyL4CL8uZqvD1ebvT3JUK9tps=
-113,63,c/C4UtFkrtRnAhoZhAzM0IcKcU0=,l9zyL4CL8uZqvD1ebvT3JUK9tps=
-114,63,c/C4UtFkrtRnAhoZhAzM0IcKcU0=,l9zyL4CL8uZqvD1ebvT3JUK9tps=
-122,62,c/C4UtFkrtRnAhoZhAzM0IcKcU0=,3lZ+C3O97px/Z4DBeffnnnTSZ7o=
-119,62,c/C4UtFkrtRnAhoZhAzM0IcKcU0=,wN9xb/N1uDVM3GCykk1Jgs3IERk=
-121,62,c/C4UtFkrtRnAhoZhAzM0IcKcU0=,3lZ+C3O97px/Z4DBeffnnnTSZ7o=
-116,63,c/C4UtFkrtRnAhoZhAzM0IcKcU0=,l9zyL4CL8uZqvD1ebvT3JUK9tps=
-119,63,c/C4UtFkrtRnAhoZhAzM0IcKcU0=,wN9xb/N1uDVM3GCykk1Jgs3IERk=
-118,62,c/C4UtFkrtRnAhoZhAzM0IcKcU0=,wN9xb/N1uDVM3GCykk1Jgs3IERk=
-120,62,c/C4UtFkrtRnAhoZhAzM0IcKcU0=,wN9xb/N1uDVM3GCykk1Jgs3IERk=
-117,62,c/C4UtFkrtRnAhoZhAzM0IcKcU0=,wN9xb/N1uDVM3GCykk1Jgs3IERk=
-117,63,c/C4UtFkrtRnAhoZhAzM0IcKcU0=,wN9xb/N1uDVM3GCykk1Jgs3IERk=
-120,63,c/C4UtFkrtRnAhoZhAzM0IcKcU0=,wN9xb/N1uDVM3GCykk1Jgs3IERk=
-121,63,c/C4UtFkrtRnAhoZhAzM0IcKcU0=,3lZ+C3O97px/Z4DBeffnnnTSZ7o=
-118,63,c/C4UtFkrtRnAhoZhAzM0IcKcU0=,wN9xb/N1uDVM3GCykk1Jgs3IERk=
-115,62,c/C4UtFkrtRnAhoZhAzM0IcKcU0=,l9zyL4CL8uZqvD1ebvT3JUK9tps=
-116,62,c/C4UtFkrtRnAhoZhAzM0IcKcU0=,l9zyL4CL8uZqvD1ebvT3JUK9tps=
-115,63,c/C4UtFkrtRnAhoZhAzM0IcKcU0=,l9zyL4CL8uZqvD1ebvT3JUK9tps=
-113,61,c/C4UtFkrtRnAhoZhAzM0IcKcU0=,l9zyL4CL8uZqvD1ebvT3JUK9tps=
-114,61,c/C4UtFkrtRnAhoZhAzM0IcKcU0=,l9zyL4CL8uZqvD1ebvT3JUK9tps=
-122,63,c/C4UtFkrtRnAhoZhAzM0IcKcU0=,3lZ+C3O97px/Z4DBeffnnnTSZ7o=
-113,56,c/C4UtFkrtRnAhoZhAzM0IcKcU0=,AqznMsg5LmNrfO2wraD81gsZJRM=
-113,54,c/C4UtFkrtRnAhoZhAzM0IcKcU0=,1qpLmP7m/bXjrVUUzdU1o5QrZHg=
-113,51,c/C4UtFkrtRnAhoZhAzM0IcKcU0=,TmFw18RDpzEPwqs/ax6VW1bXfoI=
-114,57,c/C4UtFkrtRnAhoZhAzM0IcKcU0=,AqznMsg5LmNrfO2wraD81gsZJRM=
-114,56,c/C4UtFkrtRnAhoZhAzM0IcKcU0=,AqznMsg5LmNrfO2wraD81gsZJRM=
-114,50,c/C4UtFkrtRnAhoZhAzM0IcKcU0=,TmFw18RDpzEPwqs/ax6VW1bXfoI=
-113,57,c/C4UtFkrtRnAhoZhAzM0IcKcU0=,AqznMsg5LmNrfO2wraD81gsZJRM=
-113,50,c/C4UtFkrtRnAhoZhAzM0IcKcU0=,TmFw18RDpzEPwqs/ax6VW1bXfoI=
-114,52,c/C4UtFkrtRnAhoZhAzM0IcKcU0=,1qpLmP7m/bXjrVUUzdU1o5QrZHg=
-113,53,c/C4UtFkrtRnAhoZhAzM0IcKcU0=,1qpLmP7m/bXjrVUUzdU1o5QrZHg=
-114,53,c/C4UtFkrtRnAhoZhAzM0IcKcU0=,1qpLmP7m/bXjrVUUzdU1o5QrZHg=
-114,51,c/C4UtFkrtRnAhoZhAzM0IcKcU0=,TmFw18RDpzEPwqs/ax6VW1bXfoI=
-114,54,c/C4UtFkrtRnAhoZhAzM0IcKcU0=,1qpLmP7m/bXjrVUUzdU1o5QrZHg=
-113,52,c/C4UtFkrtRnAhoZhAzM0IcKcU0=,1qpLmP7m/bXjrVUUzdU1o5QrZHg=
-114,55,c/C4UtFkrtRnAhoZhAzM0IcKcU0=,1qpLmP7m/bXjrVUUzdU1o5QrZHg=
-114,60,c/C4UtFkrtRnAhoZhAzM0IcKcU0=,l9zyL4CL8uZqvD1ebvT3JUK9tps=
-113,55,c/C4UtFkrtRnAhoZhAzM0IcKcU0=,1qpLmP7m/bXjrVUUzdU1o5QrZHg=
-113,60,c/C4UtFkrtRnAhoZhAzM0IcKcU0=,l9zyL4CL8uZqvD1ebvT3JUK9tps=
-113,59,c/C4UtFkrtRnAhoZhAzM0IcKcU0=,AqznMsg5LmNrfO2wraD81gsZJRM=
-113,58,c/C4UtFkrtRnAhoZhAzM0IcKcU0=,AqznMsg5LmNrfO2wraD81gsZJRM=
-114,59,o3mlUND8Zs4DO2N6kpXDwbA1YpY=,AqznMsg5LmNrfO2wraD81gsZJRM=
-114,58,o3mlUND8Zs4DO2N6kpXDwbA1YpY=,AqznMsg5LmNrfO2wraD81gsZJRM=
-116,48,o3mlUND8Zs4DO2N6kpXDwbA1YpY=,TmFw18RDpzEPwqs/ax6VW1bXfoI=
-115,48,o3mlUND8Zs4DO2N6kpXDwbA1YpY=,TmFw18RDpzEPwqs/ax6VW1bXfoI=
-116,49,o3mlUND8Zs4DO2N6kpXDwbA1YpY=,TmFw18RDpzEPwqs/ax6VW1bXfoI=
-117,49,o3mlUND8Zs4DO2N6kpXDwbA1YpY=,92fPIYkwWJhnjodIJFed1q7ZHu0=
-118,48,o3mlUND8Zs4DO2N6kpXDwbA1YpY=,92fPIYkwWJhnjodIJFed1q7ZHu0=
-117,48,o3mlUND8Zs4DO2N6kpXDwbA1YpY=,92fPIYkwWJhnjodIJFed1q7ZHu0=
-118,49,o3mlUND8Zs4DO2N6kpXDwbA1YpY=,92fPIYkwWJhnjodIJFed1q7ZHu0=
-115,49,o3mlUND8Zs4DO2N6kpXDwbA1YpY=,TmFw18RDpzEPwqs/ax6VW1bXfoI=
-120,51,xXwBaLMye6P2AHM3+AucpMS/xrE=,92fPIYkwWJhnjodIJFed1q7ZHu0=
-119,54,xXwBaLMye6P2AHM3+AucpMS/xrE=,Hwf8fmyg9HWSaLqcjkdSASsj5ZI=
-120,56,xXwBaLMye6P2AHM3+AucpMS/xrE=,yyVoh42SBxQAGzUIrSnzrKjg0bc=
-119,53,xXwBaLMye6P2AHM3+AucpMS/xrE=,Hwf8fmyg9HWSaLqcjkdSASsj5ZI=
-121,51,xXwBaLMye6P2AHM3+AucpMS/xrE=,eqzsowKmPaHqzt0dQWlsFWkhcUU=
-121,54,xXwBaLMye6P2AHM3+AucpMS/xrE=,yUq7MYfApunluOG0fnbktEEMRFw=
-122,51,xXwBaLMye6P2AHM3+AucpMS/xrE=,eqzsowKmPaHqzt0dQWlsFWkhcUU=
-119,55,xXwBaLMye6P2AHM3+AucpMS/xrE=,Hwf8fmyg9HWSaLqcjkdSASsj5ZI=
-119,57,xXwBaLMye6P2AHM3+AucpMS/xrE=,yyVoh42SBxQAGzUIrSnzrKjg0bc=
-119,52,xXwBaLMye6P2AHM3+AucpMS/xrE=,Hwf8fmyg9HWSaLqcjkdSASsj5ZI=
-119,56,xXwBaLMye6P2AHM3+AucpMS/xrE=,yyVoh42SBxQAGzUIrSnzrKjg0bc=
-120,57,xXwBaLMye6P2AHM3+AucpMS/xrE=,yyVoh42SBxQAGzUIrSnzrKjg0bc=
-122,57,xXwBaLMye6P2AHM3+AucpMS/xrE=,C1IBnz79esPnWAFu8alG/d8zoFo=
-121,57,xXwBaLMye6P2AHM3+AucpMS/xrE=,C1IBnz79esPnWAFu8alG/d8zoFo=
-120,54,xXwBaLMye6P2AHM3+AucpMS/xrE=,Hwf8fmyg9HWSaLqcjkdSASsj5ZI=
-122,52,xXwBaLMye6P2AHM3+AucpMS/xrE=,yUq7MYfApunluOG0fnbktEEMRFw=
-121,50,xXwBaLMye6P2AHM3+AucpMS/xrE=,eqzsowKmPaHqzt0dQWlsFWkhcUU=
-120,55,xXwBaLMye6P2AHM3+AucpMS/xrE=,Hwf8fmyg9HWSaLqcjkdSASsj5ZI=
-121,55,xXwBaLMye6P2AHM3+AucpMS/xrE=,yUq7MYfApunluOG0fnbktEEMRFw=
-122,56,xXwBaLMye6P2AHM3+AucpMS/xrE=,C1IBnz79esPnWAFu8alG/d8zoFo=
-121,56,xXwBaLMye6P2AHM3+AucpMS/xrE=,C1IBnz79esPnWAFu8alG/d8zoFo=
-120,53,xXwBaLMye6P2AHM3+AucpMS/xrE=,Hwf8fmyg9HWSaLqcjkdSASsj5ZI=
-122,54,xXwBaLMye6P2AHM3+AucpMS/xrE=,yUq7MYfApunluOG0fnbktEEMRFw=
-120,52,xXwBaLMye6P2AHM3+AucpMS/xrE=,Hwf8fmyg9HWSaLqcjkdSASsj5ZI=
-122,55,xXwBaLMye6P2AHM3+AucpMS/xrE=,yUq7MYfApunluOG0fnbktEEMRFw=
-122,53,xXwBaLMye6P2AHM3+AucpMS/xrE=,yUq7MYfApunluOG0fnbktEEMRFw=
-121,53,xXwBaLMye6P2AHM3+AucpMS/xrE=,yUq7MYfApunluOG0fnbktEEMRFw=
-119,50,xXwBaLMye6P2AHM3+AucpMS/xrE=,92fPIYkwWJhnjodIJFed1q7ZHu0=
-122,50,xXwBaLMye6P2AHM3+AucpMS/xrE=,eqzsowKmPaHqzt0dQWlsFWkhcUU=
-119,51,xXwBaLMye6P2AHM3+AucpMS/xrE=,92fPIYkwWJhnjodIJFed1q7ZHu0=
-120,50,xXwBaLMye6P2AHM3+AucpMS/xrE=,92fPIYkwWJhnjodIJFed1q7ZHu0=
-121,52,xXwBaLMye6P2AHM3+AucpMS/xrE=,yUq7MYfApunluOG0fnbktEEMRFw=
-126,55,o463/YfjgCx6wumgnOHMjmEjN6s=,te6bH/gWfqHf4aafXvKabaxBgiM=
-124,56,o463/YfjgCx6wumgnOHMjmEjN6s=,C1IBnz79esPnWAFu8alG/d8zoFo=
-123,55,o463/YfjgCx6wumgnOHMjmEjN6s=,yUq7MYfApunluOG0fnbktEEMRFw=
-123,54,o463/YfjgCx6wumgnOHMjmEjN6s=,yUq7MYfApunluOG0fnbktEEMRFw=
-123,56,o463/YfjgCx6wumgnOHMjmEjN6s=,C1IBnz79esPnWAFu8alG/d8zoFo=
-125,57,o463/YfjgCx6wumgnOHMjmEjN6s=,czBZDnru0uZr/gMW70PzUGE4sso=
-126,57,o463/YfjgCx6wumgnOHMjmEjN6s=,czBZDnru0uZr/gMW70PzUGE4sso=
-125,56,o463/YfjgCx6wumgnOHMjmEjN6s=,czBZDnru0uZr/gMW70PzUGE4sso=
-126,54,o463/YfjgCx6wumgnOHMjmEjN6s=,te6bH/gWfqHf4aafXvKabaxBgiM=
-126,56,o463/YfjgCx6wumgnOHMjmEjN6s=,czBZDnru0uZr/gMW70PzUGE4sso=
-124,57,o463/YfjgCx6wumgnOHMjmEjN6s=,C1IBnz79esPnWAFu8alG/d8zoFo=
-124,55,o463/YfjgCx6wumgnOHMjmEjN6s=,yUq7MYfApunluOG0fnbktEEMRFw=
-124,54,o463/YfjgCx6wumgnOHMjmEjN6s=,yUq7MYfApunluOG0fnbktEEMRFw=
-123,57,o463/YfjgCx6wumgnOHMjmEjN6s=,C1IBnz79esPnWAFu8alG/d8zoFo=
-125,55,o463/YfjgCx6wumgnOHMjmEjN6s=,te6bH/gWfqHf4aafXvKabaxBgiM=
-125,54,o463/YfjgCx6wumgnOHMjmEjN6s=,te6bH/gWfqHf4aafXvKabaxBgiM=
-120,49,o463/YfjgCx6wumgnOHMjmEjN6s=,92fPIYkwWJhnjodIJFed1q7ZHu0=
-119,48,o463/YfjgCx6wumgnOHMjmEjN6s=,92fPIYkwWJhnjodIJFed1q7ZHu0=
-121,49,o463/YfjgCx6wumgnOHMjmEjN6s=,eqzsowKmPaHqzt0dQWlsFWkhcUU=
-122,48,o463/YfjgCx6wumgnOHMjmEjN6s=,eqzsowKmPaHqzt0dQWlsFWkhcUU=
-122,49,o463/YfjgCx6wumgnOHMjmEjN6s=,eqzsowKmPaHqzt0dQWlsFWkhcUU=
-119,49,o463/YfjgCx6wumgnOHMjmEjN6s=,92fPIYkwWJhnjodIJFed1q7ZHu0=
-126,51,o463/YfjgCx6wumgnOHMjmEjN6s=,EnuSQTETVrs3iyxhCv+HH71uZCg=
-125,51,o463/YfjgCx6wumgnOHMjmEjN6s=,EnuSQTETVrs3iyxhCv+HH71uZCg=
-123,50,o463/YfjgCx6wumgnOHMjmEjN6s=,eqzsowKmPaHqzt0dQWlsFWkhcUU=
-124,52,o463/YfjgCx6wumgnOHMjmEjN6s=,yUq7MYfApunluOG0fnbktEEMRFw=
-124,50,o463/YfjgCx6wumgnOHMjmEjN6s=,eqzsowKmPaHqzt0dQWlsFWkhcUU=
-123,53,o463/YfjgCx6wumgnOHMjmEjN6s=,yUq7MYfApunluOG0fnbktEEMRFw=
-123,51,o463/YfjgCx6wumgnOHMjmEjN6s=,eqzsowKmPaHqzt0dQWlsFWkhcUU=
-121,48,o463/YfjgCx6wumgnOHMjmEjN6s=,eqzsowKmPaHqzt0dQWlsFWkhcUU=
-123,52,o463/YfjgCx6wumgnOHMjmEjN6s=,yUq7MYfApunluOG0fnbktEEMRFw=
-125,53,o463/YfjgCx6wumgnOHMjmEjN6s=,te6bH/gWfqHf4aafXvKabaxBgiM=
-126,53,o463/YfjgCx6wumgnOHMjmEjN6s=,te6bH/gWfqHf4aafXvKabaxBgiM=
-124,53,o463/YfjgCx6wumgnOHMjmEjN6s=,yUq7MYfApunluOG0fnbktEEMRFw=
-126,52,o463/YfjgCx6wumgnOHMjmEjN6s=,te6bH/gWfqHf4aafXvKabaxBgiM=
-125,50,o463/YfjgCx6wumgnOHMjmEjN6s=,EnuSQTETVrs3iyxhCv+HH71uZCg=
-124,51,o463/YfjgCx6wumgnOHMjmEjN6s=,eqzsowKmPaHqzt0dQWlsFWkhcUU=
-126,50,o463/YfjgCx6wumgnOHMjmEjN6s=,EnuSQTETVrs3iyxhCv+HH71uZCg=
-125,52,o463/YfjgCx6wumgnOHMjmEjN6s=,te6bH/gWfqHf4aafXvKabaxBgiM=
-120,48,o463/YfjgCx6wumgnOHMjmEjN6s=,92fPIYkwWJhnjodIJFed1q7ZHu0=
-125,48,o463/YfjgCx6wumgnOHMjmEjN6s=,EnuSQTETVrs3iyxhCv+HH71uZCg=
-123,48,o463/YfjgCx6wumgnOHMjmEjN6s=,eqzsowKmPaHqzt0dQWlsFWkhcUU=
-124,48,o463/YfjgCx6wumgnOHMjmEjN6s=,eqzsowKmPaHqzt0dQWlsFWkhcUU=
-126,48,o463/YfjgCx6wumgnOHMjmEjN6s=,EnuSQTETVrs3iyxhCv+HH71uZCg=
-126,49,o463/YfjgCx6wumgnOHMjmEjN6s=,EnuSQTETVrs3iyxhCv+HH71uZCg=
-125,49,o463/YfjgCx6wumgnOHMjmEjN6s=,EnuSQTETVrs3iyxhCv+HH71uZCg=
-124,49,o463/YfjgCx6wumgnOHMjmEjN6s=,eqzsowKmPaHqzt0dQWlsFWkhcUU=
-123,49,o463/YfjgCx6wumgnOHMjmEjN6s=,eqzsowKmPaHqzt0dQWlsFWkhcUU=
-128,51,o463/YfjgCx6wumgnOHMjmEjN6s=,EnuSQTETVrs3iyxhCv+HH71uZCg=
-127,53,o463/YfjgCx6wumgnOHMjmEjN6s=,te6bH/gWfqHf4aafXvKabaxBgiM=
-128,52,o463/YfjgCx6wumgnOHMjmEjN6s=,te6bH/gWfqHf4aafXvKabaxBgiM=
-127,51,o463/YfjgCx6wumgnOHMjmEjN6s=,EnuSQTETVrs3iyxhCv+HH71uZCg=
-128,53,o463/YfjgCx6wumgnOHMjmEjN6s=,te6bH/gWfqHf4aafXvKabaxBgiM=
-127,52,o463/YfjgCx6wumgnOHMjmEjN6s=,te6bH/gWfqHf4aafXvKabaxBgiM=
-128,50,o463/YfjgCx6wumgnOHMjmEjN6s=,EnuSQTETVrs3iyxhCv+HH71uZCg=
-127,50,o463/YfjgCx6wumgnOHMjmEjN6s=,EnuSQTETVrs3iyxhCv+HH71uZCg=
-128,54,o463/YfjgCx6wumgnOHMjmEjN6s=,te6bH/gWfqHf4aafXvKabaxBgiM=
-128,57,o463/YfjgCx6wumgnOHMjmEjN6s=,czBZDnru0uZr/gMW70PzUGE4sso=
-128,55,o463/YfjgCx6wumgnOHMjmEjN6s=,te6bH/gWfqHf4aafXvKabaxBgiM=
-127,54,o463/YfjgCx6wumgnOHMjmEjN6s=,te6bH/gWfqHf4aafXvKabaxBgiM=
-127,57,o463/YfjgCx6wumgnOHMjmEjN6s=,czBZDnru0uZr/gMW70PzUGE4sso=
-127,55,o463/YfjgCx6wumgnOHMjmEjN6s=,te6bH/gWfqHf4aafXvKabaxBgiM=
-127,56,o463/YfjgCx6wumgnOHMjmEjN6s=,czBZDnru0uZr/gMW70PzUGE4sso=
-128,56,o463/YfjgCx6wumgnOHMjmEjN6s=,czBZDnru0uZr/gMW70PzUGE4sso=
-128,59,o463/YfjgCx6wumgnOHMjmEjN6s=,czBZDnru0uZr/gMW70PzUGE4sso=
-128,58,o463/YfjgCx6wumgnOHMjmEjN6s=,czBZDnru0uZr/gMW70PzUGE4sso=
-127,58,o463/YfjgCx6wumgnOHMjmEjN6s=,czBZDnru0uZr/gMW70PzUGE4sso=
-127,59,o463/YfjgCx6wumgnOHMjmEjN6s=,czBZDnru0uZr/gMW70PzUGE4sso=
-128,61,o463/YfjgCx6wumgnOHMjmEjN6s=,O3n8ayk91nK7xMsnUTEl4pPl4Cw=
-128,60,o463/YfjgCx6wumgnOHMjmEjN6s=,O3n8ayk91nK7xMsnUTEl4pPl4Cw=
-127,60,o463/YfjgCx6wumgnOHMjmEjN6s=,O3n8ayk91nK7xMsnUTEl4pPl4Cw=
-127,61,o463/YfjgCx6wumgnOHMjmEjN6s=,O3n8ayk91nK7xMsnUTEl4pPl4Cw=
-113,48,Aewkon3atczUJWnrpFIh+zF5ko8=,TmFw18RDpzEPwqs/ax6VW1bXfoI=
-128,49,Aewkon3atczUJWnrpFIh+zF5ko8=,EnuSQTETVrs3iyxhCv+HH71uZCg=
-114,49,Aewkon3atczUJWnrpFIh+zF5ko8=,TmFw18RDpzEPwqs/ax6VW1bXfoI=
-113,49,Aewkon3atczUJWnrpFIh+zF5ko8=,TmFw18RDpzEPwqs/ax6VW1bXfoI=
-114,48,Aewkon3atczUJWnrpFIh+zF5ko8=,TmFw18RDpzEPwqs/ax6VW1bXfoI=
-127,48,Aewkon3atczUJWnrpFIh+zF5ko8=,EnuSQTETVrs3iyxhCv+HH71uZCg=
-127,49,Aewkon3atczUJWnrpFIh+zF5ko8=,EnuSQTETVrs3iyxhCv+HH71uZCg=
-128,48,Aewkon3atczUJWnrpFIh+zF5ko8=,EnuSQTETVrs3iyxhCv+HH71uZCg=
-123,62,Aewkon3atczUJWnrpFIh+zF5ko8=,3lZ+C3O97px/Z4DBeffnnnTSZ7o=
-124,62,Aewkon3atczUJWnrpFIh+zF5ko8=,3lZ+C3O97px/Z4DBeffnnnTSZ7o=
-125,62,Aewkon3atczUJWnrpFIh+zF5ko8=,O3n8ayk91nK7xMsnUTEl4pPl4Cw=
-126,62,Aewkon3atczUJWnrpFIh+zF5ko8=,O3n8ayk91nK7xMsnUTEl4pPl4Cw=
-128,63,Aewkon3atczUJWnrpFIh+zF5ko8=,O3n8ayk91nK7xMsnUTEl4pPl4Cw=
-128,62,Aewkon3atczUJWnrpFIh+zF5ko8=,O3n8ayk91nK7xMsnUTEl4pPl4Cw=
-126,63,Aewkon3atczUJWnrpFIh+zF5ko8=,O3n8ayk91nK7xMsnUTEl4pPl4Cw=
-127,62,Aewkon3atczUJWnrpFIh+zF5ko8=,O3n8ayk91nK7xMsnUTEl4pPl4Cw=
-127,63,Aewkon3atczUJWnrpFIh+zF5ko8=,O3n8ayk91nK7xMsnUTEl4pPl4Cw=
-124,63,Aewkon3atczUJWnrpFIh+zF5ko8=,3lZ+C3O97px/Z4DBeffnnnTSZ7o=
-123,63,Aewkon3atczUJWnrpFIh+zF5ko8=,3lZ+C3O97px/Z4DBeffnnnTSZ7o=
-125,63,Aewkon3atczUJWnrpFIh+zF5ko8=,O3n8ayk91nK7xMsnUTEl4pPl4Cw=
-100,50,bXQHmh4mcpi2F7jD5Ks7KiFIqCE=,fhKaQEfyET+vlcb9lUMd6kIucgI=
-100,52,bXQHmh4mcpi2F7jD5Ks7KiFIqCE=,8jq9j395k8IO4YEJPCuYA3+6gcY=
-99,51,bXQHmh4mcpi2F7jD5Ks7KiFIqCE=,fhKaQEfyET+vlcb9lUMd6kIucgI=
-102,50,bXQHmh4mcpi2F7jD5Ks7KiFIqCE=,Us/QWWijgrmVKgQr4Z7aTm0cSxg=
-99,53,bXQHmh4mcpi2F7jD5Ks7KiFIqCE=,8jq9j395k8IO4YEJPCuYA3+6gcY=
-101,50,bXQHmh4mcpi2F7jD5Ks7KiFIqCE=,Us/QWWijgrmVKgQr4Z7aTm0cSxg=
-100,53,bXQHmh4mcpi2F7jD5Ks7KiFIqCE=,8jq9j395k8IO4YEJPCuYA3+6gcY=
-100,51,bXQHmh4mcpi2F7jD5Ks7KiFIqCE=,fhKaQEfyET+vlcb9lUMd6kIucgI=
-101,52,bXQHmh4mcpi2F7jD5Ks7KiFIqCE=,52liqQ+bjZcmKd2keShEuva0wdo=
-99,52,bXQHmh4mcpi2F7jD5Ks7KiFIqCE=,8jq9j395k8IO4YEJPCuYA3+6gcY=
-99,50,bXQHmh4mcpi2F7jD5Ks7KiFIqCE=,fhKaQEfyET+vlcb9lUMd6kIucgI=
-102,52,bXQHmh4mcpi2F7jD5Ks7KiFIqCE=,52liqQ+bjZcmKd2keShEuva0wdo=
-102,53,bXQHmh4mcpi2F7jD5Ks7KiFIqCE=,52liqQ+bjZcmKd2keShEuva0wdo=
-101,51,bXQHmh4mcpi2F7jD5Ks7KiFIqCE=,Us/QWWijgrmVKgQr4Z7aTm0cSxg=
-101,53,bXQHmh4mcpi2F7jD5Ks7KiFIqCE=,52liqQ+bjZcmKd2keShEuva0wdo=
-102,51,bXQHmh4mcpi2F7jD5Ks7KiFIqCE=,Us/QWWijgrmVKgQr4Z7aTm0cSxg=
-104,50,LBEOS9Sd3E74Cfuib5i/z27BV4c=,Us/QWWijgrmVKgQr4Z7aTm0cSxg=
-104,52,LBEOS9Sd3E74Cfuib5i/z27BV4c=,52liqQ+bjZcmKd2keShEuva0wdo=
-106,53,LBEOS9Sd3E74Cfuib5i/z27BV4c=,UkdzUEYxCZSTW4tbLUz6dECBGKw=
-105,50,LBEOS9Sd3E74Cfuib5i/z27BV4c=,c4kUBSm5och5cFJt2YV8xJXI4tk=
-105,53,LBEOS9Sd3E74Cfuib5i/z27BV4c=,UkdzUEYxCZSTW4tbLUz6dECBGKw=
-105,52,LBEOS9Sd3E74Cfuib5i/z27BV4c=,UkdzUEYxCZSTW4tbLUz6dECBGKw=
-106,52,LBEOS9Sd3E74Cfuib5i/z27BV4c=,UkdzUEYxCZSTW4tbLUz6dECBGKw=
-106,50,LBEOS9Sd3E74Cfuib5i/z27BV4c=,c4kUBSm5och5cFJt2YV8xJXI4tk=
-106,51,LBEOS9Sd3E74Cfuib5i/z27BV4c=,c4kUBSm5och5cFJt2YV8xJXI4tk=
-105,51,LBEOS9Sd3E74Cfuib5i/z27BV4c=,c4kUBSm5och5cFJt2YV8xJXI4tk=
-104,51,LBEOS9Sd3E74Cfuib5i/z27BV4c=,Us/QWWijgrmVKgQr4Z7aTm0cSxg=
-103,53,LBEOS9Sd3E74Cfuib5i/z27BV4c=,52liqQ+bjZcmKd2keShEuva0wdo=
-103,51,LBEOS9Sd3E74Cfuib5i/z27BV4c=,Us/QWWijgrmVKgQr4Z7aTm0cSxg=
-104,53,LBEOS9Sd3E74Cfuib5i/z27BV4c=,52liqQ+bjZcmKd2keShEuva0wdo=
-103,52,LBEOS9Sd3E74Cfuib5i/z27BV4c=,52liqQ+bjZcmKd2keShEuva0wdo=
-103,50,LBEOS9Sd3E74Cfuib5i/z27BV4c=,Us/QWWijgrmVKgQr4Z7aTm0cSxg=
-109,55,tdhTMmz53NWLf8izxNelICmzGY4=,9PlQ5UcU0p8lZaHhHn87CwGwbEk=
-110,55,tdhTMmz53NWLf8izxNelICmzGY4=,9PlQ5UcU0p8lZaHhHn87CwGwbEk=
-108,55,tdhTMmz53NWLf8izxNelICmzGY4=,UkdzUEYxCZSTW4tbLUz6dECBGKw=
-108,56,tdhTMmz53NWLf8izxNelICmzGY4=,KD9UwJYIgVS9Lj8+mFnBIVwsxzM=
-109,54,tdhTMmz53NWLf8izxNelICmzGY4=,9PlQ5UcU0p8lZaHhHn87CwGwbEk=
-110,54,tdhTMmz53NWLf8izxNelICmzGY4=,9PlQ5UcU0p8lZaHhHn87CwGwbEk=
-108,54,tdhTMmz53NWLf8izxNelICmzGY4=,UkdzUEYxCZSTW4tbLUz6dECBGKw=
-109,56,tdhTMmz53NWLf8izxNelICmzGY4=,1H+FnK9OAyRfNZs6XPYokaAlv8I=
-108,52,tdhTMmz53NWLf8izxNelICmzGY4=,UkdzUEYxCZSTW4tbLUz6dECBGKw=
-107,54,tdhTMmz53NWLf8izxNelICmzGY4=,UkdzUEYxCZSTW4tbLUz6dECBGKw=
-110,56,tdhTMmz53NWLf8izxNelICmzGY4=,1H+FnK9OAyRfNZs6XPYokaAlv8I=
-107,55,tdhTMmz53NWLf8izxNelICmzGY4=,UkdzUEYxCZSTW4tbLUz6dECBGKw=
-109,50,tdhTMmz53NWLf8izxNelICmzGY4=,FqRaN2stikZnWBefI5o1jv+bbMI=
-107,53,tdhTMmz53NWLf8izxNelICmzGY4=,UkdzUEYxCZSTW4tbLUz6dECBGKw=
-110,50,tdhTMmz53NWLf8izxNelICmzGY4=,FqRaN2stikZnWBefI5o1jv+bbMI=
-109,52,tdhTMmz53NWLf8izxNelICmzGY4=,9PlQ5UcU0p8lZaHhHn87CwGwbEk=
-109,51,tdhTMmz53NWLf8izxNelICmzGY4=,FqRaN2stikZnWBefI5o1jv+bbMI=
-107,51,tdhTMmz53NWLf8izxNelICmzGY4=,c4kUBSm5och5cFJt2YV8xJXI4tk=
-108,50,tdhTMmz53NWLf8izxNelICmzGY4=,c4kUBSm5och5cFJt2YV8xJXI4tk=
-110,51,tdhTMmz53NWLf8izxNelICmzGY4=,FqRaN2stikZnWBefI5o1jv+bbMI=
-110,52,tdhTMmz53NWLf8izxNelICmzGY4=,9PlQ5UcU0p8lZaHhHn87CwGwbEk=
-108,51,tdhTMmz53NWLf8izxNelICmzGY4=,c4kUBSm5och5cFJt2YV8xJXI4tk=
-108,53,tdhTMmz53NWLf8izxNelICmzGY4=,UkdzUEYxCZSTW4tbLUz6dECBGKw=
-107,56,tdhTMmz53NWLf8izxNelICmzGY4=,KD9UwJYIgVS9Lj8+mFnBIVwsxzM=
-110,53,tdhTMmz53NWLf8izxNelICmzGY4=,9PlQ5UcU0p8lZaHhHn87CwGwbEk=
-109,57,tdhTMmz53NWLf8izxNelICmzGY4=,1H+FnK9OAyRfNZs6XPYokaAlv8I=
-107,52,tdhTMmz53NWLf8izxNelICmzGY4=,UkdzUEYxCZSTW4tbLUz6dECBGKw=
-107,50,tdhTMmz53NWLf8izxNelICmzGY4=,c4kUBSm5och5cFJt2YV8xJXI4tk=
-109,53,tdhTMmz53NWLf8izxNelICmzGY4=,9PlQ5UcU0p8lZaHhHn87CwGwbEk=
-108,57,tdhTMmz53NWLf8izxNelICmzGY4=,KD9UwJYIgVS9Lj8+mFnBIVwsxzM=
-107,57,tdhTMmz53NWLf8izxNelICmzGY4=,KD9UwJYIgVS9Lj8+mFnBIVwsxzM=
-110,57,tdhTMmz53NWLf8izxNelICmzGY4=,1H+FnK9OAyRfNZs6XPYokaAlv8I=
-109,61,gLyA0xoxidBrVjeFTuizuIXTjg4=,La287mADljKJlx9XtvF2YjPmp2g=
-107,61,gLyA0xoxidBrVjeFTuizuIXTjg4=,Mz+f4Xi0OnqmRhAxEo61IT5Zr+E=
-108,61,gLyA0xoxidBrVjeFTuizuIXTjg4=,Mz+f4Xi0OnqmRhAxEo61IT5Zr+E=
-110,61,gLyA0xoxidBrVjeFTuizuIXTjg4=,La287mADljKJlx9XtvF2YjPmp2g=
-107,60,gLyA0xoxidBrVjeFTuizuIXTjg4=,Mz+f4Xi0OnqmRhAxEo61IT5Zr+E=
-109,60,gLyA0xoxidBrVjeFTuizuIXTjg4=,La287mADljKJlx9XtvF2YjPmp2g=
-108,60,gLyA0xoxidBrVjeFTuizuIXTjg4=,Mz+f4Xi0OnqmRhAxEo61IT5Zr+E=
-110,60,gLyA0xoxidBrVjeFTuizuIXTjg4=,La287mADljKJlx9XtvF2YjPmp2g=
-110,58,gLyA0xoxidBrVjeFTuizuIXTjg4=,1H+FnK9OAyRfNZs6XPYokaAlv8I=
-110,59,gLyA0xoxidBrVjeFTuizuIXTjg4=,1H+FnK9OAyRfNZs6XPYokaAlv8I=
-107,58,gLyA0xoxidBrVjeFTuizuIXTjg4=,KD9UwJYIgVS9Lj8+mFnBIVwsxzM=
-108,58,gLyA0xoxidBrVjeFTuizuIXTjg4=,KD9UwJYIgVS9Lj8+mFnBIVwsxzM=
-108,59,gLyA0xoxidBrVjeFTuizuIXTjg4=,KD9UwJYIgVS9Lj8+mFnBIVwsxzM=
-109,59,gLyA0xoxidBrVjeFTuizuIXTjg4=,1H+FnK9OAyRfNZs6XPYokaAlv8I=
-109,58,gLyA0xoxidBrVjeFTuizuIXTjg4=,1H+FnK9OAyRfNZs6XPYokaAlv8I=
-107,59,gLyA0xoxidBrVjeFTuizuIXTjg4=,KD9UwJYIgVS9Lj8+mFnBIVwsxzM=
-105,55,/sDcIGeMfWrAAju0YPbRyEfkE2Q=,UkdzUEYxCZSTW4tbLUz6dECBGKw=
-103,54,/sDcIGeMfWrAAju0YPbRyEfkE2Q=,52liqQ+bjZcmKd2keShEuva0wdo=
-104,55,/sDcIGeMfWrAAju0YPbRyEfkE2Q=,52liqQ+bjZcmKd2keShEuva0wdo=
-106,54,/sDcIGeMfWrAAju0YPbRyEfkE2Q=,UkdzUEYxCZSTW4tbLUz6dECBGKw=
-105,54,/sDcIGeMfWrAAju0YPbRyEfkE2Q=,UkdzUEYxCZSTW4tbLUz6dECBGKw=
-104,54,/sDcIGeMfWrAAju0YPbRyEfkE2Q=,52liqQ+bjZcmKd2keShEuva0wdo=
-103,55,/sDcIGeMfWrAAju0YPbRyEfkE2Q=,52liqQ+bjZcmKd2keShEuva0wdo=
-106,55,/sDcIGeMfWrAAju0YPbRyEfkE2Q=,UkdzUEYxCZSTW4tbLUz6dECBGKw=
-106,57,/sDcIGeMfWrAAju0YPbRyEfkE2Q=,KD9UwJYIgVS9Lj8+mFnBIVwsxzM=
-106,56,/sDcIGeMfWrAAju0YPbRyEfkE2Q=,KD9UwJYIgVS9Lj8+mFnBIVwsxzM=
-105,57,/sDcIGeMfWrAAju0YPbRyEfkE2Q=,KD9UwJYIgVS9Lj8+mFnBIVwsxzM=
-105,56,/sDcIGeMfWrAAju0YPbRyEfkE2Q=,KD9UwJYIgVS9Lj8+mFnBIVwsxzM=
-104,61,/sDcIGeMfWrAAju0YPbRyEfkE2Q=,LhW+u8a18hVV/AqMd2yCLB/wPLU=
-106,61,/sDcIGeMfWrAAju0YPbRyEfkE2Q=,Mz+f4Xi0OnqmRhAxEo61IT5Zr+E=
-106,60,/sDcIGeMfWrAAju0YPbRyEfkE2Q=,Mz+f4Xi0OnqmRhAxEo61IT5Zr+E=
-103,56,/sDcIGeMfWrAAju0YPbRyEfkE2Q=,hJ0XNy5s6QjiZePrtUYQZIvUWZI=
-103,61,/sDcIGeMfWrAAju0YPbRyEfkE2Q=,LhW+u8a18hVV/AqMd2yCLB/wPLU=
-104,57,/sDcIGeMfWrAAju0YPbRyEfkE2Q=,hJ0XNy5s6QjiZePrtUYQZIvUWZI=
-104,56,/sDcIGeMfWrAAju0YPbRyEfkE2Q=,hJ0XNy5s6QjiZePrtUYQZIvUWZI=
-103,57,/sDcIGeMfWrAAju0YPbRyEfkE2Q=,hJ0XNy5s6QjiZePrtUYQZIvUWZI=
-105,60,/sDcIGeMfWrAAju0YPbRyEfkE2Q=,Mz+f4Xi0OnqmRhAxEo61IT5Zr+E=
-105,61,/sDcIGeMfWrAAju0YPbRyEfkE2Q=,Mz+f4Xi0OnqmRhAxEo61IT5Zr+E=
-106,59,/sDcIGeMfWrAAju0YPbRyEfkE2Q=,KD9UwJYIgVS9Lj8+mFnBIVwsxzM=
-103,59,/sDcIGeMfWrAAju0YPbRyEfkE2Q=,hJ0XNy5s6QjiZePrtUYQZIvUWZI=
-106,58,/sDcIGeMfWrAAju0YPbRyEfkE2Q=,KD9UwJYIgVS9Lj8+mFnBIVwsxzM=
-105,59,/sDcIGeMfWrAAju0YPbRyEfkE2Q=,KD9UwJYIgVS9Lj8+mFnBIVwsxzM=
-105,58,/sDcIGeMfWrAAju0YPbRyEfkE2Q=,KD9UwJYIgVS9Lj8+mFnBIVwsxzM=
-103,58,/sDcIGeMfWrAAju0YPbRyEfkE2Q=,hJ0XNy5s6QjiZePrtUYQZIvUWZI=
-104,60,/sDcIGeMfWrAAju0YPbRyEfkE2Q=,LhW+u8a18hVV/AqMd2yCLB/wPLU=
-103,60,/sDcIGeMfWrAAju0YPbRyEfkE2Q=,LhW+u8a18hVV/AqMd2yCLB/wPLU=
-104,58,/sDcIGeMfWrAAju0YPbRyEfkE2Q=,hJ0XNy5s6QjiZePrtUYQZIvUWZI=
-102,55,/sDcIGeMfWrAAju0YPbRyEfkE2Q=,52liqQ+bjZcmKd2keShEuva0wdo=
-101,54,/sDcIGeMfWrAAju0YPbRyEfkE2Q=,52liqQ+bjZcmKd2keShEuva0wdo=
-102,54,/sDcIGeMfWrAAju0YPbRyEfkE2Q=,52liqQ+bjZcmKd2keShEuva0wdo=
-101,55,/sDcIGeMfWrAAju0YPbRyEfkE2Q=,52liqQ+bjZcmKd2keShEuva0wdo=
-100,54,/sDcIGeMfWrAAju0YPbRyEfkE2Q=,8jq9j395k8IO4YEJPCuYA3+6gcY=
-100,55,/sDcIGeMfWrAAju0YPbRyEfkE2Q=,8jq9j395k8IO4YEJPCuYA3+6gcY=
-99,55,/sDcIGeMfWrAAju0YPbRyEfkE2Q=,8jq9j395k8IO4YEJPCuYA3+6gcY=
-99,54,/sDcIGeMfWrAAju0YPbRyEfkE2Q=,8jq9j395k8IO4YEJPCuYA3+6gcY=
-104,59,/sDcIGeMfWrAAju0YPbRyEfkE2Q=,hJ0XNy5s6QjiZePrtUYQZIvUWZI=
-101,56,R6tnEcg7CKk/ItUW4FOb00sMZ3M=,hJ0XNy5s6QjiZePrtUYQZIvUWZI=
-101,57,R6tnEcg7CKk/ItUW4FOb00sMZ3M=,hJ0XNy5s6QjiZePrtUYQZIvUWZI=
-99,56,R6tnEcg7CKk/ItUW4FOb00sMZ3M=,nSVP0vf85n9E7GtOf208YvcRVuk=
-102,56,R6tnEcg7CKk/ItUW4FOb00sMZ3M=,hJ0XNy5s6QjiZePrtUYQZIvUWZI=
-102,57,R6tnEcg7CKk/ItUW4FOb00sMZ3M=,hJ0XNy5s6QjiZePrtUYQZIvUWZI=
-100,57,R6tnEcg7CKk/ItUW4FOb00sMZ3M=,nSVP0vf85n9E7GtOf208YvcRVuk=
-100,56,R6tnEcg7CKk/ItUW4FOb00sMZ3M=,nSVP0vf85n9E7GtOf208YvcRVuk=
-99,57,R6tnEcg7CKk/ItUW4FOb00sMZ3M=,nSVP0vf85n9E7GtOf208YvcRVuk=
-102,61,R6tnEcg7CKk/ItUW4FOb00sMZ3M=,LhW+u8a18hVV/AqMd2yCLB/wPLU=
-102,60,R6tnEcg7CKk/ItUW4FOb00sMZ3M=,LhW+u8a18hVV/AqMd2yCLB/wPLU=
-100,60,R6tnEcg7CKk/ItUW4FOb00sMZ3M=,MnEDE2YlOLz4rbVoV9BA7a23TcY=
-98,59,R6tnEcg7CKk/ItUW4FOb00sMZ3M=,nSVP0vf85n9E7GtOf208YvcRVuk=
-97,59,R6tnEcg7CKk/ItUW4FOb00sMZ3M=,nSVP0vf85n9E7GtOf208YvcRVuk=
-98,58,R6tnEcg7CKk/ItUW4FOb00sMZ3M=,nSVP0vf85n9E7GtOf208YvcRVuk=
-101,58,R6tnEcg7CKk/ItUW4FOb00sMZ3M=,hJ0XNy5s6QjiZePrtUYQZIvUWZI=
-97,58,R6tnEcg7CKk/ItUW4FOb00sMZ3M=,nSVP0vf85n9E7GtOf208YvcRVuk=
-102,58,R6tnEcg7CKk/ItUW4FOb00sMZ3M=,hJ0XNy5s6QjiZePrtUYQZIvUWZI=
-100,59,R6tnEcg7CKk/ItUW4FOb00sMZ3M=,nSVP0vf85n9E7GtOf208YvcRVuk=
-99,59,R6tnEcg7CKk/ItUW4FOb00sMZ3M=,nSVP0vf85n9E7GtOf208YvcRVuk=
-101,59,R6tnEcg7CKk/ItUW4FOb00sMZ3M=,hJ0XNy5s6QjiZePrtUYQZIvUWZI=
-99,58,R6tnEcg7CKk/ItUW4FOb00sMZ3M=,nSVP0vf85n9E7GtOf208YvcRVuk=
-100,58,R6tnEcg7CKk/ItUW4FOb00sMZ3M=,nSVP0vf85n9E7GtOf208YvcRVuk=
-99,60,R6tnEcg7CKk/ItUW4FOb00sMZ3M=,MnEDE2YlOLz4rbVoV9BA7a23TcY=
-102,59,R6tnEcg7CKk/ItUW4FOb00sMZ3M=,hJ0XNy5s6QjiZePrtUYQZIvUWZI=
-98,61,R6tnEcg7CKk/ItUW4FOb00sMZ3M=,MnEDE2YlOLz4rbVoV9BA7a23TcY=
-97,61,R6tnEcg7CKk/ItUW4FOb00sMZ3M=,MnEDE2YlOLz4rbVoV9BA7a23TcY=
-101,61,R6tnEcg7CKk/ItUW4FOb00sMZ3M=,LhW+u8a18hVV/AqMd2yCLB/wPLU=
-97,60,R6tnEcg7CKk/ItUW4FOb00sMZ3M=,MnEDE2YlOLz4rbVoV9BA7a23TcY=
-100,61,R6tnEcg7CKk/ItUW4FOb00sMZ3M=,MnEDE2YlOLz4rbVoV9BA7a23TcY=
-99,61,R6tnEcg7CKk/ItUW4FOb00sMZ3M=,MnEDE2YlOLz4rbVoV9BA7a23TcY=
-101,60,R6tnEcg7CKk/ItUW4FOb00sMZ3M=,LhW+u8a18hVV/AqMd2yCLB/wPLU=
-98,60,R6tnEcg7CKk/ItUW4FOb00sMZ3M=,MnEDE2YlOLz4rbVoV9BA7a23TcY=
-97,63,xPNq5JlUL8/k8Ce07S1jvqSSYwU=,MnEDE2YlOLz4rbVoV9BA7a23TcY=
-97,62,xPNq5JlUL8/k8Ce07S1jvqSSYwU=,MnEDE2YlOLz4rbVoV9BA7a23TcY=
-102,62,xPNq5JlUL8/k8Ce07S1jvqSSYwU=,LhW+u8a18hVV/AqMd2yCLB/wPLU=
-106,62,xPNq5JlUL8/k8Ce07S1jvqSSYwU=,Mz+f4Xi0OnqmRhAxEo61IT5Zr+E=
-98,62,xPNq5JlUL8/k8Ce07S1jvqSSYwU=,MnEDE2YlOLz4rbVoV9BA7a23TcY=
-105,63,xPNq5JlUL8/k8Ce07S1jvqSSYwU=,Mz+f4Xi0OnqmRhAxEo61IT5Zr+E=
-101,63,xPNq5JlUL8/k8Ce07S1jvqSSYwU=,LhW+u8a18hVV/AqMd2yCLB/wPLU=
-101,62,xPNq5JlUL8/k8Ce07S1jvqSSYwU=,LhW+u8a18hVV/AqMd2yCLB/wPLU=
-100,62,xPNq5JlUL8/k8Ce07S1jvqSSYwU=,MnEDE2YlOLz4rbVoV9BA7a23TcY=
-102,63,xPNq5JlUL8/k8Ce07S1jvqSSYwU=,LhW+u8a18hVV/AqMd2yCLB/wPLU=
-106,63,xPNq5JlUL8/k8Ce07S1jvqSSYwU=,Mz+f4Xi0OnqmRhAxEo61IT5Zr+E=
-99,62,xPNq5JlUL8/k8Ce07S1jvqSSYwU=,MnEDE2YlOLz4rbVoV9BA7a23TcY=
-104,63,xPNq5JlUL8/k8Ce07S1jvqSSYwU=,LhW+u8a18hVV/AqMd2yCLB/wPLU=
-98,63,xPNq5JlUL8/k8Ce07S1jvqSSYwU=,MnEDE2YlOLz4rbVoV9BA7a23TcY=
-103,62,xPNq5JlUL8/k8Ce07S1jvqSSYwU=,LhW+u8a18hVV/AqMd2yCLB/wPLU=
-104,62,xPNq5JlUL8/k8Ce07S1jvqSSYwU=,LhW+u8a18hVV/AqMd2yCLB/wPLU=
-105,62,xPNq5JlUL8/k8Ce07S1jvqSSYwU=,Mz+f4Xi0OnqmRhAxEo61IT5Zr+E=
-100,63,xPNq5JlUL8/k8Ce07S1jvqSSYwU=,MnEDE2YlOLz4rbVoV9BA7a23TcY=
-99,63,xPNq5JlUL8/k8Ce07S1jvqSSYwU=,MnEDE2YlOLz4rbVoV9BA7a23TcY=
-103,63,xPNq5JlUL8/k8Ce07S1jvqSSYwU=,LhW+u8a18hVV/AqMd2yCLB/wPLU=
-107,62,xPNq5JlUL8/k8Ce07S1jvqSSYwU=,Mz+f4Xi0OnqmRhAxEo61IT5Zr+E=
-108,62,xPNq5JlUL8/k8Ce07S1jvqSSYwU=,Mz+f4Xi0OnqmRhAxEo61IT5Zr+E=
-110,62,xPNq5JlUL8/k8Ce07S1jvqSSYwU=,La287mADljKJlx9XtvF2YjPmp2g=
-107,63,xPNq5JlUL8/k8Ce07S1jvqSSYwU=,Mz+f4Xi0OnqmRhAxEo61IT5Zr+E=
-109,62,xPNq5JlUL8/k8Ce07S1jvqSSYwU=,La287mADljKJlx9XtvF2YjPmp2g=
-108,63,xPNq5JlUL8/k8Ce07S1jvqSSYwU=,Mz+f4Xi0OnqmRhAxEo61IT5Zr+E=
-110,63,xPNq5JlUL8/k8Ce07S1jvqSSYwU=,La287mADljKJlx9XtvF2YjPmp2g=
-109,63,xPNq5JlUL8/k8Ce07S1jvqSSYwU=,La287mADljKJlx9XtvF2YjPmp2g=
-112,54,xPNq5JlUL8/k8Ce07S1jvqSSYwU=,9PlQ5UcU0p8lZaHhHn87CwGwbEk=
-111,55,xPNq5JlUL8/k8Ce07S1jvqSSYwU=,9PlQ5UcU0p8lZaHhHn87CwGwbEk=
-111,54,xPNq5JlUL8/k8Ce07S1jvqSSYwU=,9PlQ5UcU0p8lZaHhHn87CwGwbEk=
-112,55,xPNq5JlUL8/k8Ce07S1jvqSSYwU=,9PlQ5UcU0p8lZaHhHn87CwGwbEk=
-112,57,xPNq5JlUL8/k8Ce07S1jvqSSYwU=,1H+FnK9OAyRfNZs6XPYokaAlv8I=
-111,61,xPNq5JlUL8/k8Ce07S1jvqSSYwU=,La287mADljKJlx9XtvF2YjPmp2g=
-112,56,xPNq5JlUL8/k8Ce07S1jvqSSYwU=,1H+FnK9OAyRfNZs6XPYokaAlv8I=
-111,56,xPNq5JlUL8/k8Ce07S1jvqSSYwU=,1H+FnK9OAyRfNZs6XPYokaAlv8I=
-112,61,xPNq5JlUL8/k8Ce07S1jvqSSYwU=,La287mADljKJlx9XtvF2YjPmp2g=
-111,57,xPNq5JlUL8/k8Ce07S1jvqSSYwU=,1H+FnK9OAyRfNZs6XPYokaAlv8I=
-111,60,xPNq5JlUL8/k8Ce07S1jvqSSYwU=,La287mADljKJlx9XtvF2YjPmp2g=
-112,60,xPNq5JlUL8/k8Ce07S1jvqSSYwU=,La287mADljKJlx9XtvF2YjPmp2g=
-112,58,xPNq5JlUL8/k8Ce07S1jvqSSYwU=,1H+FnK9OAyRfNZs6XPYokaAlv8I=
-112,53,xPNq5JlUL8/k8Ce07S1jvqSSYwU=,9PlQ5UcU0p8lZaHhHn87CwGwbEk=
-111,59,xPNq5JlUL8/k8Ce07S1jvqSSYwU=,1H+FnK9OAyRfNZs6XPYokaAlv8I=
-112,59,xPNq5JlUL8/k8Ce07S1jvqSSYwU=,1H+FnK9OAyRfNZs6XPYokaAlv8I=
-111,52,xPNq5JlUL8/k8Ce07S1jvqSSYwU=,9PlQ5UcU0p8lZaHhHn87CwGwbEk=
-111,58,xPNq5JlUL8/k8Ce07S1jvqSSYwU=,1H+FnK9OAyRfNZs6XPYokaAlv8I=
-111,51,xPNq5JlUL8/k8Ce07S1jvqSSYwU=,FqRaN2stikZnWBefI5o1jv+bbMI=
-112,52,xPNq5JlUL8/k8Ce07S1jvqSSYwU=,9PlQ5UcU0p8lZaHhHn87CwGwbEk=
-111,50,ehJkTQzSHo1TGXbkzDCoqViF8o8=,FqRaN2stikZnWBefI5o1jv+bbMI=
-112,51,ehJkTQzSHo1TGXbkzDCoqViF8o8=,FqRaN2stikZnWBefI5o1jv+bbMI=
-112,50,ehJkTQzSHo1TGXbkzDCoqViF8o8=,FqRaN2stikZnWBefI5o1jv+bbMI=
-111,53,ehJkTQzSHo1TGXbkzDCoqViF8o8=,9PlQ5UcU0p8lZaHhHn87CwGwbEk=
-109,48,ehJkTQzSHo1TGXbkzDCoqViF8o8=,FqRaN2stikZnWBefI5o1jv+bbMI=
-107,49,ehJkTQzSHo1TGXbkzDCoqViF8o8=,c4kUBSm5och5cFJt2YV8xJXI4tk=
-109,49,ehJkTQzSHo1TGXbkzDCoqViF8o8=,FqRaN2stikZnWBefI5o1jv+bbMI=
-108,49,ehJkTQzSHo1TGXbkzDCoqViF8o8=,c4kUBSm5och5cFJt2YV8xJXI4tk=
-110,48,ehJkTQzSHo1TGXbkzDCoqViF8o8=,FqRaN2stikZnWBefI5o1jv+bbMI=
-107,48,ehJkTQzSHo1TGXbkzDCoqViF8o8=,c4kUBSm5och5cFJt2YV8xJXI4tk=
-110,49,ehJkTQzSHo1TGXbkzDCoqViF8o8=,FqRaN2stikZnWBefI5o1jv+bbMI=
-108,48,ehJkTQzSHo1TGXbkzDCoqViF8o8=,c4kUBSm5och5cFJt2YV8xJXI4tk=
-106,48,ehJkTQzSHo1TGXbkzDCoqViF8o8=,c4kUBSm5och5cFJt2YV8xJXI4tk=
-105,48,ehJkTQzSHo1TGXbkzDCoqViF8o8=,c4kUBSm5och5cFJt2YV8xJXI4tk=
-103,48,ehJkTQzSHo1TGXbkzDCoqViF8o8=,Us/QWWijgrmVKgQr4Z7aTm0cSxg=
-106,49,ehJkTQzSHo1TGXbkzDCoqViF8o8=,c4kUBSm5och5cFJt2YV8xJXI4tk=
-105,49,ehJkTQzSHo1TGXbkzDCoqViF8o8=,c4kUBSm5och5cFJt2YV8xJXI4tk=
-103,49,ehJkTQzSHo1TGXbkzDCoqViF8o8=,Us/QWWijgrmVKgQr4Z7aTm0cSxg=
-104,49,ehJkTQzSHo1TGXbkzDCoqViF8o8=,Us/QWWijgrmVKgQr4Z7aTm0cSxg=
-104,48,ehJkTQzSHo1TGXbkzDCoqViF8o8=,Us/QWWijgrmVKgQr4Z7aTm0cSxg=
-101,48,ehJkTQzSHo1TGXbkzDCoqViF8o8=,Us/QWWijgrmVKgQr4Z7aTm0cSxg=
-99,49,ehJkTQzSHo1TGXbkzDCoqViF8o8=,fhKaQEfyET+vlcb9lUMd6kIucgI=
-97,48,ehJkTQzSHo1TGXbkzDCoqViF8o8=,fhKaQEfyET+vlcb9lUMd6kIucgI=
-98,48,ehJkTQzSHo1TGXbkzDCoqViF8o8=,fhKaQEfyET+vlcb9lUMd6kIucgI=
-98,49,ehJkTQzSHo1TGXbkzDCoqViF8o8=,fhKaQEfyET+vlcb9lUMd6kIucgI=
-97,49,ehJkTQzSHo1TGXbkzDCoqViF8o8=,fhKaQEfyET+vlcb9lUMd6kIucgI=
-101,49,ehJkTQzSHo1TGXbkzDCoqViF8o8=,Us/QWWijgrmVKgQr4Z7aTm0cSxg=
-100,49,ehJkTQzSHo1TGXbkzDCoqViF8o8=,fhKaQEfyET+vlcb9lUMd6kIucgI=
-102,49,ehJkTQzSHo1TGXbkzDCoqViF8o8=,Us/QWWijgrmVKgQr4Z7aTm0cSxg=
-102,48,ehJkTQzSHo1TGXbkzDCoqViF8o8=,Us/QWWijgrmVKgQr4Z7aTm0cSxg=
-100,48,ehJkTQzSHo1TGXbkzDCoqViF8o8=,fhKaQEfyET+vlcb9lUMd6kIucgI=
-99,48,ehJkTQzSHo1TGXbkzDCoqViF8o8=,fhKaQEfyET+vlcb9lUMd6kIucgI=
-111,48,ehJkTQzSHo1TGXbkzDCoqViF8o8=,FqRaN2stikZnWBefI5o1jv+bbMI=
-111,49,ehJkTQzSHo1TGXbkzDCoqViF8o8=,FqRaN2stikZnWBefI5o1jv+bbMI=
-112,48,ehJkTQzSHo1TGXbkzDCoqViF8o8=,FqRaN2stikZnWBefI5o1jv+bbMI=
-112,49,ehJkTQzSHo1TGXbkzDCoqViF8o8=,FqRaN2stikZnWBefI5o1jv+bbMI=
-111,62,ehJkTQzSHo1TGXbkzDCoqViF8o8=,La287mADljKJlx9XtvF2YjPmp2g=
-112,62,ehJkTQzSHo1TGXbkzDCoqViF8o8=,La287mADljKJlx9XtvF2YjPmp2g=
-97,52,ehJkTQzSHo1TGXbkzDCoqViF8o8=,8jq9j395k8IO4YEJPCuYA3+6gcY=
-98,50,ehJkTQzSHo1TGXbkzDCoqViF8o8=,fhKaQEfyET+vlcb9lUMd6kIucgI=
-98,53,ehJkTQzSHo1TGXbkzDCoqViF8o8=,8jq9j395k8IO4YEJPCuYA3+6gcY=
-97,50,ehJkTQzSHo1TGXbkzDCoqViF8o8=,fhKaQEfyET+vlcb9lUMd6kIucgI=
-98,52,ehJkTQzSHo1TGXbkzDCoqViF8o8=,8jq9j395k8IO4YEJPCuYA3+6gcY=
-98,54,ehJkTQzSHo1TGXbkzDCoqViF8o8=,8jq9j395k8IO4YEJPCuYA3+6gcY=
-98,51,ehJkTQzSHo1TGXbkzDCoqViF8o8=,fhKaQEfyET+vlcb9lUMd6kIucgI=
-98,55,ehJkTQzSHo1TGXbkzDCoqViF8o8=,8jq9j395k8IO4YEJPCuYA3+6gcY=
-97,55,ehJkTQzSHo1TGXbkzDCoqViF8o8=,8jq9j395k8IO4YEJPCuYA3+6gcY=
-97,53,ehJkTQzSHo1TGXbkzDCoqViF8o8=,8jq9j395k8IO4YEJPCuYA3+6gcY=
-97,51,ehJkTQzSHo1TGXbkzDCoqViF8o8=,fhKaQEfyET+vlcb9lUMd6kIucgI=
-97,54,ehJkTQzSHo1TGXbkzDCoqViF8o8=,8jq9j395k8IO4YEJPCuYA3+6gcY=
-112,63,ehJkTQzSHo1TGXbkzDCoqViF8o8=,La287mADljKJlx9XtvF2YjPmp2g=
-111,63,ehJkTQzSHo1TGXbkzDCoqViF8o8=,La287mADljKJlx9XtvF2YjPmp2g=
-97,57,ehJkTQzSHo1TGXbkzDCoqViF8o8=,nSVP0vf85n9E7GtOf208YvcRVuk=
-98,57,ehJkTQzSHo1TGXbkzDCoqViF8o8=,nSVP0vf85n9E7GtOf208YvcRVuk=
-97,56,ehJkTQzSHo1TGXbkzDCoqViF8o8=,nSVP0vf85n9E7GtOf208YvcRVuk=
-98,56,ehJkTQzSHo1TGXbkzDCoqViF8o8=,nSVP0vf85n9E7GtOf208YvcRVuk=
-101,35,9sr3nkPdF9AEL2HR5sRcaxfcTmg=,bHsiK4JvTxLoTO9EV//AqidfhgQ=
-101,34,9sr3nkPdF9AEL2HR5sRcaxfcTmg=,bHsiK4JvTxLoTO9EV//AqidfhgQ=
-101,36,9sr3nkPdF9AEL2HR5sRcaxfcTmg=,WYtsP0q7TftnoXfPmMeKAV6rsfE=
-102,37,9sr3nkPdF9AEL2HR5sRcaxfcTmg=,WYtsP0q7TftnoXfPmMeKAV6rsfE=
-102,36,9sr3nkPdF9AEL2HR5sRcaxfcTmg=,WYtsP0q7TftnoXfPmMeKAV6rsfE=
-100,35,9sr3nkPdF9AEL2HR5sRcaxfcTmg=,vJkta38F+sFvqyGlX3nrcETWOUw=
-102,34,9sr3nkPdF9AEL2HR5sRcaxfcTmg=,bHsiK4JvTxLoTO9EV//AqidfhgQ=
-99,37,9sr3nkPdF9AEL2HR5sRcaxfcTmg=,4C7/weYXK+COYF2eHWLGhJ8+3TM=
-101,37,9sr3nkPdF9AEL2HR5sRcaxfcTmg=,WYtsP0q7TftnoXfPmMeKAV6rsfE=
-100,34,9sr3nkPdF9AEL2HR5sRcaxfcTmg=,vJkta38F+sFvqyGlX3nrcETWOUw=
-100,36,9sr3nkPdF9AEL2HR5sRcaxfcTmg=,4C7/weYXK+COYF2eHWLGhJ8+3TM=
-99,35,9sr3nkPdF9AEL2HR5sRcaxfcTmg=,vJkta38F+sFvqyGlX3nrcETWOUw=
-99,34,9sr3nkPdF9AEL2HR5sRcaxfcTmg=,vJkta38F+sFvqyGlX3nrcETWOUw=
-100,37,9sr3nkPdF9AEL2HR5sRcaxfcTmg=,4C7/weYXK+COYF2eHWLGhJ8+3TM=
-102,35,9sr3nkPdF9AEL2HR5sRcaxfcTmg=,bHsiK4JvTxLoTO9EV//AqidfhgQ=
-99,36,9sr3nkPdF9AEL2HR5sRcaxfcTmg=,4C7/weYXK+COYF2eHWLGhJ8+3TM=
-102,39,XdOEwyUjREL33ZV8jeEGvONosTc=,WYtsP0q7TftnoXfPmMeKAV6rsfE=
-100,39,XdOEwyUjREL33ZV8jeEGvONosTc=,4C7/weYXK+COYF2eHWLGhJ8+3TM=
-99,39,XdOEwyUjREL33ZV8jeEGvONosTc=,4C7/weYXK+COYF2eHWLGhJ8+3TM=
-101,38,XdOEwyUjREL33ZV8jeEGvONosTc=,WYtsP0q7TftnoXfPmMeKAV6rsfE=
-99,38,XdOEwyUjREL33ZV8jeEGvONosTc=,4C7/weYXK+COYF2eHWLGhJ8+3TM=
-100,38,XdOEwyUjREL33ZV8jeEGvONosTc=,4C7/weYXK+COYF2eHWLGhJ8+3TM=
-102,38,XdOEwyUjREL33ZV8jeEGvONosTc=,WYtsP0q7TftnoXfPmMeKAV6rsfE=
-101,40,XdOEwyUjREL33ZV8jeEGvONosTc=,9E91Jje4tS/VS8ePBIk7HYo7ais=
-102,40,XdOEwyUjREL33ZV8jeEGvONosTc=,9E91Jje4tS/VS8ePBIk7HYo7ais=
-100,41,XdOEwyUjREL33ZV8jeEGvONosTc=,9bfDwBTEKiBQ3km9bDwri7Lswvk=
-101,39,XdOEwyUjREL33ZV8jeEGvONosTc=,WYtsP0q7TftnoXfPmMeKAV6rsfE=
-99,40,XdOEwyUjREL33ZV8jeEGvONosTc=,9bfDwBTEKiBQ3km9bDwri7Lswvk=
-99,41,XdOEwyUjREL33ZV8jeEGvONosTc=,9bfDwBTEKiBQ3km9bDwri7Lswvk=
-101,41,XdOEwyUjREL33ZV8jeEGvONosTc=,9E91Jje4tS/VS8ePBIk7HYo7ais=
-102,41,XdOEwyUjREL33ZV8jeEGvONosTc=,9E91Jje4tS/VS8ePBIk7HYo7ais=
-100,40,XdOEwyUjREL33ZV8jeEGvONosTc=,9bfDwBTEKiBQ3km9bDwri7Lswvk=
-101,43,XdOEwyUjREL33ZV8jeEGvONosTc=,9E91Jje4tS/VS8ePBIk7HYo7ais=
-102,43,XdOEwyUjREL33ZV8jeEGvONosTc=,9E91Jje4tS/VS8ePBIk7HYo7ais=
-100,43,XdOEwyUjREL33ZV8jeEGvONosTc=,9bfDwBTEKiBQ3km9bDwri7Lswvk=
-101,45,XdOEwyUjREL33ZV8jeEGvONosTc=,HnH7LE7sm8J0RsXieoMVTPFINWA=
-99,45,XdOEwyUjREL33ZV8jeEGvONosTc=,LEjF5kcOGIz7CC1Z06C0b8kFGeo=
-101,44,XdOEwyUjREL33ZV8jeEGvONosTc=,HnH7LE7sm8J0RsXieoMVTPFINWA=
-99,42,XdOEwyUjREL33ZV8jeEGvONosTc=,9bfDwBTEKiBQ3km9bDwri7Lswvk=
-100,45,XdOEwyUjREL33ZV8jeEGvONosTc=,LEjF5kcOGIz7CC1Z06C0b8kFGeo=
-101,42,XdOEwyUjREL33ZV8jeEGvONosTc=,9E91Jje4tS/VS8ePBIk7HYo7ais=
-100,42,XdOEwyUjREL33ZV8jeEGvONosTc=,9bfDwBTEKiBQ3km9bDwri7Lswvk=
-102,44,XdOEwyUjREL33ZV8jeEGvONosTc=,HnH7LE7sm8J0RsXieoMVTPFINWA=
-100,44,XdOEwyUjREL33ZV8jeEGvONosTc=,LEjF5kcOGIz7CC1Z06C0b8kFGeo=
-99,43,XdOEwyUjREL33ZV8jeEGvONosTc=,9bfDwBTEKiBQ3km9bDwri7Lswvk=
-99,44,XdOEwyUjREL33ZV8jeEGvONosTc=,LEjF5kcOGIz7CC1Z06C0b8kFGeo=
-102,42,XdOEwyUjREL33ZV8jeEGvONosTc=,9E91Jje4tS/VS8ePBIk7HYo7ais=
-102,45,XdOEwyUjREL33ZV8jeEGvONosTc=,HnH7LE7sm8J0RsXieoMVTPFINWA=
-105,42,LeGqSJXPZBNG8ClETgWxhxF73zM=,KpruNU+QN7xTj/qGIznvs47AnWI=
-106,42,LeGqSJXPZBNG8ClETgWxhxF73zM=,KpruNU+QN7xTj/qGIznvs47AnWI=
-106,43,LeGqSJXPZBNG8ClETgWxhxF73zM=,KpruNU+QN7xTj/qGIznvs47AnWI=
-104,43,LeGqSJXPZBNG8ClETgWxhxF73zM=,9E91Jje4tS/VS8ePBIk7HYo7ais=
-106,45,LeGqSJXPZBNG8ClETgWxhxF73zM=,YNPMRFBHscFN2bxeMea5Bw8MrhE=
-103,44,LeGqSJXPZBNG8ClETgWxhxF73zM=,HnH7LE7sm8J0RsXieoMVTPFINWA=
-103,45,LeGqSJXPZBNG8ClETgWxhxF73zM=,HnH7LE7sm8J0RsXieoMVTPFINWA=
-104,44,LeGqSJXPZBNG8ClETgWxhxF73zM=,HnH7LE7sm8J0RsXieoMVTPFINWA=
-106,44,LeGqSJXPZBNG8ClETgWxhxF73zM=,YNPMRFBHscFN2bxeMea5Bw8MrhE=
-105,45,LeGqSJXPZBNG8ClETgWxhxF73zM=,YNPMRFBHscFN2bxeMea5Bw8MrhE=
-105,44,LeGqSJXPZBNG8ClETgWxhxF73zM=,YNPMRFBHscFN2bxeMea5Bw8MrhE=
-103,42,LeGqSJXPZBNG8ClETgWxhxF73zM=,9E91Jje4tS/VS8ePBIk7HYo7ais=
-104,42,LeGqSJXPZBNG8ClETgWxhxF73zM=,9E91Jje4tS/VS8ePBIk7HYo7ais=
-103,43,LeGqSJXPZBNG8ClETgWxhxF73zM=,9E91Jje4tS/VS8ePBIk7HYo7ais=
-104,45,LeGqSJXPZBNG8ClETgWxhxF73zM=,HnH7LE7sm8J0RsXieoMVTPFINWA=
-104,39,LeGqSJXPZBNG8ClETgWxhxF73zM=,WYtsP0q7TftnoXfPmMeKAV6rsfE=
-105,39,LeGqSJXPZBNG8ClETgWxhxF73zM=,saRbdrKS9IGMZTF2lWtKxvBz3ZE=
-104,40,LeGqSJXPZBNG8ClETgWxhxF73zM=,9E91Jje4tS/VS8ePBIk7HYo7ais=
-105,43,LeGqSJXPZBNG8ClETgWxhxF73zM=,KpruNU+QN7xTj/qGIznvs47AnWI=
-104,38,LeGqSJXPZBNG8ClETgWxhxF73zM=,WYtsP0q7TftnoXfPmMeKAV6rsfE=
-106,39,LeGqSJXPZBNG8ClETgWxhxF73zM=,saRbdrKS9IGMZTF2lWtKxvBz3ZE=
-103,38,LeGqSJXPZBNG8ClETgWxhxF73zM=,WYtsP0q7TftnoXfPmMeKAV6rsfE=
-103,41,LeGqSJXPZBNG8ClETgWxhxF73zM=,9E91Jje4tS/VS8ePBIk7HYo7ais=
-106,41,LeGqSJXPZBNG8ClETgWxhxF73zM=,KpruNU+QN7xTj/qGIznvs47AnWI=
-103,39,LeGqSJXPZBNG8ClETgWxhxF73zM=,WYtsP0q7TftnoXfPmMeKAV6rsfE=
-103,40,LeGqSJXPZBNG8ClETgWxhxF73zM=,9E91Jje4tS/VS8ePBIk7HYo7ais=
-104,41,LeGqSJXPZBNG8ClETgWxhxF73zM=,9E91Jje4tS/VS8ePBIk7HYo7ais=
-106,40,LeGqSJXPZBNG8ClETgWxhxF73zM=,KpruNU+QN7xTj/qGIznvs47AnWI=
-105,40,LeGqSJXPZBNG8ClETgWxhxF73zM=,KpruNU+QN7xTj/qGIznvs47AnWI=
-105,41,LeGqSJXPZBNG8ClETgWxhxF73zM=,KpruNU+QN7xTj/qGIznvs47AnWI=
-106,38,LeGqSJXPZBNG8ClETgWxhxF73zM=,saRbdrKS9IGMZTF2lWtKxvBz3ZE=
-105,38,LeGqSJXPZBNG8ClETgWxhxF73zM=,saRbdrKS9IGMZTF2lWtKxvBz3ZE=
-105,36,E06TT5jyiqbhlyPWCaXvvKh0TS4=,saRbdrKS9IGMZTF2lWtKxvBz3ZE=
-104,34,E06TT5jyiqbhlyPWCaXvvKh0TS4=,bHsiK4JvTxLoTO9EV//AqidfhgQ=
-104,36,E06TT5jyiqbhlyPWCaXvvKh0TS4=,WYtsP0q7TftnoXfPmMeKAV6rsfE=
-105,34,E06TT5jyiqbhlyPWCaXvvKh0TS4=,gostYUexQkkhtb1cQ5t5RjdrJVQ=
-105,35,E06TT5jyiqbhlyPWCaXvvKh0TS4=,gostYUexQkkhtb1cQ5t5RjdrJVQ=
-106,36,E06TT5jyiqbhlyPWCaXvvKh0TS4=,saRbdrKS9IGMZTF2lWtKxvBz3ZE=
-106,35,E06TT5jyiqbhlyPWCaXvvKh0TS4=,gostYUexQkkhtb1cQ5t5RjdrJVQ=
-106,34,E06TT5jyiqbhlyPWCaXvvKh0TS4=,gostYUexQkkhtb1cQ5t5RjdrJVQ=
-104,35,E06TT5jyiqbhlyPWCaXvvKh0TS4=,bHsiK4JvTxLoTO9EV//AqidfhgQ=
-103,37,E06TT5jyiqbhlyPWCaXvvKh0TS4=,WYtsP0q7TftnoXfPmMeKAV6rsfE=
-103,35,E06TT5jyiqbhlyPWCaXvvKh0TS4=,bHsiK4JvTxLoTO9EV//AqidfhgQ=
-103,36,E06TT5jyiqbhlyPWCaXvvKh0TS4=,WYtsP0q7TftnoXfPmMeKAV6rsfE=
-103,34,E06TT5jyiqbhlyPWCaXvvKh0TS4=,bHsiK4JvTxLoTO9EV//AqidfhgQ=
-104,37,E06TT5jyiqbhlyPWCaXvvKh0TS4=,WYtsP0q7TftnoXfPmMeKAV6rsfE=
-106,37,E06TT5jyiqbhlyPWCaXvvKh0TS4=,saRbdrKS9IGMZTF2lWtKxvBz3ZE=
-105,37,E06TT5jyiqbhlyPWCaXvvKh0TS4=,saRbdrKS9IGMZTF2lWtKxvBz3ZE=
-108,34,zR/1VGkjsLLP7XP+0xtfVTMQdBU=,gostYUexQkkhtb1cQ5t5RjdrJVQ=
-109,34,zR/1VGkjsLLP7XP+0xtfVTMQdBU=,9SDwv9X8JJ8wRUq/e1tqybilrRA=
-109,35,zR/1VGkjsLLP7XP+0xtfVTMQdBU=,9SDwv9X8JJ8wRUq/e1tqybilrRA=
-110,34,zR/1VGkjsLLP7XP+0xtfVTMQdBU=,9SDwv9X8JJ8wRUq/e1tqybilrRA=
-110,35,zR/1VGkjsLLP7XP+0xtfVTMQdBU=,9SDwv9X8JJ8wRUq/e1tqybilrRA=
-108,36,zR/1VGkjsLLP7XP+0xtfVTMQdBU=,saRbdrKS9IGMZTF2lWtKxvBz3ZE=
-110,36,zR/1VGkjsLLP7XP+0xtfVTMQdBU=,ZwSo04SjsdHXmXZFEzX3yBeLZtY=
-107,34,zR/1VGkjsLLP7XP+0xtfVTMQdBU=,gostYUexQkkhtb1cQ5t5RjdrJVQ=
-109,36,zR/1VGkjsLLP7XP+0xtfVTMQdBU=,ZwSo04SjsdHXmXZFEzX3yBeLZtY=
-107,35,zR/1VGkjsLLP7XP+0xtfVTMQdBU=,gostYUexQkkhtb1cQ5t5RjdrJVQ=
-107,37,zR/1VGkjsLLP7XP+0xtfVTMQdBU=,saRbdrKS9IGMZTF2lWtKxvBz3ZE=
-107,36,zR/1VGkjsLLP7XP+0xtfVTMQdBU=,saRbdrKS9IGMZTF2lWtKxvBz3ZE=
-110,37,zR/1VGkjsLLP7XP+0xtfVTMQdBU=,ZwSo04SjsdHXmXZFEzX3yBeLZtY=
-108,35,zR/1VGkjsLLP7XP+0xtfVTMQdBU=,gostYUexQkkhtb1cQ5t5RjdrJVQ=
-108,37,zR/1VGkjsLLP7XP+0xtfVTMQdBU=,saRbdrKS9IGMZTF2lWtKxvBz3ZE=
-109,37,zR/1VGkjsLLP7XP+0xtfVTMQdBU=,ZwSo04SjsdHXmXZFEzX3yBeLZtY=
-109,38,zR/1VGkjsLLP7XP+0xtfVTMQdBU=,ZwSo04SjsdHXmXZFEzX3yBeLZtY=
-109,39,zR/1VGkjsLLP7XP+0xtfVTMQdBU=,ZwSo04SjsdHXmXZFEzX3yBeLZtY=
-108,41,zR/1VGkjsLLP7XP+0xtfVTMQdBU=,KpruNU+QN7xTj/qGIznvs47AnWI=
-107,40,zR/1VGkjsLLP7XP+0xtfVTMQdBU=,KpruNU+QN7xTj/qGIznvs47AnWI=
-108,40,zR/1VGkjsLLP7XP+0xtfVTMQdBU=,KpruNU+QN7xTj/qGIznvs47AnWI=
-107,41,zR/1VGkjsLLP7XP+0xtfVTMQdBU=,KpruNU+QN7xTj/qGIznvs47AnWI=
-109,40,zR/1VGkjsLLP7XP+0xtfVTMQdBU=,Mm0YEc1cULwJpmFtJFAoxXTYHIg=
-110,40,zR/1VGkjsLLP7XP+0xtfVTMQdBU=,Mm0YEc1cULwJpmFtJFAoxXTYHIg=
-110,39,zR/1VGkjsLLP7XP+0xtfVTMQdBU=,ZwSo04SjsdHXmXZFEzX3yBeLZtY=
-110,41,zR/1VGkjsLLP7XP+0xtfVTMQdBU=,Mm0YEc1cULwJpmFtJFAoxXTYHIg=
-109,41,zR/1VGkjsLLP7XP+0xtfVTMQdBU=,Mm0YEc1cULwJpmFtJFAoxXTYHIg=
-108,38,zR/1VGkjsLLP7XP+0xtfVTMQdBU=,saRbdrKS9IGMZTF2lWtKxvBz3ZE=
-107,39,zR/1VGkjsLLP7XP+0xtfVTMQdBU=,saRbdrKS9IGMZTF2lWtKxvBz3ZE=
-110,38,zR/1VGkjsLLP7XP+0xtfVTMQdBU=,ZwSo04SjsdHXmXZFEzX3yBeLZtY=
-107,38,zR/1VGkjsLLP7XP+0xtfVTMQdBU=,saRbdrKS9IGMZTF2lWtKxvBz3ZE=
-108,39,zR/1VGkjsLLP7XP+0xtfVTMQdBU=,saRbdrKS9IGMZTF2lWtKxvBz3ZE=
-109,43,zR/1VGkjsLLP7XP+0xtfVTMQdBU=,Mm0YEc1cULwJpmFtJFAoxXTYHIg=
-109,44,zR/1VGkjsLLP7XP+0xtfVTMQdBU=,Ymh1rg3xn0QVlmPj3VgavL6qq2c=
-107,42,zR/1VGkjsLLP7XP+0xtfVTMQdBU=,KpruNU+QN7xTj/qGIznvs47AnWI=
-107,44,m9Dr9RkMC5ttXnJSHnQUlSmNGic=,YNPMRFBHscFN2bxeMea5Bw8MrhE=
-110,42,m9Dr9RkMC5ttXnJSHnQUlSmNGic=,Mm0YEc1cULwJpmFtJFAoxXTYHIg=
-107,43,m9Dr9RkMC5ttXnJSHnQUlSmNGic=,KpruNU+QN7xTj/qGIznvs47AnWI=
-107,45,m9Dr9RkMC5ttXnJSHnQUlSmNGic=,YNPMRFBHscFN2bxeMea5Bw8MrhE=
-108,42,m9Dr9RkMC5ttXnJSHnQUlSmNGic=,KpruNU+QN7xTj/qGIznvs47AnWI=
-109,42,m9Dr9RkMC5ttXnJSHnQUlSmNGic=,Mm0YEc1cULwJpmFtJFAoxXTYHIg=
-110,45,m9Dr9RkMC5ttXnJSHnQUlSmNGic=,Ymh1rg3xn0QVlmPj3VgavL6qq2c=
-109,45,m9Dr9RkMC5ttXnJSHnQUlSmNGic=,Ymh1rg3xn0QVlmPj3VgavL6qq2c=
-108,44,m9Dr9RkMC5ttXnJSHnQUlSmNGic=,YNPMRFBHscFN2bxeMea5Bw8MrhE=
-110,43,m9Dr9RkMC5ttXnJSHnQUlSmNGic=,Mm0YEc1cULwJpmFtJFAoxXTYHIg=
-110,44,m9Dr9RkMC5ttXnJSHnQUlSmNGic=,Ymh1rg3xn0QVlmPj3VgavL6qq2c=
-108,45,m9Dr9RkMC5ttXnJSHnQUlSmNGic=,YNPMRFBHscFN2bxeMea5Bw8MrhE=
-108,43,m9Dr9RkMC5ttXnJSHnQUlSmNGic=,KpruNU+QN7xTj/qGIznvs47AnWI=
-112,45,m9Dr9RkMC5ttXnJSHnQUlSmNGic=,Ymh1rg3xn0QVlmPj3VgavL6qq2c=
-111,42,m9Dr9RkMC5ttXnJSHnQUlSmNGic=,Mm0YEc1cULwJpmFtJFAoxXTYHIg=
-111,45,m9Dr9RkMC5ttXnJSHnQUlSmNGic=,Ymh1rg3xn0QVlmPj3VgavL6qq2c=
-111,44,m9Dr9RkMC5ttXnJSHnQUlSmNGic=,Ymh1rg3xn0QVlmPj3VgavL6qq2c=
-112,42,m9Dr9RkMC5ttXnJSHnQUlSmNGic=,Mm0YEc1cULwJpmFtJFAoxXTYHIg=
-111,43,m9Dr9RkMC5ttXnJSHnQUlSmNGic=,Mm0YEc1cULwJpmFtJFAoxXTYHIg=
-112,44,m9Dr9RkMC5ttXnJSHnQUlSmNGic=,Ymh1rg3xn0QVlmPj3VgavL6qq2c=
-112,43,m9Dr9RkMC5ttXnJSHnQUlSmNGic=,Mm0YEc1cULwJpmFtJFAoxXTYHIg=
-109,32,m9Dr9RkMC5ttXnJSHnQUlSmNGic=,9SDwv9X8JJ8wRUq/e1tqybilrRA=
-110,32,m9Dr9RkMC5ttXnJSHnQUlSmNGic=,9SDwv9X8JJ8wRUq/e1tqybilrRA=
-107,32,m9Dr9RkMC5ttXnJSHnQUlSmNGic=,gostYUexQkkhtb1cQ5t5RjdrJVQ=
-108,32,m9Dr9RkMC5ttXnJSHnQUlSmNGic=,gostYUexQkkhtb1cQ5t5RjdrJVQ=
-107,33,m9Dr9RkMC5ttXnJSHnQUlSmNGic=,gostYUexQkkhtb1cQ5t5RjdrJVQ=
-110,33,m9Dr9RkMC5ttXnJSHnQUlSmNGic=,9SDwv9X8JJ8wRUq/e1tqybilrRA=
-108,33,m9Dr9RkMC5ttXnJSHnQUlSmNGic=,gostYUexQkkhtb1cQ5t5RjdrJVQ=
-109,33,m9Dr9RkMC5ttXnJSHnQUlSmNGic=,9SDwv9X8JJ8wRUq/e1tqybilrRA=
-106,32,m9Dr9RkMC5ttXnJSHnQUlSmNGic=,gostYUexQkkhtb1cQ5t5RjdrJVQ=
-105,32,m9Dr9RkMC5ttXnJSHnQUlSmNGic=,gostYUexQkkhtb1cQ5t5RjdrJVQ=
-103,32,m9Dr9RkMC5ttXnJSHnQUlSmNGic=,bHsiK4JvTxLoTO9EV//AqidfhgQ=
-106,33,m9Dr9RkMC5ttXnJSHnQUlSmNGic=,gostYUexQkkhtb1cQ5t5RjdrJVQ=
-105,33,m9Dr9RkMC5ttXnJSHnQUlSmNGic=,gostYUexQkkhtb1cQ5t5RjdrJVQ=
-103,33,m9Dr9RkMC5ttXnJSHnQUlSmNGic=,bHsiK4JvTxLoTO9EV//AqidfhgQ=
-104,32,m9Dr9RkMC5ttXnJSHnQUlSmNGic=,bHsiK4JvTxLoTO9EV//AqidfhgQ=
-104,33,m9Dr9RkMC5ttXnJSHnQUlSmNGic=,bHsiK4JvTxLoTO9EV//AqidfhgQ=
-109,47,m9Dr9RkMC5ttXnJSHnQUlSmNGic=,Ymh1rg3xn0QVlmPj3VgavL6qq2c=
-110,47,m9Dr9RkMC5ttXnJSHnQUlSmNGic=,Ymh1rg3xn0QVlmPj3VgavL6qq2c=
-107,46,m9Dr9RkMC5ttXnJSHnQUlSmNGic=,YNPMRFBHscFN2bxeMea5Bw8MrhE=
-110,46,m9Dr9RkMC5ttXnJSHnQUlSmNGic=,Ymh1rg3xn0QVlmPj3VgavL6qq2c=
-108,47,m9Dr9RkMC5ttXnJSHnQUlSmNGic=,YNPMRFBHscFN2bxeMea5Bw8MrhE=
-109,46,m9Dr9RkMC5ttXnJSHnQUlSmNGic=,Ymh1rg3xn0QVlmPj3VgavL6qq2c=
-108,46,m9Dr9RkMC5ttXnJSHnQUlSmNGic=,YNPMRFBHscFN2bxeMea5Bw8MrhE=
-107,47,m9Dr9RkMC5ttXnJSHnQUlSmNGic=,YNPMRFBHscFN2bxeMea5Bw8MrhE=
-106,47,m9Dr9RkMC5ttXnJSHnQUlSmNGic=,YNPMRFBHscFN2bxeMea5Bw8MrhE=
-105,47,m9Dr9RkMC5ttXnJSHnQUlSmNGic=,YNPMRFBHscFN2bxeMea5Bw8MrhE=
-103,47,m9Dr9RkMC5ttXnJSHnQUlSmNGic=,HnH7LE7sm8J0RsXieoMVTPFINWA=
-103,46,m9Dr9RkMC5ttXnJSHnQUlSmNGic=,HnH7LE7sm8J0RsXieoMVTPFINWA=
-105,46,m9Dr9RkMC5ttXnJSHnQUlSmNGic=,YNPMRFBHscFN2bxeMea5Bw8MrhE=
-104,47,m9Dr9RkMC5ttXnJSHnQUlSmNGic=,HnH7LE7sm8J0RsXieoMVTPFINWA=
-106,46,m9Dr9RkMC5ttXnJSHnQUlSmNGic=,YNPMRFBHscFN2bxeMea5Bw8MrhE=
-104,46,m9Dr9RkMC5ttXnJSHnQUlSmNGic=,HnH7LE7sm8J0RsXieoMVTPFINWA=
-102,47,m9Dr9RkMC5ttXnJSHnQUlSmNGic=,HnH7LE7sm8J0RsXieoMVTPFINWA=
-100,32,m9Dr9RkMC5ttXnJSHnQUlSmNGic=,vJkta38F+sFvqyGlX3nrcETWOUw=
-98,32,m9Dr9RkMC5ttXnJSHnQUlSmNGic=,vJkta38F+sFvqyGlX3nrcETWOUw=
-99,32,O1FkKRQGJIKIJTH/pkk7KidTpZU=,vJkta38F+sFvqyGlX3nrcETWOUw=
-97,32,O1FkKRQGJIKIJTH/pkk7KidTpZU=,vJkta38F+sFvqyGlX3nrcETWOUw=
-101,47,O1FkKRQGJIKIJTH/pkk7KidTpZU=,HnH7LE7sm8J0RsXieoMVTPFINWA=
-98,33,O1FkKRQGJIKIJTH/pkk7KidTpZU=,vJkta38F+sFvqyGlX3nrcETWOUw=
-101,46,O1FkKRQGJIKIJTH/pkk7KidTpZU=,HnH7LE7sm8J0RsXieoMVTPFINWA=
-100,33,O1FkKRQGJIKIJTH/pkk7KidTpZU=,vJkta38F+sFvqyGlX3nrcETWOUw=
-97,33,O1FkKRQGJIKIJTH/pkk7KidTpZU=,vJkta38F+sFvqyGlX3nrcETWOUw=
-102,33,O1FkKRQGJIKIJTH/pkk7KidTpZU=,bHsiK4JvTxLoTO9EV//AqidfhgQ=
-101,33,O1FkKRQGJIKIJTH/pkk7KidTpZU=,bHsiK4JvTxLoTO9EV//AqidfhgQ=
-102,32,O1FkKRQGJIKIJTH/pkk7KidTpZU=,bHsiK4JvTxLoTO9EV//AqidfhgQ=
-101,32,O1FkKRQGJIKIJTH/pkk7KidTpZU=,bHsiK4JvTxLoTO9EV//AqidfhgQ=
-99,46,O1FkKRQGJIKIJTH/pkk7KidTpZU=,LEjF5kcOGIz7CC1Z06C0b8kFGeo=
-100,47,O1FkKRQGJIKIJTH/pkk7KidTpZU=,LEjF5kcOGIz7CC1Z06C0b8kFGeo=
-100,46,O1FkKRQGJIKIJTH/pkk7KidTpZU=,LEjF5kcOGIz7CC1Z06C0b8kFGeo=
-102,46,O1FkKRQGJIKIJTH/pkk7KidTpZU=,HnH7LE7sm8J0RsXieoMVTPFINWA=
-99,33,O1FkKRQGJIKIJTH/pkk7KidTpZU=,vJkta38F+sFvqyGlX3nrcETWOUw=
-99,47,O1FkKRQGJIKIJTH/pkk7KidTpZU=,LEjF5kcOGIz7CC1Z06C0b8kFGeo=
-97,47,O1FkKRQGJIKIJTH/pkk7KidTpZU=,LEjF5kcOGIz7CC1Z06C0b8kFGeo=
-98,47,O1FkKRQGJIKIJTH/pkk7KidTpZU=,LEjF5kcOGIz7CC1Z06C0b8kFGeo=
-97,46,O1FkKRQGJIKIJTH/pkk7KidTpZU=,LEjF5kcOGIz7CC1Z06C0b8kFGeo=
-98,46,O1FkKRQGJIKIJTH/pkk7KidTpZU=,LEjF5kcOGIz7CC1Z06C0b8kFGeo=
-97,44,O1FkKRQGJIKIJTH/pkk7KidTpZU=,LEjF5kcOGIz7CC1Z06C0b8kFGeo=
-97,43,O1FkKRQGJIKIJTH/pkk7KidTpZU=,9bfDwBTEKiBQ3km9bDwri7Lswvk=
-97,45,O1FkKRQGJIKIJTH/pkk7KidTpZU=,LEjF5kcOGIz7CC1Z06C0b8kFGeo=
-97,40,O1FkKRQGJIKIJTH/pkk7KidTpZU=,9bfDwBTEKiBQ3km9bDwri7Lswvk=
-98,45,O1FkKRQGJIKIJTH/pkk7KidTpZU=,LEjF5kcOGIz7CC1Z06C0b8kFGeo=
-97,42,O1FkKRQGJIKIJTH/pkk7KidTpZU=,9bfDwBTEKiBQ3km9bDwri7Lswvk=
-97,41,O1FkKRQGJIKIJTH/pkk7KidTpZU=,9bfDwBTEKiBQ3km9bDwri7Lswvk=
-98,44,O1FkKRQGJIKIJTH/pkk7KidTpZU=,LEjF5kcOGIz7CC1Z06C0b8kFGeo=
-98,42,O1FkKRQGJIKIJTH/pkk7KidTpZU=,9bfDwBTEKiBQ3km9bDwri7Lswvk=
-97,39,O1FkKRQGJIKIJTH/pkk7KidTpZU=,4C7/weYXK+COYF2eHWLGhJ8+3TM=
-98,34,O1FkKRQGJIKIJTH/pkk7KidTpZU=,vJkta38F+sFvqyGlX3nrcETWOUw=
-98,43,O1FkKRQGJIKIJTH/pkk7KidTpZU=,9bfDwBTEKiBQ3km9bDwri7Lswvk=
-97,38,O1FkKRQGJIKIJTH/pkk7KidTpZU=,4C7/weYXK+COYF2eHWLGhJ8+3TM=
-97,34,O1FkKRQGJIKIJTH/pkk7KidTpZU=,vJkta38F+sFvqyGlX3nrcETWOUw=
-98,41,O1FkKRQGJIKIJTH/pkk7KidTpZU=,9bfDwBTEKiBQ3km9bDwri7Lswvk=
-98,40,O1FkKRQGJIKIJTH/pkk7KidTpZU=,9bfDwBTEKiBQ3km9bDwri7Lswvk=
-98,36,O1FkKRQGJIKIJTH/pkk7KidTpZU=,4C7/weYXK+COYF2eHWLGhJ8+3TM=
-98,37,O1FkKRQGJIKIJTH/pkk7KidTpZU=,4C7/weYXK+COYF2eHWLGhJ8+3TM=
-98,38,O1FkKRQGJIKIJTH/pkk7KidTpZU=,4C7/weYXK+COYF2eHWLGhJ8+3TM=
-98,35,O1FkKRQGJIKIJTH/pkk7KidTpZU=,vJkta38F+sFvqyGlX3nrcETWOUw=
-97,36,O1FkKRQGJIKIJTH/pkk7KidTpZU=,4C7/weYXK+COYF2eHWLGhJ8+3TM=
-97,37,O1FkKRQGJIKIJTH/pkk7KidTpZU=,4C7/weYXK+COYF2eHWLGhJ8+3TM=
-97,35,O1FkKRQGJIKIJTH/pkk7KidTpZU=,vJkta38F+sFvqyGlX3nrcETWOUw=
-98,39,O1FkKRQGJIKIJTH/pkk7KidTpZU=,4C7/weYXK+COYF2eHWLGhJ8+3TM=
-111,33,O1FkKRQGJIKIJTH/pkk7KidTpZU=,9SDwv9X8JJ8wRUq/e1tqybilrRA=
-112,32,O1FkKRQGJIKIJTH/pkk7KidTpZU=,9SDwv9X8JJ8wRUq/e1tqybilrRA=
-112,33,O1FkKRQGJIKIJTH/pkk7KidTpZU=,9SDwv9X8JJ8wRUq/e1tqybilrRA=
-111,32,O1FkKRQGJIKIJTH/pkk7KidTpZU=,9SDwv9X8JJ8wRUq/e1tqybilrRA=
-112,47,O1FkKRQGJIKIJTH/pkk7KidTpZU=,Ymh1rg3xn0QVlmPj3VgavL6qq2c=
-111,46,O1FkKRQGJIKIJTH/pkk7KidTpZU=,Ymh1rg3xn0QVlmPj3VgavL6qq2c=
-112,46,O1FkKRQGJIKIJTH/pkk7KidTpZU=,Ymh1rg3xn0QVlmPj3VgavL6qq2c=
-111,47,O1FkKRQGJIKIJTH/pkk7KidTpZU=,Ymh1rg3xn0QVlmPj3VgavL6qq2c=
-111,41,O1FkKRQGJIKIJTH/pkk7KidTpZU=,Mm0YEc1cULwJpmFtJFAoxXTYHIg=
-111,36,O1FkKRQGJIKIJTH/pkk7KidTpZU=,ZwSo04SjsdHXmXZFEzX3yBeLZtY=
-111,34,O1FkKRQGJIKIJTH/pkk7KidTpZU=,9SDwv9X8JJ8wRUq/e1tqybilrRA=
-112,34,O1FkKRQGJIKIJTH/pkk7KidTpZU=,9SDwv9X8JJ8wRUq/e1tqybilrRA=
-111,35,O1FkKRQGJIKIJTH/pkk7KidTpZU=,9SDwv9X8JJ8wRUq/e1tqybilrRA=
-111,40,O1FkKRQGJIKIJTH/pkk7KidTpZU=,Mm0YEc1cULwJpmFtJFAoxXTYHIg=
-111,39,O1FkKRQGJIKIJTH/pkk7KidTpZU=,ZwSo04SjsdHXmXZFEzX3yBeLZtY=
-112,36,O1FkKRQGJIKIJTH/pkk7KidTpZU=,ZwSo04SjsdHXmXZFEzX3yBeLZtY=
-112,41,O1FkKRQGJIKIJTH/pkk7KidTpZU=,Mm0YEc1cULwJpmFtJFAoxXTYHIg=
-111,38,O1FkKRQGJIKIJTH/pkk7KidTpZU=,ZwSo04SjsdHXmXZFEzX3yBeLZtY=
-112,39,O1FkKRQGJIKIJTH/pkk7KidTpZU=,ZwSo04SjsdHXmXZFEzX3yBeLZtY=
-112,38,O1FkKRQGJIKIJTH/pkk7KidTpZU=,ZwSo04SjsdHXmXZFEzX3yBeLZtY=
-112,37,O1FkKRQGJIKIJTH/pkk7KidTpZU=,ZwSo04SjsdHXmXZFEzX3yBeLZtY=
-112,40,O1FkKRQGJIKIJTH/pkk7KidTpZU=,Mm0YEc1cULwJpmFtJFAoxXTYHIg=
-112,35,O1FkKRQGJIKIJTH/pkk7KidTpZU=,9SDwv9X8JJ8wRUq/e1tqybilrRA=
-111,37,O1FkKRQGJIKIJTH/pkk7KidTpZU=,ZwSo04SjsdHXmXZFEzX3yBeLZtY=
