6,68,OOtQX5UbzSHhKLrNBHWFWXgVG6c=,OlETqYlcGntKzC66iNilASxEKWo=
9,69,OOtQX5UbzSHhKLrNBHWFWXgVG6c=,RTCuvHfkTC62kKbpDvrO4sXGUZk=
7,69,OOtQX5UbzSHhKLrNBHWFWXgVG6c=,OlETqYlcGntKzC66iNilASxEKWo=
8,69,OOtQX5UbzSHhKLrNBHWFWXgVG6c=,RTCuvHfkTC62kKbpDvrO4sXGUZk=
7,68,OOtQX5UbzSHhKLrNBHWFWXgVG6c=,OlETqYlcGntKzC66iNilASxEKWo=
8,68,OOtQX5UbzSHhKLrNBHWFWXgVG6c=,RTCuvHfkTC62kKbpDvrO4sXGUZk=
9,68,OOtQX5UbzSHhKLrNBHWFWXgVG6c=,RTCuvHfkTC62kKbpDvrO4sXGUZk=
6,67,OOtQX5UbzSHhKLrNBHWFWXgVG6c=,ebZXlj/WkJtHn3x4zP4Fv2X1Wbw=
7,67,OOtQX5UbzSHhKLrNBHWFWXgVG6c=,ebZXlj/WkJtHn3x4zP4Fv2X1Wbw=
7,66,OOtQX5UbzSHhKLrNBHWFWXgVG6c=,ebZXlj/WkJtHn3x4zP4Fv2X1Wbw=
6,66,OOtQX5UbzSHhKLrNBHWFWXgVG6c=,ebZXlj/WkJtHn3x4zP4Fv2X1Wbw=
8,66,OOtQX5UbzSHhKLrNBHWFWXgVG6c=,TIwpsVd80+7XReC2bIJoizkzOQU=
8,67,OOtQX5UbzSHhKLrNBHWFWXgVG6c=,TIwpsVd80+7XReC2bIJoizkzOQU=
9,66,OOtQX5UbzSHhKLrNBHWFWXgVG6c=,TIwpsVd80+7XReC2bIJoizkzOQU=
6,69,OOtQX5UbzSHhKLrNBHWFWXgVG6c=,OlETqYlcGntKzC66iNilASxEKWo=
9,67,OOtQX5UbzSHhKLrNBHWFWXgVG6c=,TIwpsVd80+7XReC2bIJoizkzOQU=
11,68,d+DPhh2GTSzs26gZcPtZV66vQ5E=,RTCuvHfkTC62kKbpDvrO4sXGUZk=
10,69,d+DPhh2GTSzs26gZcPtZV66vQ5E=,RTCuvHfkTC62kKbpDvrO4sXGUZk=
10,68,d+DPhh2GTSzs26gZcPtZV66vQ5E=,RTCuvHfkTC62kKbpDvrO4sXGUZk=
10,67,d+DPhh2GTSzs26gZcPtZV66vQ5E=,TIwpsVd80+7XReC2bIJoizkzOQU=
11,67,d+DPhh2GTSzs26gZcPtZV66vQ5E=,TIwpsVd80+7XReC2bIJoizkzOQU=
11,69,d+DPhh2GTSzs26gZcPtZV66vQ5E=,RTCuvHfkTC62kKbpDvrO4sXGUZk=
10,66,d+DPhh2GTSzs26gZcPtZV66vQ5E=,TIwpsVd80+7XReC2bIJoizkzOQU=
12,66,bVVlZFgTEkqx8OAb9CnkDeREpbE=,M82znIEw/yZRPvuX10d6WKgdu1w=
13,69,bVVlZFgTEkqx8OAb9CnkDeREpbE=,JjDQOzT+/BDiWGHRj5i/5jXSgfs=
4,67,bVVlZFgTEkqx8OAb9CnkDeREpbE=,ebZXlj/WkJtHn3x4zP4Fv2X1Wbw=
12,69,bVVlZFgTEkqx8OAb9CnkDeREpbE=,JjDQOzT+/BDiWGHRj5i/5jXSgfs=
12,68,bVVlZFgTEkqx8OAb9CnkDeREpbE=,JjDQOzT+/BDiWGHRj5i/5jXSgfs=
13,68,bVVlZFgTEkqx8OAb9CnkDeREpbE=,JjDQOzT+/BDiWGHRj5i/5jXSgfs=
11,66,bVVlZFgTEkqx8OAb9CnkDeREpbE=,TIwpsVd80+7XReC2bIJoizkzOQU=
4,68,bVVlZFgTEkqx8OAb9CnkDeREpbE=,OlETqYlcGntKzC66iNilASxEKWo=
4,69,bVVlZFgTEkqx8OAb9CnkDeREpbE=,OlETqYlcGntKzC66iNilASxEKWo=
3,67,bVVlZFgTEkqx8OAb9CnkDeREpbE=,Olx7B/mRvIQ1KiGoxvf5VJL+XQk=
3,68,bVVlZFgTEkqx8OAb9CnkDeREpbE=,W8q+wqDUguRktR5thH6XuSAryOU=
2,67,bVVlZFgTEkqx8OAb9CnkDeREpbE=,Olx7B/mRvIQ1KiGoxvf5VJL+XQk=
13,66,bVVlZFgTEkqx8OAb9CnkDeREpbE=,M82znIEw/yZRPvuX10d6WKgdu1w=
4,66,bVVlZFgTEkqx8OAb9CnkDeREpbE=,ebZXlj/WkJtHn3x4zP4Fv2X1Wbw=
3,69,bVVlZFgTEkqx8OAb9CnkDeREpbE=,W8q+wqDUguRktR5thH6XuSAryOU=
3,66,bVVlZFgTEkqx8OAb9CnkDeREpbE=,Olx7B/mRvIQ1KiGoxvf5VJL+XQk=
12,67,bVVlZFgTEkqx8OAb9CnkDeREpbE=,M82znIEw/yZRPvuX10d6WKgdu1w=
2,66,bVVlZFgTEkqx8OAb9CnkDeREpbE=,Olx7B/mRvIQ1KiGoxvf5VJL+XQk=
2,68,bVVlZFgTEkqx8OAb9CnkDeREpbE=,W8q+wqDUguRktR5thH6XuSAryOU=
5,68,bVVlZFgTEkqx8OAb9CnkDeREpbE=,OlETqYlcGntKzC66iNilASxEKWo=
5,66,bVVlZFgTEkqx8OAb9CnkDeREpbE=,ebZXlj/WkJtHn3x4zP4Fv2X1Wbw=
13,67,bVVlZFgTEkqx8OAb9CnkDeREpbE=,M82znIEw/yZRPvuX10d6WKgdu1w=
2,69,bVVlZFgTEkqx8OAb9CnkDeREpbE=,W8q+wqDUguRktR5thH6XuSAryOU=
5,69,bVVlZFgTEkqx8OAb9CnkDeREpbE=,OlETqYlcGntKzC66iNilASxEKWo=
5,67,bVVlZFgTEkqx8OAb9CnkDeREpbE=,ebZXlj/WkJtHn3x4zP4Fv2X1Wbw=
0,67,bVVlZFgTEkqx8OAb9CnkDeREpbE=,Olx7B/mRvIQ1KiGoxvf5VJL+XQk=
0,69,bVVlZFgTEkqx8OAb9CnkDeREpbE=,W8q+wqDUguRktR5thH6XuSAryOU=
0,66,bVVlZFgTEkqx8OAb9CnkDeREpbE=,Olx7B/mRvIQ1KiGoxvf5VJL+XQk=
1,67,bVVlZFgTEkqx8OAb9CnkDeREpbE=,Olx7B/mRvIQ1KiGoxvf5VJL+XQk=
1,68,bVVlZFgTEkqx8OAb9CnkDeREpbE=,W8q+wqDUguRktR5thH6XuSAryOU=
0,68,bVVlZFgTEkqx8OAb9CnkDeREpbE=,W8q+wqDUguRktR5thH6XuSAryOU=
1,69,bVVlZFgTEkqx8OAb9CnkDeREpbE=,W8q+wqDUguRktR5thH6XuSAryOU=
1,66,bVVlZFgTEkqx8OAb9CnkDeREpbE=,Olx7B/mRvIQ1KiGoxvf5VJL+XQk=
2,64,bVVlZFgTEkqx8OAb9CnkDeREpbE=,Olx7B/mRvIQ1KiGoxvf5VJL+XQk=
3,64,bVVlZFgTEkqx8OAb9CnkDeREpbE=,Olx7B/mRvIQ1KiGoxvf5VJL+XQk=
3,65,bVVlZFgTEkqx8OAb9CnkDeREpbE=,Olx7B/mRvIQ1KiGoxvf5VJL+XQk=
2,65,bVVlZFgTEkqx8OAb9CnkDeREpbE=,Olx7B/mRvIQ1KiGoxvf5VJL+XQk=
5,65,bVVlZFgTEkqx8OAb9CnkDeREpbE=,ebZXlj/WkJtHn3x4zP4Fv2X1Wbw=
4,64,bVVlZFgTEkqx8OAb9CnkDeREpbE=,ebZXlj/WkJtHn3x4zP4Fv2X1Wbw=
5,64,bVVlZFgTEkqx8OAb9CnkDeREpbE=,ebZXlj/WkJtHn3x4zP4Fv2X1Wbw=
4,65,bVVlZFgTEkqx8OAb9CnkDeREpbE=,ebZXlj/WkJtHn3x4zP4Fv2X1Wbw=
13,71,AKAOknsg5s63A+ehTB6WLexgPkQ=,JjDQOzT+/BDiWGHRj5i/5jXSgfs=
6,64,AKAOknsg5s63A+ehTB6WLexgPkQ=,ebZXlj/WkJtHn3x4zP4Fv2X1Wbw=
13,70,AKAOknsg5s63A+ehTB6WLexgPkQ=,JjDQOzT+/BDiWGHRj5i/5jXSgfs=
12,70,AKAOknsg5s63A+ehTB6WLexgPkQ=,JjDQOzT+/BDiWGHRj5i/5jXSgfs=
9,64,AKAOknsg5s63A+ehTB6WLexgPkQ=,TIwpsVd80+7XReC2bIJoizkzOQU=
12,71,AKAOknsg5s63A+ehTB6WLexgPkQ=,JjDQOzT+/BDiWGHRj5i/5jXSgfs=
10,71,AKAOknsg5s63A+ehTB6WLexgPkQ=,RTCuvHfkTC62kKbpDvrO4sXGUZk=
7,64,AKAOknsg5s63A+ehTB6WLexgPkQ=,ebZXlj/WkJtHn3x4zP4Fv2X1Wbw=
11,64,AKAOknsg5s63A+ehTB6WLexgPkQ=,TIwpsVd80+7XReC2bIJoizkzOQU=
10,70,AKAOknsg5s63A+ehTB6WLexgPkQ=,RTCuvHfkTC62kKbpDvrO4sXGUZk=
8,71,AKAOknsg5s63A+ehTB6WLexgPkQ=,RTCuvHfkTC62kKbpDvrO4sXGUZk=
11,70,AKAOknsg5s63A+ehTB6WLexgPkQ=,RTCuvHfkTC62kKbpDvrO4sXGUZk=
11,71,AKAOknsg5s63A+ehTB6WLexgPkQ=,RTCuvHfkTC62kKbpDvrO4sXGUZk=
6,65,AKAOknsg5s63A+ehTB6WLexgPkQ=,ebZXlj/WkJtHn3x4zP4Fv2X1Wbw=
13,64,AKAOknsg5s63A+ehTB6WLexgPkQ=,M82znIEw/yZRPvuX10d6WKgdu1w=
9,71,AKAOknsg5s63A+ehTB6WLexgPkQ=,RTCuvHfkTC62kKbpDvrO4sXGUZk=
8,65,AKAOknsg5s63A+ehTB6WLexgPkQ=,TIwpsVd80+7XReC2bIJoizkzOQU=
7,65,AKAOknsg5s63A+ehTB6WLexgPkQ=,ebZXlj/WkJtHn3x4zP4Fv2X1Wbw=
8,64,AKAOknsg5s63A+ehTB6WLexgPkQ=,TIwpsVd80+7XReC2bIJoizkzOQU=
9,65,AKAOknsg5s63A+ehTB6WLexgPkQ=,TIwpsVd80+7XReC2bIJoizkzOQU=
8,70,AKAOknsg5s63A+ehTB6WLexgPkQ=,RTCuvHfkTC62kKbpDvrO4sXGUZk=
10,64,AKAOknsg5s63A+ehTB6WLexgPkQ=,TIwpsVd80+7XReC2bIJoizkzOQU=
9,70,AKAOknsg5s63A+ehTB6WLexgPkQ=,RTCuvHfkTC62kKbpDvrO4sXGUZk=
4,71,AKAOknsg5s63A+ehTB6WLexgPkQ=,OlETqYlcGntKzC66iNilASxEKWo=
11,65,AKAOknsg5s63A+ehTB6WLexgPkQ=,TIwpsVd80+7XReC2bIJoizkzOQU=
7,71,AKAOknsg5s63A+ehTB6WLexgPkQ=,OlETqYlcGntKzC66iNilASxEKWo=
3,71,AKAOknsg5s63A+ehTB6WLexgPkQ=,W8q+wqDUguRktR5thH6XuSAryOU=
12,65,AKAOknsg5s63A+ehTB6WLexgPkQ=,M82znIEw/yZRPvuX10d6WKgdu1w=
6,70,AKAOknsg5s63A+ehTB6WLexgPkQ=,OlETqYlcGntKzC66iNilASxEKWo=
1,71,AKAOknsg5s63A+ehTB6WLexgPkQ=,W8q+wqDUguRktR5thH6XuSAryOU=
6,71,AKAOknsg5s63A+ehTB6WLexgPkQ=,OlETqYlcGntKzC66iNilASxEKWo=
7,70,AKAOknsg5s63A+ehTB6WLexgPkQ=,OlETqYlcGntKzC66iNilASxEKWo=
0,71,AKAOknsg5s63A+ehTB6WLexgPkQ=,W8q+wqDUguRktR5thH6XuSAryOU=
1,70,AKAOknsg5s63A+ehTB6WLexgPkQ=,W8q+wqDUguRktR5thH6XuSAryOU=
0,70,AKAOknsg5s63A+ehTB6WLexgPkQ=,W8q+wqDUguRktR5thH6XuSAryOU=
5,71,AKAOknsg5s63A+ehTB6WLexgPkQ=,OlETqYlcGntKzC66iNilASxEKWo=
5,70,AKAOknsg5s63A+ehTB6WLexgPkQ=,OlETqYlcGntKzC66iNilASxEKWo=
3,70,AKAOknsg5s63A+ehTB6WLexgPkQ=,W8q+wqDUguRktR5thH6XuSAryOU=
10,65,AKAOknsg5s63A+ehTB6WLexgPkQ=,TIwpsVd80+7XReC2bIJoizkzOQU=
2,71,AKAOknsg5s63A+ehTB6WLexgPkQ=,W8q+wqDUguRktR5thH6XuSAryOU=
4,70,AKAOknsg5s63A+ehTB6WLexgPkQ=,OlETqYlcGntKzC66iNilASxEKWo=
2,70,AKAOknsg5s63A+ehTB6WLexgPkQ=,W8q+wqDUguRktR5thH6XuSAryOU=
12,64,AKAOknsg5s63A+ehTB6WLexgPkQ=,M82znIEw/yZRPvuX10d6WKgdu1w=
13,65,AKAOknsg5s63A+ehTB6WLexgPkQ=,M82znIEw/yZRPvuX10d6WKgdu1w=
15,71,AKAOknsg5s63A+ehTB6WLexgPkQ=,JjDQOzT+/BDiWGHRj5i/5jXSgfs=
14,71,AKAOknsg5s63A+ehTB6WLexgPkQ=,JjDQOzT+/BDiWGHRj5i/5jXSgfs=
14,69,AKAOknsg5s63A+ehTB6WLexgPkQ=,JjDQOzT+/BDiWGHRj5i/5jXSgfs=
15,69,AKAOknsg5s63A+ehTB6WLexgPkQ=,JjDQOzT+/BDiWGHRj5i/5jXSgfs=
15,70,AKAOknsg5s63A+ehTB6WLexgPkQ=,JjDQOzT+/BDiWGHRj5i/5jXSgfs=
14,70,AKAOknsg5s63A+ehTB6WLexgPkQ=,JjDQOzT+/BDiWGHRj5i/5jXSgfs=
15,68,AKAOknsg5s63A+ehTB6WLexgPkQ=,JjDQOzT+/BDiWGHRj5i/5jXSgfs=
15,67,AKAOknsg5s63A+ehTB6WLexgPkQ=,M82znIEw/yZRPvuX10d6WKgdu1w=
14,68,AKAOknsg5s63A+ehTB6WLexgPkQ=,JjDQOzT+/BDiWGHRj5i/5jXSgfs=
14,67,AKAOknsg5s63A+ehTB6WLexgPkQ=,M82znIEw/yZRPvuX10d6WKgdu1w=
14,66,AKAOknsg5s63A+ehTB6WLexgPkQ=,M82znIEw/yZRPvuX10d6WKgdu1w=
15,66,AKAOknsg5s63A+ehTB6WLexgPkQ=,M82znIEw/yZRPvuX10d6WKgdu1w=
15,64,AKAOknsg5s63A+ehTB6WLexgPkQ=,M82znIEw/yZRPvuX10d6WKgdu1w=
1,65,AKAOknsg5s63A+ehTB6WLexgPkQ=,Olx7B/mRvIQ1KiGoxvf5VJL+XQk=
14,64,AKAOknsg5s63A+ehTB6WLexgPkQ=,M82znIEw/yZRPvuX10d6WKgdu1w=
15,65,AKAOknsg5s63A+ehTB6WLexgPkQ=,M82znIEw/yZRPvuX10d6WKgdu1w=
1,64,AKAOknsg5s63A+ehTB6WLexgPkQ=,Olx7B/mRvIQ1KiGoxvf5VJL+XQk=
0,64,AKAOknsg5s63A+ehTB6WLexgPkQ=,Olx7B/mRvIQ1KiGoxvf5VJL+XQk=
0,65,AKAOknsg5s63A+ehTB6WLexgPkQ=,Olx7B/mRvIQ1KiGoxvf5VJL+XQk=
14,65,AKAOknsg5s63A+ehTB6WLexgPkQ=,M82znIEw/yZRPvuX10d6WKgdu1w=
24,68,fZ3xbm7/akLohSNGwqwmQ/sSVZk=,5M95v82uaRbF4U/KYpRJpTAmxnQ=
22,69,fZ3xbm7/akLohSNGwqwmQ/sSVZk=,61/+CjwYjEkaLyl8Zl2oaYkiT9k=
22,68,fZ3xbm7/akLohSNGwqwmQ/sSVZk=,61/+CjwYjEkaLyl8Zl2oaYkiT9k=
23,69,fZ3xbm7/akLohSNGwqwmQ/sSVZk=,61/+CjwYjEkaLyl8Zl2oaYkiT9k=
25,68,fZ3xbm7/akLohSNGwqwmQ/sSVZk=,5M95v82uaRbF4U/KYpRJpTAmxnQ=
25,69,fZ3xbm7/akLohSNGwqwmQ/sSVZk=,5M95v82uaRbF4U/KYpRJpTAmxnQ=
23,67,fZ3xbm7/akLohSNGwqwmQ/sSVZk=,Grnpfzg9d70ikqwuE2gJZ9u2gms=
23,66,fZ3xbm7/akLohSNGwqwmQ/sSVZk=,Grnpfzg9d70ikqwuE2gJZ9u2gms=
22,66,fZ3xbm7/akLohSNGwqwmQ/sSVZk=,Grnpfzg9d70ikqwuE2gJZ9u2gms=
22,67,fZ3xbm7/akLohSNGwqwmQ/sSVZk=,Grnpfzg9d70ikqwuE2gJZ9u2gms=
23,68,fZ3xbm7/akLohSNGwqwmQ/sSVZk=,61/+CjwYjEkaLyl8Zl2oaYkiT9k=
25,66,fZ3xbm7/akLohSNGwqwmQ/sSVZk=,9GQbFSkYE/jF4+AgNDcKuSYTHY4=
24,66,fZ3xbm7/akLohSNGwqwmQ/sSVZk=,9GQbFSkYE/jF4+AgNDcKuSYTHY4=
25,67,fZ3xbm7/akLohSNGwqwmQ/sSVZk=,9GQbFSkYE/jF4+AgNDcKuSYTHY4=
24,67,fZ3xbm7/akLohSNGwqwmQ/sSVZk=,9GQbFSkYE/jF4+AgNDcKuSYTHY4=
24,69,fZ3xbm7/akLohSNGwqwmQ/sSVZk=,5M95v82uaRbF4U/KYpRJpTAmxnQ=
19,70,vRCeomWObZbhV4ST93Bz46V9oxo=,/No1a+mLEVOYHWPDjkPJi6sejSM=
18,71,vRCeomWObZbhV4ST93Bz46V9oxo=,/No1a+mLEVOYHWPDjkPJi6sejSM=
20,70,vRCeomWObZbhV4ST93Bz46V9oxo=,61/+CjwYjEkaLyl8Zl2oaYkiT9k=
21,70,vRCeomWObZbhV4ST93Bz46V9oxo=,61/+CjwYjEkaLyl8Zl2oaYkiT9k=
19,71,vRCeomWObZbhV4ST93Bz46V9oxo=,/No1a+mLEVOYHWPDjkPJi6sejSM=
21,71,vRCeomWObZbhV4ST93Bz46V9oxo=,61/+CjwYjEkaLyl8Zl2oaYkiT9k=
18,70,vRCeomWObZbhV4ST93Bz46V9oxo=,/No1a+mLEVOYHWPDjkPJi6sejSM=
26,68,vRCeomWObZbhV4ST93Bz46V9oxo=,5M95v82uaRbF4U/KYpRJpTAmxnQ=
27,68,vRCeomWObZbhV4ST93Bz46V9oxo=,5M95v82uaRbF4U/KYpRJpTAmxnQ=
27,69,vRCeomWObZbhV4ST93Bz46V9oxo=,5M95v82uaRbF4U/KYpRJpTAmxnQ=
26,69,vRCeomWObZbhV4ST93Bz46V9oxo=,5M95v82uaRbF4U/KYpRJpTAmxnQ=
29,66,vRCeomWObZbhV4ST93Bz46V9oxo=,olIoBnPh5rgAejGuip2W0dZ/cEo=
29,68,vRCeomWObZbhV4ST93Bz46V9oxo=,w6sx69FTZwWMwaRfiF/+zosY154=
26,66,vRCeomWObZbhV4ST93Bz46V9oxo=,9GQbFSkYE/jF4+AgNDcKuSYTHY4=
28,66,vRCeomWObZbhV4ST93Bz46V9oxo=,olIoBnPh5rgAejGuip2W0dZ/cEo=
28,69,vRCeomWObZbhV4ST93Bz46V9oxo=,w6sx69FTZwWMwaRfiF/+zosY154=
26,67,vRCeomWObZbhV4ST93Bz46V9oxo=,9GQbFSkYE/jF4+AgNDcKuSYTHY4=
28,67,vRCeomWObZbhV4ST93Bz46V9oxo=,olIoBnPh5rgAejGuip2W0dZ/cEo=
28,68,vRCeomWObZbhV4ST93Bz46V9oxo=,w6sx69FTZwWMwaRfiF/+zosY154=
27,66,vRCeomWObZbhV4ST93Bz46V9oxo=,9GQbFSkYE/jF4+AgNDcKuSYTHY4=
29,69,vRCeomWObZbhV4ST93Bz46V9oxo=,w6sx69FTZwWMwaRfiF/+zosY154=
20,71,vRCeomWObZbhV4ST93Bz46V9oxo=,61/+CjwYjEkaLyl8Zl2oaYkiT9k=
29,67,vRCeomWObZbhV4ST93Bz46V9oxo=,olIoBnPh5rgAejGuip2W0dZ/cEo=
27,67,vRCeomWObZbhV4ST93Bz46V9oxo=,9GQbFSkYE/jF4+AgNDcKuSYTHY4=
19,68,vRCeomWObZbhV4ST93Bz46V9oxo=,/No1a+mLEVOYHWPDjkPJi6sejSM=
21,69,vRCeomWObZbhV4ST93Bz46V9oxo=,61/+CjwYjEkaLyl8Zl2oaYkiT9k=
21,68,vRCeomWObZbhV4ST93Bz46V9oxo=,61/+CjwYjEkaLyl8Zl2oaYkiT9k=
18,69,vRCeomWObZbhV4ST93Bz46V9oxo=,/No1a+mLEVOYHWPDjkPJi6sejSM=
20,68,vRCeomWObZbhV4ST93Bz46V9oxo=,61/+CjwYjEkaLyl8Zl2oaYkiT9k=
20,69,vRCeomWObZbhV4ST93Bz46V9oxo=,61/+CjwYjEkaLyl8Zl2oaYkiT9k=
19,69,vRCeomWObZbhV4ST93Bz46V9oxo=,/No1a+mLEVOYHWPDjkPJi6sejSM=
18,68,vRCeomWObZbhV4ST93Bz46V9oxo=,/No1a+mLEVOYHWPDjkPJi6sejSM=
21,66,vRCeomWObZbhV4ST93Bz46V9oxo=,Grnpfzg9d70ikqwuE2gJZ9u2gms=
18,66,vRCeomWObZbhV4ST93Bz46V9oxo=,4sUriIrp3e7C2ZpgPnY/kju8AFU=
20,66,vRCeomWObZbhV4ST93Bz46V9oxo=,Grnpfzg9d70ikqwuE2gJZ9u2gms=
19,66,vRCeomWObZbhV4ST93Bz46V9oxo=,4sUriIrp3e7C2ZpgPnY/kju8AFU=
20,67,vRCeomWObZbhV4ST93Bz46V9oxo=,Grnpfzg9d70ikqwuE2gJZ9u2gms=
19,67,vRCeomWObZbhV4ST93Bz46V9oxo=,4sUriIrp3e7C2ZpgPnY/kju8AFU=
18,67,vRCeomWObZbhV4ST93Bz46V9oxo=,4sUriIrp3e7C2ZpgPnY/kju8AFU=
21,67,vRCeomWObZbhV4ST93Bz46V9oxo=,Grnpfzg9d70ikqwuE2gJZ9u2gms=
30,68,5fuWXEiGxaNLS/QyCjNMiLf71ow=,w6sx69FTZwWMwaRfiF/+zosY154=
31,68,5fuWXEiGxaNLS/QyCjNMiLf71ow=,w6sx69FTZwWMwaRfiF/+zosY154=
30,66,5fuWXEiGxaNLS/QyCjNMiLf71ow=,olIoBnPh5rgAejGuip2W0dZ/cEo=
31,67,5fuWXEiGxaNLS/QyCjNMiLf71ow=,olIoBnPh5rgAejGuip2W0dZ/cEo=
31,69,5fuWXEiGxaNLS/QyCjNMiLf71ow=,w6sx69FTZwWMwaRfiF/+zosY154=
31,66,5fuWXEiGxaNLS/QyCjNMiLf71ow=,olIoBnPh5rgAejGuip2W0dZ/cEo=
30,69,5fuWXEiGxaNLS/QyCjNMiLf71ow=,w6sx69FTZwWMwaRfiF/+zosY154=
30,67,5fuWXEiGxaNLS/QyCjNMiLf71ow=,olIoBnPh5rgAejGuip2W0dZ/cEo=
18,64,5fuWXEiGxaNLS/QyCjNMiLf71ow=,4sUriIrp3e7C2ZpgPnY/kju8AFU=
19,64,5fuWXEiGxaNLS/QyCjNMiLf71ow=,4sUriIrp3e7C2ZpgPnY/kju8AFU=
20,64,5fuWXEiGxaNLS/QyCjNMiLf71ow=,Grnpfzg9d70ikqwuE2gJZ9u2gms=
21,64,5fuWXEiGxaNLS/QyCjNMiLf71ow=,Grnpfzg9d70ikqwuE2gJZ9u2gms=
21,65,5fuWXEiGxaNLS/QyCjNMiLf71ow=,Grnpfzg9d70ikqwuE2gJZ9u2gms=
18,65,5fuWXEiGxaNLS/QyCjNMiLf71ow=,4sUriIrp3e7C2ZpgPnY/kju8AFU=
19,65,5fuWXEiGxaNLS/QyCjNMiLf71ow=,4sUriIrp3e7C2ZpgPnY/kju8AFU=
20,65,5fuWXEiGxaNLS/QyCjNMiLf71ow=,Grnpfzg9d70ikqwuE2gJZ9u2gms=
23,64,5fuWXEiGxaNLS/QyCjNMiLf71ow=,Grnpfzg9d70ikqwuE2gJZ9u2gms=
25,71,5fuWXEiGxaNLS/QyCjNMiLf71ow=,5M95v82uaRbF4U/KYpRJpTAmxnQ=
25,64,5fuWXEiGxaNLS/QyCjNMiLf71ow=,9GQbFSkYE/jF4+AgNDcKuSYTHY4=
22,71,5fuWXEiGxaNLS/QyCjNMiLf71ow=,61/+CjwYjEkaLyl8Zl2oaYkiT9k=
23,71,5fuWXEiGxaNLS/QyCjNMiLf71ow=,61/+CjwYjEkaLyl8Zl2oaYkiT9k=
23,70,5fuWXEiGxaNLS/QyCjNMiLf71ow=,61/+CjwYjEkaLyl8Zl2oaYkiT9k=
22,70,5fuWXEiGxaNLS/QyCjNMiLf71ow=,61/+CjwYjEkaLyl8Zl2oaYkiT9k=
24,71,5fuWXEiGxaNLS/QyCjNMiLf71ow=,5M95v82uaRbF4U/KYpRJpTAmxnQ=
24,64,5fuWXEiGxaNLS/QyCjNMiLf71ow=,9GQbFSkYE/jF4+AgNDcKuSYTHY4=
25,65,5fuWXEiGxaNLS/QyCjNMiLf71ow=,9GQbFSkYE/jF4+AgNDcKuSYTHY4=
27,65,NNBPRkvLCz2kxYKXGzdZ6vCXDqk=,9GQbFSkYE/jF4+AgNDcKuSYTHY4=
29,65,NNBPRkvLCz2kxYKXGzdZ6vCXDqk=,olIoBnPh5rgAejGuip2W0dZ/cEo=
26,65,NNBPRkvLCz2kxYKXGzdZ6vCXDqk=,9GQbFSkYE/jF4+AgNDcKuSYTHY4=
22,64,NNBPRkvLCz2kxYKXGzdZ6vCXDqk=,Grnpfzg9d70ikqwuE2gJZ9u2gms=
24,65,NNBPRkvLCz2kxYKXGzdZ6vCXDqk=,9GQbFSkYE/jF4+AgNDcKuSYTHY4=
30,64,NNBPRkvLCz2kxYKXGzdZ6vCXDqk=,olIoBnPh5rgAejGuip2W0dZ/cEo=
26,64,NNBPRkvLCz2kxYKXGzdZ6vCXDqk=,9GQbFSkYE/jF4+AgNDcKuSYTHY4=
29,64,NNBPRkvLCz2kxYKXGzdZ6vCXDqk=,olIoBnPh5rgAejGuip2W0dZ/cEo=
28,64,NNBPRkvLCz2kxYKXGzdZ6vCXDqk=,olIoBnPh5rgAejGuip2W0dZ/cEo=
28,65,NNBPRkvLCz2kxYKXGzdZ6vCXDqk=,olIoBnPh5rgAejGuip2W0dZ/cEo=
24,70,NNBPRkvLCz2kxYKXGzdZ6vCXDqk=,5M95v82uaRbF4U/KYpRJpTAmxnQ=
31,65,NNBPRkvLCz2kxYKXGzdZ6vCXDqk=,olIoBnPh5rgAejGuip2W0dZ/cEo=
27,64,NNBPRkvLCz2kxYKXGzdZ6vCXDqk=,9GQbFSkYE/jF4+AgNDcKuSYTHY4=
25,70,NNBPRkvLCz2kxYKXGzdZ6vCXDqk=,5M95v82uaRbF4U/KYpRJpTAmxnQ=
30,65,NNBPRkvLCz2kxYKXGzdZ6vCXDqk=,olIoBnPh5rgAejGuip2W0dZ/cEo=
22,65,NNBPRkvLCz2kxYKXGzdZ6vCXDqk=,Grnpfzg9d70ikqwuE2gJZ9u2gms=
31,64,NNBPRkvLCz2kxYKXGzdZ6vCXDqk=,olIoBnPh5rgAejGuip2W0dZ/cEo=
23,65,NNBPRkvLCz2kxYKXGzdZ6vCXDqk=,Grnpfzg9d70ikqwuE2gJZ9u2gms=
17,64,NNBPRkvLCz2kxYKXGzdZ6vCXDqk=,4sUriIrp3e7C2ZpgPnY/kju8AFU=
16,64,NNBPRkvLCz2kxYKXGzdZ6vCXDqk=,4sUriIrp3e7C2ZpgPnY/kju8AFU=
26,71,NNBPRkvLCz2kxYKXGzdZ6vCXDqk=,5M95v82uaRbF4U/KYpRJpTAmxnQ=
16,65,NNBPRkvLCz2kxYKXGzdZ6vCXDqk=,4sUriIrp3e7C2ZpgPnY/kju8AFU=
27,71,NNBPRkvLCz2kxYKXGzdZ6vCXDqk=,5M95v82uaRbF4U/KYpRJpTAmxnQ=
29,70,NNBPRkvLCz2kxYKXGzdZ6vCXDqk=,w6sx69FTZwWMwaRfiF/+zosY154=
29,71,NNBPRkvLCz2kxYKXGzdZ6vCXDqk=,w6sx69FTZwWMwaRfiF/+zosY154=
27,70,NNBPRkvLCz2kxYKXGzdZ6vCXDqk=,5M95v82uaRbF4U/KYpRJpTAmxnQ=
17,65,NNBPRkvLCz2kxYKXGzdZ6vCXDqk=,4sUriIrp3e7C2ZpgPnY/kju8AFU=
28,71,NNBPRkvLCz2kxYKXGzdZ6vCXDqk=,w6sx69FTZwWMwaRfiF/+zosY154=
26,70,NNBPRkvLCz2kxYKXGzdZ6vCXDqk=,5M95v82uaRbF4U/KYpRJpTAmxnQ=
31,71,NNBPRkvLCz2kxYKXGzdZ6vCXDqk=,w6sx69FTZwWMwaRfiF/+zosY154=
31,70,NNBPRkvLCz2kxYKXGzdZ6vCXDqk=,w6sx69FTZwWMwaRfiF/+zosY154=
30,70,NNBPRkvLCz2kxYKXGzdZ6vCXDqk=,w6sx69FTZwWMwaRfiF/+zosY154=
30,71,NNBPRkvLCz2kxYKXGzdZ6vCXDqk=,w6sx69FTZwWMwaRfiF/+zosY154=
28,70,NNBPRkvLCz2kxYKXGzdZ6vCXDqk=,w6sx69FTZwWMwaRfiF/+zosY154=
17,71,NNBPRkvLCz2kxYKXGzdZ6vCXDqk=,/No1a+mLEVOYHWPDjkPJi6sejSM=
17,69,NNBPRkvLCz2kxYKXGzdZ6vCXDqk=,/No1a+mLEVOYHWPDjkPJi6sejSM=
16,71,NNBPRkvLCz2kxYKXGzdZ6vCXDqk=,/No1a+mLEVOYHWPDjkPJi6sejSM=
16,70,NNBPRkvLCz2kxYKXGzdZ6vCXDqk=,/No1a+mLEVOYHWPDjkPJi6sejSM=
16,69,NNBPRkvLCz2kxYKXGzdZ6vCXDqk=,/No1a+mLEVOYHWPDjkPJi6sejSM=
17,70,NNBPRkvLCz2kxYKXGzdZ6vCXDqk=,/No1a+mLEVOYHWPDjkPJi6sejSM=
16,68,NNBPRkvLCz2kxYKXGzdZ6vCXDqk=,/No1a+mLEVOYHWPDjkPJi6sejSM=
17,68,NNBPRkvLCz2kxYKXGzdZ6vCXDqk=,/No1a+mLEVOYHWPDjkPJi6sejSM=
17,67,NNBPRkvLCz2kxYKXGzdZ6vCXDqk=,4sUriIrp3e7C2ZpgPnY/kju8AFU=
16,67,NNBPRkvLCz2kxYKXGzdZ6vCXDqk=,4sUriIrp3e7C2ZpgPnY/kju8AFU=
17,66,NNBPRkvLCz2kxYKXGzdZ6vCXDqk=,4sUriIrp3e7C2ZpgPnY/kju8AFU=
16,66,NNBPRkvLCz2kxYKXGzdZ6vCXDqk=,4sUriIrp3e7C2ZpgPnY/kju8AFU=
